2026-02-24T20:48:57.227Z CLI info     Config : {"userName":"[REDACTED]","accessKey":"[REDACTED]","projectName":"EL Pais Opinion Scraper","buildName":"Selenium Multi Platform Run","buildIdentifier":"#${BUILD_NUMBER}","platforms":[{"os":"OS X","osVersion":"Ventura","browserName":"Chrome","browserVersion":"latest"},{"os":"Windows","osVersion":"11","browserName":"Edge","browserVersion":"latest"},{"os":"Windows","osVersion":"10","browserName":"Firefox","browserVersion":"latest"},{"deviceName":"Samsung Galaxy S22 Ultra","osVersion":"12.0","browserName":"chrome","realMobile":true},{"deviceName":"iPhone 14","osVersion":"16","browserName":"safari","realMobile":true}],"browserstackLocal":false,"debug":false,"networkLogs":false,"consoleLogs":"errors"}
2026-02-24T20:48:57.237Z CLI info     Should start debug utility: undefined
2026-02-24T20:48:57.240Z CLI info [testhub:module]  [avedantgajendrav_2nEZcf]   [22a6473b-f065-4b6b-8e9b-3d4c64722cf3]  Starting testhub from 26506:0
2026-02-24T20:48:57.242Z CLI info  [avedantgajendrav_2nEZcf]   [22a6473b-f065-4b6b-8e9b-3d4c64722cf3]  [PRODUCTION] Making POST request to https://sdk.browserstack.com
2026-02-24T20:48:57.244Z CLI info  [avedantgajendrav_2nEZcf]   [22a6473b-f065-4b6b-8e9b-3d4c64722cf3]  [PRODUCTION] Making GET request to https://hub.browserstack.com
2026-02-24T20:48:57.599Z CLI info  [avedantgajendrav_2nEZcf]   [22a6473b-f065-4b6b-8e9b-3d4c64722cf3]  [PRODUCTION] Making GET request to https://hub-aps.browserstack.com
2026-02-24T20:48:57.601Z CLI info  [avedantgajendrav_2nEZcf]   [22a6473b-f065-4b6b-8e9b-3d4c64722cf3]  [PRODUCTION] Making GET request to https://hub-euw.browserstack.com
2026-02-24T20:48:57.603Z CLI info  [avedantgajendrav_2nEZcf]   [22a6473b-f065-4b6b-8e9b-3d4c64722cf3]  [PRODUCTION] Making GET request to https://hub-apse.browserstack.com
2026-02-24T20:48:58.386Z CLI info [testhub:module]  [avedantgajendrav_2nEZcf]   [22a6473b-f065-4b6b-8e9b-3d4c64722cf3]  startBuild: response=pvbjgq8bqeso4qexpmq8odwozkt0yccoce4zqorn
2026-02-24T20:48:58.389Z CLI info  [avedantgajendrav_2nEZcf]  [pvbjgq8bqeso4qexpmq8odwozkt0yccoce4zqorn]  [22a6473b-f065-4b6b-8e9b-3d4c64722cf3]  [PRODUCTION] Making POST request to https://api.browserstack.com
2026-02-24T20:49:01.639Z CLI info  [avedantgajendrav_2nEZcf]  [pvbjgq8bqeso4qexpmq8odwozkt0yccoce4zqorn]  [22a6473b-f065-4b6b-8e9b-3d4c64722cf3]  [PRODUCTION] Making GET request to https://api.browserstack.com
2026-02-24T20:49:01.645Z CLI info  [avedantgajendrav_2nEZcf]  [pvbjgq8bqeso4qexpmq8odwozkt0yccoce4zqorn]  [22a6473b-f065-4b6b-8e9b-3d4c64722cf3]  [PRODUCTION] Making PUT request to https://collector-observability.browserstack.com
2026-02-24T20:49:02.933Z CLI info [testhub:module]  [avedantgajendrav_2nEZcf]  [pvbjgq8bqeso4qexpmq8odwozkt0yccoce4zqorn]  [22a6473b-f065-4b6b-8e9b-3d4c64722cf3]  stopBuild: pvbjgq8bqeso4qexpmq8odwozkt0yccoce4zqorn request={"finished_at":"2026-02-24T20:49:01.641Z","finished_metadata":[],"custom_metadata":null} response={"data":""}
2026-02-24T20:49:02.934Z CLI info  [avedantgajendrav_2nEZcf]  [pvbjgq8bqeso4qexpmq8odwozkt0yccoce4zqorn]  [22a6473b-f065-4b6b-8e9b-3d4c64722cf3]  [PRODUCTION] Making POST request to https://api.browserstack.com
2026-02-24T20:49:03.498Z CLI info [TEST REPORTING AND ANALYTICS:module]  [avedantgajendrav_2nEZcf]  [pvbjgq8bqeso4qexpmq8odwozkt0yccoce4zqorn]  [22a6473b-f065-4b6b-8e9b-3d4c64722cf3]  Visit https://automation.browserstack.com/builds/pvbjgq8bqeso4qexpmq8odwozkt0yccoce4zqorn to view build report, insights, and many more debugging information all at one place!
2026-02-24T20:49:03.520Z CLI info [main]  [avedantgajendrav_2nEZcf]  [pvbjgq8bqeso4qexpmq8odwozkt0yccoce4zqorn]  [22a6473b-f065-4b6b-8e9b-3d4c64722cf3]  Received graceful signal termination, performing cleanup
2026-02-24T20:58:06.810Z CLI info     Config : {"userName":"[REDACTED]","accessKey":"[REDACTED]","projectName":"EL Pais Opinion Scraper","buildName":"Selenium Multi Platform Run","buildIdentifier":"#${BUILD_NUMBER}","platforms":[{"os":"OS X","osVersion":"Ventura","browserName":"Chrome","browserVersion":"latest"},{"os":"Windows","osVersion":"11","browserName":"Edge","browserVersion":"latest"},{"os":"Windows","osVersion":"10","browserName":"Firefox","browserVersion":"latest"},{"deviceName":"Samsung Galaxy S22 Ultra","osVersion":"12.0","browserName":"chrome","realMobile":true},{"deviceName":"iPhone 14","osVersion":"16","browserName":"safari","realMobile":true}],"browserstackLocal":false,"debug":false,"networkLogs":false,"consoleLogs":"errors"}
2026-02-24T20:58:06.817Z CLI info     Should start debug utility: undefined
2026-02-24T20:58:06.821Z CLI info [testhub:module]  [vedantvankar_WD2nZN]   [3089ae52-d69f-4158-9fb3-ee50bb70a9d3]  Starting testhub from 27147:0
2026-02-24T20:58:06.822Z CLI info  [vedantvankar_WD2nZN]   [3089ae52-d69f-4158-9fb3-ee50bb70a9d3]  [PRODUCTION] Making POST request to https://sdk.browserstack.com
2026-02-24T20:58:06.825Z CLI info  [vedantvankar_WD2nZN]   [3089ae52-d69f-4158-9fb3-ee50bb70a9d3]  [PRODUCTION] Making GET request to https://hub.browserstack.com
2026-02-24T20:58:07.186Z CLI info  [vedantvankar_WD2nZN]   [3089ae52-d69f-4158-9fb3-ee50bb70a9d3]  [PRODUCTION] Making GET request to https://hub-aps.browserstack.com
2026-02-24T20:58:07.189Z CLI info  [vedantvankar_WD2nZN]   [3089ae52-d69f-4158-9fb3-ee50bb70a9d3]  [PRODUCTION] Making GET request to https://hub-euw.browserstack.com
2026-02-24T20:58:07.191Z CLI info  [vedantvankar_WD2nZN]   [3089ae52-d69f-4158-9fb3-ee50bb70a9d3]  [PRODUCTION] Making GET request to https://hub-apse.browserstack.com
2026-02-24T20:58:08.330Z CLI info [testhub:module]  [vedantvankar_WD2nZN]   [3089ae52-d69f-4158-9fb3-ee50bb70a9d3]  startBuild: response=28btoudaf6n1qdgfwd8ofaofjw6b7xjrbwjsbhom
2026-02-24T20:58:08.336Z CLI info  [vedantvankar_WD2nZN]  [28btoudaf6n1qdgfwd8ofaofjw6b7xjrbwjsbhom]  [3089ae52-d69f-4158-9fb3-ee50bb70a9d3]  [PRODUCTION] Making POST request to https://api.browserstack.com
2026-02-24T20:59:19.337Z CLI info  [vedantvankar_WD2nZN]  [28btoudaf6n1qdgfwd8ofaofjw6b7xjrbwjsbhom]  [3089ae52-d69f-4158-9fb3-ee50bb70a9d3]  [PRODUCTION] Making GET request to https://api.browserstack.com
2026-02-24T20:59:19.343Z CLI info  [vedantvankar_WD2nZN]  [28btoudaf6n1qdgfwd8ofaofjw6b7xjrbwjsbhom]  [3089ae52-d69f-4158-9fb3-ee50bb70a9d3]  [PRODUCTION] Making PUT request to https://collector-observability.browserstack.com
2026-02-24T20:59:20.657Z CLI info [testhub:module]  [vedantvankar_WD2nZN]  [28btoudaf6n1qdgfwd8ofaofjw6b7xjrbwjsbhom]  [3089ae52-d69f-4158-9fb3-ee50bb70a9d3]  stopBuild: 28btoudaf6n1qdgfwd8ofaofjw6b7xjrbwjsbhom request={"finished_at":"2026-02-24T20:59:19.339Z","finished_metadata":[],"custom_metadata":null} response={"data":""}
2026-02-24T20:59:20.659Z CLI info  [vedantvankar_WD2nZN]  [28btoudaf6n1qdgfwd8ofaofjw6b7xjrbwjsbhom]  [3089ae52-d69f-4158-9fb3-ee50bb70a9d3]  [PRODUCTION] Making POST request to https://api.browserstack.com
2026-02-24T20:59:21.274Z CLI info [TEST REPORTING AND ANALYTICS:module]  [vedantvankar_WD2nZN]  [28btoudaf6n1qdgfwd8ofaofjw6b7xjrbwjsbhom]  [3089ae52-d69f-4158-9fb3-ee50bb70a9d3]  Visit https://automation.browserstack.com/builds/28btoudaf6n1qdgfwd8ofaofjw6b7xjrbwjsbhom to view build report, insights, and many more debugging information all at one place!
2026-02-24T20:59:21.295Z CLI info [main]  [vedantvankar_WD2nZN]  [28btoudaf6n1qdgfwd8ofaofjw6b7xjrbwjsbhom]  [3089ae52-d69f-4158-9fb3-ee50bb70a9d3]  Received graceful signal termination, performing cleanup
2026-02-24T21:18:36.344Z CLI info     Config : {"userName":"[REDACTED]","accessKey":"[REDACTED]","projectName":"EL Pais Opinion Scraper","buildName":"Selenium Multi Platform Run","buildIdentifier":"#${BUILD_NUMBER}","platforms":[{"os":"OS X","osVersion":"Ventura","browserName":"Chrome","browserVersion":"latest","chromeOptions":{"prefs":{"intl.accept_languages":"es-ES,es"}}},{"os":"Windows","osVersion":"11","browserName":"Edge","browserVersion":"latest","edgeOptions":{"prefs":{"intl.accept_languages":"es-ES,es"}}},{"os":"Windows","osVersion":"10","browserName":"Firefox","browserVersion":"latest","firefoxOptions":{"prefs":{"intl.accept_languages":"es-ES,es"}}},{"deviceName":"Samsung Galaxy S22 Ultra","osVersion":"12.0","browserName":"chrome","realMobile":true,"chromeOptions":{"prefs":{"intl.accept_languages":"es-ES,es"}}},{"deviceName":"iPhone 14","osVersion":"16","browserName":"safari","realMobile":true}],"browserstackLocal":false,"debug":false,"networkLogs":false,"consoleLogs":"errors"}
2026-02-24T21:18:36.352Z CLI info     Should start debug utility: undefined
2026-02-24T21:18:36.356Z CLI info [testhub:module]  [vedantvankar_WD2nZN]   [5be2e400-7dbb-417d-b612-44702b0f7e80]  Starting testhub from 28529:0
2026-02-24T21:18:36.358Z CLI info  [vedantvankar_WD2nZN]   [5be2e400-7dbb-417d-b612-44702b0f7e80]  [PRODUCTION] Making POST request to https://sdk.browserstack.com
2026-02-24T21:18:36.361Z CLI info  [vedantvankar_WD2nZN]   [5be2e400-7dbb-417d-b612-44702b0f7e80]  [PRODUCTION] Making GET request to https://hub.browserstack.com
2026-02-24T21:18:36.737Z CLI info  [vedantvankar_WD2nZN]   [5be2e400-7dbb-417d-b612-44702b0f7e80]  [PRODUCTION] Making GET request to https://hub-aps.browserstack.com
2026-02-24T21:18:36.741Z CLI info  [vedantvankar_WD2nZN]   [5be2e400-7dbb-417d-b612-44702b0f7e80]  [PRODUCTION] Making GET request to https://hub-euw.browserstack.com
2026-02-24T21:18:36.744Z CLI info  [vedantvankar_WD2nZN]   [5be2e400-7dbb-417d-b612-44702b0f7e80]  [PRODUCTION] Making GET request to https://hub-apse.browserstack.com
2026-02-24T21:18:37.597Z CLI info [testhub:module]  [vedantvankar_WD2nZN]   [5be2e400-7dbb-417d-b612-44702b0f7e80]  startBuild: response=srujyhua7le0kbwv6qz2yzcqpznuptkb92dxcer1
2026-02-24T21:18:37.603Z CLI info  [vedantvankar_WD2nZN]  [srujyhua7le0kbwv6qz2yzcqpznuptkb92dxcer1]  [5be2e400-7dbb-417d-b612-44702b0f7e80]  [PRODUCTION] Making POST request to https://api.browserstack.com
2026-02-24T21:18:40.227Z CLI info [testhub:request-queue-handler]  [vedantvankar_WD2nZN]  [srujyhua7le0kbwv6qz2yzcqpznuptkb92dxcer1]  [5be2e400-7dbb-417d-b612-44702b0f7e80]  Added the event {
  event_type: 'HookRunStarted',
  hook_run: {
    type: 'hook',
    hook_type: 'BEFORE_EACH',
    framework: 'pytest',
    uuid: 'e28bb9d8-6d8a-4011-b1eb-53a63ca48be8',
    name: 'setup',
    result: 'pending',
    test_run_id: '68529219-2f00-4bd6-9a24-a597a7326465',
    body: { lang: 'python', code: null },
    scope: 'test_elpais_scraper',
    custom_metadata: {},
    tags: [],
    scopes: [ 'main.py' ],
    file_name: 'main.py',
    location: 'main.py',
    vc_filepath: 'main.py',
    started_at: '2026-02-24T21:18:40.201Z'
  },
  logs: []
} to 28529:0
2026-02-24T21:18:40.238Z CLI info [testhub:request-queue-handler]  [vedantvankar_WD2nZN]  [srujyhua7le0kbwv6qz2yzcqpznuptkb92dxcer1]  [5be2e400-7dbb-417d-b612-44702b0f7e80]  Added the event {
  event_type: 'LogCreated',
  logs: [
    {
      testFrameworkName: 'pytest',
      testFrameworkVersion: '9.0.2',
      testFrameworkState: 'INIT_TEST',
      timestamp: '2026-02-24T21:18:39.477Z',
      uuid: '68529219-2f00-4bd6-9a24-a597a7326465',
      kind: 'TEST_LOG',
      message: '2026-02-24T21:18:40Z [bstack1ll111l1111_opy_][INFO] - Remote Server Address being passed as : https://hub.browserstack.com/wd/hub',
      level: 'INFO',
      test_run_uuid: '68529219-2f00-4bd6-9a24-a597a7326465'
    }
  ]
} to 28529:0
2026-02-24T21:18:40.246Z CLI info [sdk:service]  [vedantvankar_WD2nZN]  [srujyhua7le0kbwv6qz2yzcqpznuptkb92dxcer1]  [5be2e400-7dbb-417d-b612-44702b0f7e80]  Driver initialized as primary driver: platformIndex=2
2026-02-24T21:18:40.267Z CLI info [testhub:request-queue-handler]  [vedantvankar_WD2nZN]  [srujyhua7le0kbwv6qz2yzcqpznuptkb92dxcer1]  [5be2e400-7dbb-417d-b612-44702b0f7e80]  Added the event {
  event_type: 'LogCreated',
  logs: [
    {
      testFrameworkName: 'pytest',
      testFrameworkVersion: '9.0.2',
      testFrameworkState: 'INIT_TEST',
      timestamp: '2026-02-24T21:18:39.477Z',
      uuid: '68529219-2f00-4bd6-9a24-a597a7326465',
      kind: 'TEST_LOG',
      message: '2026-02-24T21:18:40Z [bstack1ll111l1111_opy_][INFO] - Completed setup!',
      level: 'INFO',
      test_run_uuid: '68529219-2f00-4bd6-9a24-a597a7326465'
    }
  ]
} to 28529:0
2026-02-24T21:18:40.275Z CLI info [testhub:request-queue-handler]  [vedantvankar_WD2nZN]  [srujyhua7le0kbwv6qz2yzcqpznuptkb92dxcer1]  [5be2e400-7dbb-417d-b612-44702b0f7e80]  Added the event {
  event_type: 'LogCreated',
  logs: [
    {
      testFrameworkName: 'pytest',
      testFrameworkVersion: '9.0.2',
      testFrameworkState: 'INIT_TEST',
      timestamp: '2026-02-24T21:18:39.477Z',
      uuid: '68529219-2f00-4bd6-9a24-a597a7326465',
      kind: 'TEST_LOG',
      message: "2026-02-24T21:18:40Z [bstack1ll111l1111_opy_][INFO] - driver_rank={driver_rank} driver.{method_name} platform_index={f.platform_index}: args={args} kwargs={'command_executor': 'https://hub-aps.browserstack.com/wd/hub', 'options': <selenium.webdriver.firefox.options.Options object at 0x78bda460d730>, 'keep_alive': True, 'file_detector': None}",
      level: 'INFO',
      test_run_uuid: '68529219-2f00-4bd6-9a24-a597a7326465'
    }
  ]
} to 28529:0
2026-02-24T21:18:40.281Z CLI info [testhub:request-queue-handler]  [vedantvankar_WD2nZN]  [srujyhua7le0kbwv6qz2yzcqpznuptkb92dxcer1]  [5be2e400-7dbb-417d-b612-44702b0f7e80]  Added the event {
  event_type: 'LogCreated',
  logs: [
    {
      testFrameworkName: 'pytest',
      testFrameworkVersion: '9.0.2',
      testFrameworkState: 'INIT_TEST',
      timestamp: '2026-02-24T21:18:39.477Z',
      uuid: '68529219-2f00-4bd6-9a24-a597a7326465',
      kind: 'TEST_LOG',
      message: '2026-02-24T21:18:40Z [bstack1ll111l1111_opy_][WARNING] - hub_url=https://hub-aps.browserstack.com/wd/hub',
      level: 'INFO',
      test_run_uuid: '68529219-2f00-4bd6-9a24-a597a7326465'
    }
  ]
} to 28529:0
2026-02-24T21:18:40.289Z CLI info [local:module]  [vedantvankar_WD2nZN]  [srujyhua7le0kbwv6qz2yzcqpznuptkb92dxcer1]  [5be2e400-7dbb-417d-b612-44702b0f7e80]  initSession: localIdentifier=undefined pid=undefined
2026-02-24T21:18:40.296Z CLI info [testhub:request-queue-handler]  [vedantvankar_WD2nZN]  [srujyhua7le0kbwv6qz2yzcqpznuptkb92dxcer1]  [5be2e400-7dbb-417d-b612-44702b0f7e80]  Added the event {
  event_type: 'HookRunStarted',
  hook_run: {
    type: 'hook',
    hook_type: 'BEFORE_EACH',
    framework: 'pytest',
    uuid: '012f1450-e27f-40d7-8376-3d7edd0e7f1e',
    name: 'setup',
    result: 'pending',
    test_run_id: '288266c0-cfec-4e91-8be5-ecf81df1c4d2',
    body: { lang: 'python', code: null },
    scope: 'test_elpais_scraper',
    custom_metadata: {},
    tags: [],
    scopes: [ 'main.py' ],
    file_name: 'main.py',
    location: 'main.py',
    vc_filepath: 'main.py',
    started_at: '2026-02-24T21:18:40.266Z'
  },
  logs: []
} to 28529:0
2026-02-24T21:18:40.300Z CLI info [sdk:service]  [vedantvankar_WD2nZN]  [srujyhua7le0kbwv6qz2yzcqpznuptkb92dxcer1]  [5be2e400-7dbb-417d-b612-44702b0f7e80]  Driver initialized as primary driver: platformIndex=1
2026-02-24T21:18:40.305Z CLI info [testhub:request-queue-handler]  [vedantvankar_WD2nZN]  [srujyhua7le0kbwv6qz2yzcqpznuptkb92dxcer1]  [5be2e400-7dbb-417d-b612-44702b0f7e80]  Added the event {
  event_type: 'LogCreated',
  logs: [
    {
      testFrameworkName: 'pytest',
      testFrameworkVersion: '9.0.2',
      testFrameworkState: 'INIT_TEST',
      timestamp: '2026-02-24T21:18:39.647Z',
      uuid: '288266c0-cfec-4e91-8be5-ecf81df1c4d2',
      kind: 'TEST_LOG',
      message: '2026-02-24T21:18:40Z [bstack1ll111l1111_opy_][INFO] - Remote Server Address being passed as : https://hub.browserstack.com/wd/hub',
      level: 'INFO',
      test_run_uuid: '288266c0-cfec-4e91-8be5-ecf81df1c4d2'
    }
  ]
} to 28529:0
2026-02-24T21:18:40.317Z CLI info [testhub:request-queue-handler]  [vedantvankar_WD2nZN]  [srujyhua7le0kbwv6qz2yzcqpznuptkb92dxcer1]  [5be2e400-7dbb-417d-b612-44702b0f7e80]  Added the event {
  event_type: 'LogCreated',
  logs: [
    {
      testFrameworkName: 'pytest',
      testFrameworkVersion: '9.0.2',
      testFrameworkState: 'INIT_TEST',
      timestamp: '2026-02-24T21:18:39.647Z',
      uuid: '288266c0-cfec-4e91-8be5-ecf81df1c4d2',
      kind: 'TEST_LOG',
      message: '2026-02-24T21:18:40Z [bstack1ll111l1111_opy_][INFO] - Completed setup!',
      level: 'INFO',
      test_run_uuid: '288266c0-cfec-4e91-8be5-ecf81df1c4d2'
    }
  ]
} to 28529:0
2026-02-24T21:18:40.322Z CLI info [testhub:request-queue-handler]  [vedantvankar_WD2nZN]  [srujyhua7le0kbwv6qz2yzcqpznuptkb92dxcer1]  [5be2e400-7dbb-417d-b612-44702b0f7e80]  Added the event {
  event_type: 'LogCreated',
  logs: [
    {
      testFrameworkName: 'pytest',
      testFrameworkVersion: '9.0.2',
      testFrameworkState: 'INIT_TEST',
      timestamp: '2026-02-24T21:18:39.647Z',
      uuid: '288266c0-cfec-4e91-8be5-ecf81df1c4d2',
      kind: 'TEST_LOG',
      message: "2026-02-24T21:18:40Z [bstack1ll111l1111_opy_][INFO] - driver_rank={driver_rank} driver.{method_name} platform_index={f.platform_index}: args={args} kwargs={'command_executor': 'https://hub-aps.browserstack.com/wd/hub', 'options': <selenium.webdriver.edge.options.Options object at 0x7d7ffc5096d0>, 'keep_alive': True, 'file_detector': None}",
      level: 'INFO',
      test_run_uuid: '288266c0-cfec-4e91-8be5-ecf81df1c4d2'
    }
  ]
} to 28529:0
2026-02-24T21:18:40.325Z CLI info [testhub:request-queue-handler]  [vedantvankar_WD2nZN]  [srujyhua7le0kbwv6qz2yzcqpznuptkb92dxcer1]  [5be2e400-7dbb-417d-b612-44702b0f7e80]  Added the event {
  event_type: 'HookRunStarted',
  hook_run: {
    type: 'hook',
    hook_type: 'BEFORE_EACH',
    framework: 'pytest',
    uuid: 'f415393d-4f42-4ec8-bb6c-1d398a1caf15',
    name: 'setup',
    result: 'pending',
    test_run_id: '1a8c5e8a-1351-4807-9f6d-1fb775d14a06',
    body: { lang: 'python', code: null },
    scope: 'test_elpais_scraper',
    custom_metadata: {},
    tags: [],
    scopes: [ 'main.py' ],
    file_name: 'main.py',
    location: 'main.py',
    vc_filepath: 'main.py',
    started_at: '2026-02-24T21:18:40.306Z'
  },
  logs: []
} to 28529:0
2026-02-24T21:18:40.327Z CLI info [testhub:request-queue-handler]  [vedantvankar_WD2nZN]  [srujyhua7le0kbwv6qz2yzcqpznuptkb92dxcer1]  [5be2e400-7dbb-417d-b612-44702b0f7e80]  Added the event {
  event_type: 'LogCreated',
  logs: [
    {
      testFrameworkName: 'pytest',
      testFrameworkVersion: '9.0.2',
      testFrameworkState: 'INIT_TEST',
      timestamp: '2026-02-24T21:18:39.636Z',
      uuid: '1a8c5e8a-1351-4807-9f6d-1fb775d14a06',
      kind: 'TEST_LOG',
      message: '2026-02-24T21:18:40Z [bstack1ll111l1111_opy_][INFO] - Remote Server Address being passed as : https://hub.browserstack.com/wd/hub',
      level: 'INFO',
      test_run_uuid: '1a8c5e8a-1351-4807-9f6d-1fb775d14a06'
    }
  ]
} to 28529:0
2026-02-24T21:18:40.330Z CLI info [sdk:service]  [vedantvankar_WD2nZN]  [srujyhua7le0kbwv6qz2yzcqpznuptkb92dxcer1]  [5be2e400-7dbb-417d-b612-44702b0f7e80]  Driver initialized as primary driver: platformIndex=4
2026-02-24T21:18:40.335Z CLI info [testhub:request-queue-handler]  [vedantvankar_WD2nZN]  [srujyhua7le0kbwv6qz2yzcqpznuptkb92dxcer1]  [5be2e400-7dbb-417d-b612-44702b0f7e80]  Added the event {
  event_type: 'LogCreated',
  logs: [
    {
      testFrameworkName: 'pytest',
      testFrameworkVersion: '9.0.2',
      testFrameworkState: 'INIT_TEST',
      timestamp: '2026-02-24T21:18:39.647Z',
      uuid: '288266c0-cfec-4e91-8be5-ecf81df1c4d2',
      kind: 'TEST_LOG',
      message: '2026-02-24T21:18:40Z [bstack1ll111l1111_opy_][WARNING] - hub_url=https://hub-aps.browserstack.com/wd/hub',
      level: 'INFO',
      test_run_uuid: '288266c0-cfec-4e91-8be5-ecf81df1c4d2'
    }
  ]
} to 28529:0
2026-02-24T21:18:40.337Z CLI info [local:module]  [vedantvankar_WD2nZN]  [srujyhua7le0kbwv6qz2yzcqpznuptkb92dxcer1]  [5be2e400-7dbb-417d-b612-44702b0f7e80]  initSession: localIdentifier=undefined pid=undefined
2026-02-24T21:18:40.340Z CLI info [testhub:request-queue-handler]  [vedantvankar_WD2nZN]  [srujyhua7le0kbwv6qz2yzcqpznuptkb92dxcer1]  [5be2e400-7dbb-417d-b612-44702b0f7e80]  Added the event {
  event_type: 'LogCreated',
  logs: [
    {
      testFrameworkName: 'pytest',
      testFrameworkVersion: '9.0.2',
      testFrameworkState: 'INIT_TEST',
      timestamp: '2026-02-24T21:18:39.636Z',
      uuid: '1a8c5e8a-1351-4807-9f6d-1fb775d14a06',
      kind: 'TEST_LOG',
      message: '2026-02-24T21:18:40Z [bstack1ll111l1111_opy_][INFO] - Completed setup!',
      level: 'INFO',
      test_run_uuid: '1a8c5e8a-1351-4807-9f6d-1fb775d14a06'
    }
  ]
} to 28529:0
2026-02-24T21:18:40.344Z CLI info [testhub:request-queue-handler]  [vedantvankar_WD2nZN]  [srujyhua7le0kbwv6qz2yzcqpznuptkb92dxcer1]  [5be2e400-7dbb-417d-b612-44702b0f7e80]  Added the event {
  event_type: 'LogCreated',
  logs: [
    {
      testFrameworkName: 'pytest',
      testFrameworkVersion: '9.0.2',
      testFrameworkState: 'INIT_TEST',
      timestamp: '2026-02-24T21:18:39.636Z',
      uuid: '1a8c5e8a-1351-4807-9f6d-1fb775d14a06',
      kind: 'TEST_LOG',
      message: "2026-02-24T21:18:40Z [bstack1ll111l1111_opy_][INFO] - driver_rank={driver_rank} driver.{method_name} platform_index={f.platform_index}: args={args} kwargs={'command_executor': 'https://hub-aps.browserstack.com/wd/hub', 'options': <selenium.webdriver.safari.options.Options object at 0x7b4aec519640>, 'keep_alive': True, 'file_detector': None}",
      level: 'INFO',
      test_run_uuid: '1a8c5e8a-1351-4807-9f6d-1fb775d14a06'
    }
  ]
} to 28529:0
2026-02-24T21:18:40.345Z CLI info [testhub:request-queue-handler]  [vedantvankar_WD2nZN]  [srujyhua7le0kbwv6qz2yzcqpznuptkb92dxcer1]  [5be2e400-7dbb-417d-b612-44702b0f7e80]  Added the event {
  event_type: 'LogCreated',
  logs: [
    {
      testFrameworkName: 'pytest',
      testFrameworkVersion: '9.0.2',
      testFrameworkState: 'INIT_TEST',
      timestamp: '2026-02-24T21:18:39.636Z',
      uuid: '1a8c5e8a-1351-4807-9f6d-1fb775d14a06',
      kind: 'TEST_LOG',
      message: '2026-02-24T21:18:40Z [bstack1ll111l1111_opy_][WARNING] - hub_url=https://hub-aps.browserstack.com/wd/hub',
      level: 'INFO',
      test_run_uuid: '1a8c5e8a-1351-4807-9f6d-1fb775d14a06'
    }
  ]
} to 28529:0
2026-02-24T21:18:40.348Z CLI info [local:module]  [vedantvankar_WD2nZN]  [srujyhua7le0kbwv6qz2yzcqpznuptkb92dxcer1]  [5be2e400-7dbb-417d-b612-44702b0f7e80]  initSession: localIdentifier=undefined pid=undefined
2026-02-24T21:18:40.740Z CLI info [testhub:request-queue-handler]  [vedantvankar_WD2nZN]  [srujyhua7le0kbwv6qz2yzcqpznuptkb92dxcer1]  [5be2e400-7dbb-417d-b612-44702b0f7e80]  Added the event {
  event_type: 'HookRunStarted',
  hook_run: {
    type: 'hook',
    hook_type: 'BEFORE_EACH',
    framework: 'pytest',
    uuid: '632369da-c7fa-4c37-a24e-1459cde5b64a',
    name: 'setup',
    result: 'pending',
    test_run_id: 'd438c723-c341-4821-a503-c9623a60f888',
    body: { lang: 'python', code: null },
    scope: 'test_elpais_scraper',
    custom_metadata: {},
    tags: [],
    scopes: [ 'main.py' ],
    file_name: 'main.py',
    location: 'main.py',
    vc_filepath: 'main.py',
    started_at: '2026-02-24T21:18:40.733Z'
  },
  logs: []
} to 28529:0
2026-02-24T21:18:40.750Z CLI info [testhub:request-queue-handler]  [vedantvankar_WD2nZN]  [srujyhua7le0kbwv6qz2yzcqpznuptkb92dxcer1]  [5be2e400-7dbb-417d-b612-44702b0f7e80]  Added the event {
  event_type: 'LogCreated',
  logs: [
    {
      testFrameworkName: 'pytest',
      testFrameworkVersion: '9.0.2',
      testFrameworkState: 'INIT_TEST',
      timestamp: '2026-02-24T21:18:39.998Z',
      uuid: 'd438c723-c341-4821-a503-c9623a60f888',
      kind: 'TEST_LOG',
      message: '2026-02-24T21:18:40Z [bstack1ll111l1111_opy_][INFO] - Remote Server Address being passed as : https://hub.browserstack.com/wd/hub',
      level: 'INFO',
      test_run_uuid: 'd438c723-c341-4821-a503-c9623a60f888'
    }
  ]
} to 28529:0
2026-02-24T21:18:40.754Z CLI info [sdk:service]  [vedantvankar_WD2nZN]  [srujyhua7le0kbwv6qz2yzcqpznuptkb92dxcer1]  [5be2e400-7dbb-417d-b612-44702b0f7e80]  Driver initialized as primary driver: platformIndex=0
2026-02-24T21:18:40.761Z CLI info [testhub:request-queue-handler]  [vedantvankar_WD2nZN]  [srujyhua7le0kbwv6qz2yzcqpznuptkb92dxcer1]  [5be2e400-7dbb-417d-b612-44702b0f7e80]  Added the event {
  event_type: 'LogCreated',
  logs: [
    {
      testFrameworkName: 'pytest',
      testFrameworkVersion: '9.0.2',
      testFrameworkState: 'INIT_TEST',
      timestamp: '2026-02-24T21:18:39.998Z',
      uuid: 'd438c723-c341-4821-a503-c9623a60f888',
      kind: 'TEST_LOG',
      message: '2026-02-24T21:18:40Z [bstack1ll111l1111_opy_][INFO] - Completed setup!',
      level: 'INFO',
      test_run_uuid: 'd438c723-c341-4821-a503-c9623a60f888'
    }
  ]
} to 28529:0
2026-02-24T21:18:40.763Z CLI info [testhub:request-queue-handler]  [vedantvankar_WD2nZN]  [srujyhua7le0kbwv6qz2yzcqpznuptkb92dxcer1]  [5be2e400-7dbb-417d-b612-44702b0f7e80]  Added the event {
  event_type: 'LogCreated',
  logs: [
    {
      testFrameworkName: 'pytest',
      testFrameworkVersion: '9.0.2',
      testFrameworkState: 'INIT_TEST',
      timestamp: '2026-02-24T21:18:39.998Z',
      uuid: 'd438c723-c341-4821-a503-c9623a60f888',
      kind: 'TEST_LOG',
      message: "2026-02-24T21:18:40Z [bstack1ll111l1111_opy_][INFO] - driver_rank={driver_rank} driver.{method_name} platform_index={f.platform_index}: args={args} kwargs={'command_executor': 'https://hub-aps.browserstack.com/wd/hub', 'options': <selenium.webdriver.chrome.options.Options object at 0x76b7786019a0>, 'keep_alive': True, 'file_detector': None}",
      level: 'INFO',
      test_run_uuid: 'd438c723-c341-4821-a503-c9623a60f888'
    }
  ]
} to 28529:0
2026-02-24T21:18:40.768Z CLI info [testhub:request-queue-handler]  [vedantvankar_WD2nZN]  [srujyhua7le0kbwv6qz2yzcqpznuptkb92dxcer1]  [5be2e400-7dbb-417d-b612-44702b0f7e80]  Added the event {
  event_type: 'LogCreated',
  logs: [
    {
      testFrameworkName: 'pytest',
      testFrameworkVersion: '9.0.2',
      testFrameworkState: 'INIT_TEST',
      timestamp: '2026-02-24T21:18:39.998Z',
      uuid: 'd438c723-c341-4821-a503-c9623a60f888',
      kind: 'TEST_LOG',
      message: '2026-02-24T21:18:40Z [bstack1ll111l1111_opy_][WARNING] - hub_url=https://hub-aps.browserstack.com/wd/hub',
      level: 'INFO',
      test_run_uuid: 'd438c723-c341-4821-a503-c9623a60f888'
    }
  ]
} to 28529:0
2026-02-24T21:18:40.770Z CLI info [local:module]  [vedantvankar_WD2nZN]  [srujyhua7le0kbwv6qz2yzcqpznuptkb92dxcer1]  [5be2e400-7dbb-417d-b612-44702b0f7e80]  initSession: localIdentifier=undefined pid=undefined
2026-02-24T21:18:40.788Z CLI info [testhub:request-queue-handler]  [vedantvankar_WD2nZN]  [srujyhua7le0kbwv6qz2yzcqpznuptkb92dxcer1]  [5be2e400-7dbb-417d-b612-44702b0f7e80]  Added the event {
  event_type: 'HookRunStarted',
  hook_run: {
    type: 'hook',
    hook_type: 'BEFORE_EACH',
    framework: 'pytest',
    uuid: '39805146-6688-46db-9e2b-df52072bdd3d',
    name: 'setup',
    result: 'pending',
    test_run_id: '819487dd-188d-4ef5-99c8-dcc5d3d67b38',
    body: { lang: 'python', code: null },
    scope: 'test_elpais_scraper',
    custom_metadata: {},
    tags: [],
    scopes: [ 'main.py' ],
    file_name: 'main.py',
    location: 'main.py',
    vc_filepath: 'main.py',
    started_at: '2026-02-24T21:18:40.783Z'
  },
  logs: []
} to 28529:0
2026-02-24T21:18:40.798Z CLI info [testhub:request-queue-handler]  [vedantvankar_WD2nZN]  [srujyhua7le0kbwv6qz2yzcqpznuptkb92dxcer1]  [5be2e400-7dbb-417d-b612-44702b0f7e80]  Added the event {
  event_type: 'LogCreated',
  logs: [
    {
      testFrameworkName: 'pytest',
      testFrameworkVersion: '9.0.2',
      testFrameworkState: 'INIT_TEST',
      timestamp: '2026-02-24T21:18:39.962Z',
      uuid: '819487dd-188d-4ef5-99c8-dcc5d3d67b38',
      kind: 'TEST_LOG',
      message: '2026-02-24T21:18:40Z [bstack1ll111l1111_opy_][INFO] - Remote Server Address being passed as : https://hub.browserstack.com/wd/hub',
      level: 'INFO',
      test_run_uuid: '819487dd-188d-4ef5-99c8-dcc5d3d67b38'
    }
  ]
} to 28529:0
2026-02-24T21:18:40.802Z CLI info [sdk:service]  [vedantvankar_WD2nZN]  [srujyhua7le0kbwv6qz2yzcqpznuptkb92dxcer1]  [5be2e400-7dbb-417d-b612-44702b0f7e80]  Driver initialized as primary driver: platformIndex=3
2026-02-24T21:18:40.811Z CLI info [testhub:request-queue-handler]  [vedantvankar_WD2nZN]  [srujyhua7le0kbwv6qz2yzcqpznuptkb92dxcer1]  [5be2e400-7dbb-417d-b612-44702b0f7e80]  Added the event {
  event_type: 'LogCreated',
  logs: [
    {
      testFrameworkName: 'pytest',
      testFrameworkVersion: '9.0.2',
      testFrameworkState: 'INIT_TEST',
      timestamp: '2026-02-24T21:18:39.962Z',
      uuid: '819487dd-188d-4ef5-99c8-dcc5d3d67b38',
      kind: 'TEST_LOG',
      message: '2026-02-24T21:18:40Z [bstack1ll111l1111_opy_][INFO] - Completed setup!',
      level: 'INFO',
      test_run_uuid: '819487dd-188d-4ef5-99c8-dcc5d3d67b38'
    }
  ]
} to 28529:0
2026-02-24T21:18:40.813Z CLI info [testhub:request-queue-handler]  [vedantvankar_WD2nZN]  [srujyhua7le0kbwv6qz2yzcqpznuptkb92dxcer1]  [5be2e400-7dbb-417d-b612-44702b0f7e80]  Added the event {
  event_type: 'LogCreated',
  logs: [
    {
      testFrameworkName: 'pytest',
      testFrameworkVersion: '9.0.2',
      testFrameworkState: 'INIT_TEST',
      timestamp: '2026-02-24T21:18:39.962Z',
      uuid: '819487dd-188d-4ef5-99c8-dcc5d3d67b38',
      kind: 'TEST_LOG',
      message: "2026-02-24T21:18:40Z [bstack1ll111l1111_opy_][INFO] - driver_rank={driver_rank} driver.{method_name} platform_index={f.platform_index}: args={args} kwargs={'command_executor': 'https://hub-aps.browserstack.com/wd/hub', 'options': <selenium.webdriver.chrome.options.Options object at 0x730ecc50d7c0>, 'keep_alive': True, 'file_detector': None}",
      level: 'INFO',
      test_run_uuid: '819487dd-188d-4ef5-99c8-dcc5d3d67b38'
    }
  ]
} to 28529:0
2026-02-24T21:18:40.816Z CLI info [testhub:request-queue-handler]  [vedantvankar_WD2nZN]  [srujyhua7le0kbwv6qz2yzcqpznuptkb92dxcer1]  [5be2e400-7dbb-417d-b612-44702b0f7e80]  Added the event {
  event_type: 'LogCreated',
  logs: [
    {
      testFrameworkName: 'pytest',
      testFrameworkVersion: '9.0.2',
      testFrameworkState: 'INIT_TEST',
      timestamp: '2026-02-24T21:18:39.962Z',
      uuid: '819487dd-188d-4ef5-99c8-dcc5d3d67b38',
      kind: 'TEST_LOG',
      message: '2026-02-24T21:18:40Z [bstack1ll111l1111_opy_][WARNING] - hub_url=https://hub-aps.browserstack.com/wd/hub',
      level: 'INFO',
      test_run_uuid: '819487dd-188d-4ef5-99c8-dcc5d3d67b38'
    }
  ]
} to 28529:0
2026-02-24T21:18:40.819Z CLI info [local:module]  [vedantvankar_WD2nZN]  [srujyhua7le0kbwv6qz2yzcqpznuptkb92dxcer1]  [5be2e400-7dbb-417d-b612-44702b0f7e80]  initSession: localIdentifier=undefined pid=undefined
2026-02-24T21:18:41.604Z CLI info [testhub:request-queue-handler]  [vedantvankar_WD2nZN]  [srujyhua7le0kbwv6qz2yzcqpznuptkb92dxcer1]  [5be2e400-7dbb-417d-b612-44702b0f7e80]  Processing batch event [
  {
    event_type: 'HookRunStarted',
    hook_run: {
      type: 'hook',
      hook_type: 'BEFORE_EACH',
      framework: 'pytest',
      uuid: 'e28bb9d8-6d8a-4011-b1eb-53a63ca48be8',
      name: 'setup',
      result: 'pending',
      test_run_id: '68529219-2f00-4bd6-9a24-a597a7326465',
      body: [Object],
      scope: 'test_elpais_scraper',
      custom_metadata: {},
      tags: [],
      scopes: [Array],
      file_name: 'main.py',
      location: 'main.py',
      vc_filepath: 'main.py',
      started_at: '2026-02-24T21:18:40.201Z'
    },
    logs: []
  },
  { event_type: 'LogCreated', logs: [ [Object] ] },
  { event_type: 'LogCreated', logs: [ [Object] ] },
  { event_type: 'LogCreated', logs: [ [Object] ] },
  { event_type: 'LogCreated', logs: [ [Object] ] },
  {
    event_type: 'HookRunStarted',
    hook_run: {
      type: 'hook',
      hook_type: 'BEFORE_EACH',
      framework: 'pytest',
      uuid: '012f1450-e27f-40d7-8376-3d7edd0e7f1e',
      name: 'setup',
      result: 'pending',
      test_run_id: '288266c0-cfec-4e91-8be5-ecf81df1c4d2',
      body: [Object],
      scope: 'test_elpais_scraper',
      custom_metadata: {},
      tags: [],
      scopes: [Array],
      file_name: 'main.py',
      location: 'main.py',
      vc_filepath: 'main.py',
      started_at: '2026-02-24T21:18:40.266Z'
    },
    logs: []
  },
  { event_type: 'LogCreated', logs: [ [Object] ] },
  { event_type: 'LogCreated', logs: [ [Object] ] },
  { event_type: 'LogCreated', logs: [ [Object] ] },
  {
    event_type: 'HookRunStarted',
    hook_run: {
      type: 'hook',
      hook_type: 'BEFORE_EACH',
      framework: 'pytest',
      uuid: 'f415393d-4f42-4ec8-bb6c-1d398a1caf15',
      name: 'setup',
      result: 'pending',
      test_run_id: '1a8c5e8a-1351-4807-9f6d-1fb775d14a06',
      body: [Object],
      scope: 'test_elpais_scraper',
      custom_metadata: {},
      tags: [],
      scopes: [Array],
      file_name: 'main.py',
      location: 'main.py',
      vc_filepath: 'main.py',
      started_at: '2026-02-24T21:18:40.306Z'
    },
    logs: []
  },
  { event_type: 'LogCreated', logs: [ [Object] ] },
  { event_type: 'LogCreated', logs: [ [Object] ] },
  { event_type: 'LogCreated', logs: [ [Object] ] },
  { event_type: 'LogCreated', logs: [ [Object] ] },
  { event_type: 'LogCreated', logs: [ [Object] ] },
  {
    event_type: 'HookRunStarted',
    hook_run: {
      type: 'hook',
      hook_type: 'BEFORE_EACH',
      framework: 'pytest',
      uuid: '632369da-c7fa-4c37-a24e-1459cde5b64a',
      name: 'setup',
      result: 'pending',
      test_run_id: 'd438c723-c341-4821-a503-c9623a60f888',
      body: [Object],
      scope: 'test_elpais_scraper',
      custom_metadata: {},
      tags: [],
      scopes: [Array],
      file_name: 'main.py',
      location: 'main.py',
      vc_filepath: 'main.py',
      started_at: '2026-02-24T21:18:40.733Z'
    },
    logs: []
  },
  { event_type: 'LogCreated', logs: [ [Object] ] },
  { event_type: 'LogCreated', logs: [ [Object] ] },
  { event_type: 'LogCreated', logs: [ [Object] ] },
  { event_type: 'LogCreated', logs: [ [Object] ] },
  {
    event_type: 'HookRunStarted',
    hook_run: {
      type: 'hook',
      hook_type: 'BEFORE_EACH',
      framework: 'pytest',
      uuid: '39805146-6688-46db-9e2b-df52072bdd3d',
      name: 'setup',
      result: 'pending',
      test_run_id: '819487dd-188d-4ef5-99c8-dcc5d3d67b38',
      body: [Object],
      scope: 'test_elpais_scraper',
      custom_metadata: {},
      tags: [],
      scopes: [Array],
      file_name: 'main.py',
      location: 'main.py',
      vc_filepath: 'main.py',
      started_at: '2026-02-24T21:18:40.783Z'
    },
    logs: []
  },
  { event_type: 'LogCreated', logs: [ [Object] ] },
  { event_type: 'LogCreated', logs: [ [Object] ] },
  { event_type: 'LogCreated', logs: [ [Object] ] },
  { event_type: 'LogCreated', logs: [ [Object] ] }
] to 28529:0
2026-02-24T21:18:41.606Z CLI info  [vedantvankar_WD2nZN]  [srujyhua7le0kbwv6qz2yzcqpznuptkb92dxcer1]  [5be2e400-7dbb-417d-b612-44702b0f7e80]  [PRODUCTION] Making POST request to https://collector-observability.browserstack.com
2026-02-24T21:18:45.820Z CLI info [testhub:request-queue-handler]  [vedantvankar_WD2nZN]  [srujyhua7le0kbwv6qz2yzcqpznuptkb92dxcer1]  [5be2e400-7dbb-417d-b612-44702b0f7e80]  Added the event {
  event_type: 'HookRunFinished',
  hook_run: {
    type: 'hook',
    hook_type: 'BEFORE_EACH',
    framework: 'pytest',
    uuid: '632369da-c7fa-4c37-a24e-1459cde5b64a',
    name: 'setup',
    result: 'passed',
    test_run_id: 'd438c723-c341-4821-a503-c9623a60f888',
    body: { lang: 'python', code: null },
    scope: 'test_elpais_scraper',
    custom_metadata: {},
    tags: [],
    scopes: [ 'main.py' ],
    file_name: 'main.py',
    location: 'main.py',
    vc_filepath: 'main.py',
    started_at: '2026-02-24T21:18:40.733Z',
    finished_at: '2026-02-24T21:18:45.800Z'
  },
  logs: []
} to 28529:0
2026-02-24T21:18:46.458Z CLI info [testhub:request-queue-handler]  [vedantvankar_WD2nZN]  [srujyhua7le0kbwv6qz2yzcqpznuptkb92dxcer1]  [5be2e400-7dbb-417d-b612-44702b0f7e80]  Added the event {
  event_type: 'CBTSessionCreated',
  test_run: {
    uuid: 'd438c723-c341-4821-a503-c9623a60f888',
    integrations: { browserstack: [Object] }
  }
} to 28529:0
2026-02-24T21:18:46.481Z CLI info [testhub:request-queue-handler]  [vedantvankar_WD2nZN]  [srujyhua7le0kbwv6qz2yzcqpznuptkb92dxcer1]  [5be2e400-7dbb-417d-b612-44702b0f7e80]  Added the event {
  event_type: 'TestRunStarted',
  test_run: {
    type: 'test',
    framework: 'pytest',
    uuid: 'd438c723-c341-4821-a503-c9623a60f888',
    name: 'test_elpais_scraper',
    body: {
      lang: 'python',
      code: 'def test_elpais_scraper(driver):\n' +
        '\n' +
        '    # --- Step 1: visit El País, verify Spanish ---\n' +
        '    driver.get("https://elpais.com/")\n' +
        '    time.sleep(5)\n' +
        '\n' +
        '    soup = BeautifulSoup(driver.page_source, "lxml")\n' +
        '\n' +
        '    html_tag = soup.find("html")\n' +
        '    lang = html_tag.get("lang", "") if html_tag else ""\n' +
        `    assert "es" in lang, f"Expected Spanish language tag, got: '{lang}'"\n` +
        '\n' +
        '    print(f"\\nLanguage confirmed: {lang}")\n' +
        '\n' +
        '    # --- Step 2: scrape opinion articles ---\n' +
        '    all_urls = extract_opinion_urls(soup)\n' +
        '\n' +
        '    article_urls = [\n' +
        '        u for u in all_urls\n' +
        '        if "/opinion/" in u and not u.rstrip("/").endswith("/opinion")\n' +
        '    ][:5]\n' +
        '\n' +
        '    assert len(article_urls) > 0, "No opinion article URLs found on homepage"\n' +
        '\n' +
        '    print(f"\\nFound {len(article_urls)} opinion articles:")\n' +
        '    for url in article_urls:\n' +
        '        print(url)\n' +
        '\n' +
        '    spanish_titles = scrape_articles(driver, article_urls)\n' +
        '\n' +
        '    assert len(spanish_titles) == len(article_urls), (\n' +
        '        f"Expected {len(article_urls)} titles, got {len(spanish_titles)}"\n' +
        '    )\n' +
        '\n' +
        '    # --- Step 3: translate titles ---\n' +
        '    print("\\n==============================")\n' +
        '    print("TRANSLATING TITLES TO ENGLISH")\n' +
        '\n' +
        '    translated_titles = translate_titles_to_english(spanish_titles)\n' +
        '\n' +
        '    assert len(translated_titles) == len(spanish_titles), (\n' +
        '        "Translation API returned fewer results than expected"\n' +
        '    )\n' +
        '\n' +
        '    for es, en in zip(spanish_titles, translated_titles):\n' +
        '        print(f"\\nSpanish: {es}")\n' +
        '        print(f"English: {en}")\n' +
        '\n' +
        '    # --- Step 4: word analysis ---\n' +
        '    print("\\n==============================")\n' +
        '    print("REPEATED WORDS (count > 2)")\n' +
        '\n' +
        '    repeated_words = find_repeated_words(translated_titles, min_count=3)\n' +
        '\n' +
        '    if repeated_words:\n' +
        '        for word, count in repeated_words.items():\n' +
        '            print(f"{word} -> {count}")\n' +
        '    else:\n' +
        '        print("No words repeated more than twice.")\n' +
        '\n' +
        '    print("\\nPART 2 COMPLETE")\n'
    },
    identifier: 'test_elpais_scraper',
    scope: 'test_elpais_scraper',
    scopes: [ 'main.py' ],
    file_name: 'main.py',
    vc_filepath: 'main.py',
    location: 'main.py',
    result: 'pending',
    duration_in_ms: null,
    started_at: '2026-02-24T21:18:45.813Z',
    failure: undefined,
    failure_type: undefined,
    failure_reason: null,
    retry_of: null,
    custom_metadata: undefined,
    tags: [],
    customRerunParam: { rerun_name: 'main.py::test_elpais_scraper' },
    hooks: [],
    product_map: {
      observability: true,
      accessibility: false,
      percy: false,
      automate: true,
      app_automate: false
    },
    integrations: { browserstack: [Object] }
  },
  logs: []
} to 28529:0
2026-02-24T21:18:47.603Z CLI info [testhub:request-queue-handler]  [vedantvankar_WD2nZN]  [srujyhua7le0kbwv6qz2yzcqpznuptkb92dxcer1]  [5be2e400-7dbb-417d-b612-44702b0f7e80]  Processing batch event [
  {
    event_type: 'HookRunFinished',
    hook_run: {
      type: 'hook',
      hook_type: 'BEFORE_EACH',
      framework: 'pytest',
      uuid: '632369da-c7fa-4c37-a24e-1459cde5b64a',
      name: 'setup',
      result: 'passed',
      test_run_id: 'd438c723-c341-4821-a503-c9623a60f888',
      body: [Object],
      scope: 'test_elpais_scraper',
      custom_metadata: {},
      tags: [],
      scopes: [Array],
      file_name: 'main.py',
      location: 'main.py',
      vc_filepath: 'main.py',
      started_at: '2026-02-24T21:18:40.733Z',
      finished_at: '2026-02-24T21:18:45.800Z'
    },
    logs: []
  },
  {
    event_type: 'CBTSessionCreated',
    test_run: {
      uuid: 'd438c723-c341-4821-a503-c9623a60f888',
      integrations: [Object]
    }
  },
  {
    event_type: 'TestRunStarted',
    test_run: {
      type: 'test',
      framework: 'pytest',
      uuid: 'd438c723-c341-4821-a503-c9623a60f888',
      name: 'test_elpais_scraper',
      body: [Object],
      identifier: 'test_elpais_scraper',
      scope: 'test_elpais_scraper',
      scopes: [Array],
      file_name: 'main.py',
      vc_filepath: 'main.py',
      location: 'main.py',
      result: 'pending',
      duration_in_ms: null,
      started_at: '2026-02-24T21:18:45.813Z',
      failure: undefined,
      failure_type: undefined,
      failure_reason: null,
      retry_of: null,
      custom_metadata: undefined,
      tags: [],
      customRerunParam: [Object],
      hooks: [],
      product_map: [Object],
      integrations: [Object]
    },
    logs: []
  }
] to 28529:0
2026-02-24T21:18:47.604Z CLI info  [vedantvankar_WD2nZN]  [srujyhua7le0kbwv6qz2yzcqpznuptkb92dxcer1]  [5be2e400-7dbb-417d-b612-44702b0f7e80]  [PRODUCTION] Making POST request to https://collector-observability.browserstack.com
2026-02-24T21:18:53.297Z CLI info [testhub:request-queue-handler]  [vedantvankar_WD2nZN]  [srujyhua7le0kbwv6qz2yzcqpznuptkb92dxcer1]  [5be2e400-7dbb-417d-b612-44702b0f7e80]  Added the event {
  event_type: 'HookRunFinished',
  hook_run: {
    type: 'hook',
    hook_type: 'BEFORE_EACH',
    framework: 'pytest',
    uuid: '012f1450-e27f-40d7-8376-3d7edd0e7f1e',
    name: 'setup',
    result: 'passed',
    test_run_id: '288266c0-cfec-4e91-8be5-ecf81df1c4d2',
    body: { lang: 'python', code: null },
    scope: 'test_elpais_scraper',
    custom_metadata: {},
    tags: [],
    scopes: [ 'main.py' ],
    file_name: 'main.py',
    location: 'main.py',
    vc_filepath: 'main.py',
    started_at: '2026-02-24T21:18:40.266Z',
    finished_at: '2026-02-24T21:18:53.288Z'
  },
  logs: []
} to 28529:0
2026-02-24T21:18:53.606Z CLI info [testhub:request-queue-handler]  [vedantvankar_WD2nZN]  [srujyhua7le0kbwv6qz2yzcqpznuptkb92dxcer1]  [5be2e400-7dbb-417d-b612-44702b0f7e80]  Processing batch event [
  {
    event_type: 'HookRunFinished',
    hook_run: {
      type: 'hook',
      hook_type: 'BEFORE_EACH',
      framework: 'pytest',
      uuid: '012f1450-e27f-40d7-8376-3d7edd0e7f1e',
      name: 'setup',
      result: 'passed',
      test_run_id: '288266c0-cfec-4e91-8be5-ecf81df1c4d2',
      body: [Object],
      scope: 'test_elpais_scraper',
      custom_metadata: {},
      tags: [],
      scopes: [Array],
      file_name: 'main.py',
      location: 'main.py',
      vc_filepath: 'main.py',
      started_at: '2026-02-24T21:18:40.266Z',
      finished_at: '2026-02-24T21:18:53.288Z'
    },
    logs: []
  }
] to 28529:0
2026-02-24T21:18:53.607Z CLI info  [vedantvankar_WD2nZN]  [srujyhua7le0kbwv6qz2yzcqpznuptkb92dxcer1]  [5be2e400-7dbb-417d-b612-44702b0f7e80]  [PRODUCTION] Making POST request to https://collector-observability.browserstack.com
2026-02-24T21:18:53.956Z CLI info [testhub:request-queue-handler]  [vedantvankar_WD2nZN]  [srujyhua7le0kbwv6qz2yzcqpznuptkb92dxcer1]  [5be2e400-7dbb-417d-b612-44702b0f7e80]  Added the event {
  event_type: 'CBTSessionCreated',
  test_run: {
    uuid: '288266c0-cfec-4e91-8be5-ecf81df1c4d2',
    integrations: { browserstack: [Object] }
  }
} to 28529:0
2026-02-24T21:18:53.977Z CLI info [testhub:request-queue-handler]  [vedantvankar_WD2nZN]  [srujyhua7le0kbwv6qz2yzcqpznuptkb92dxcer1]  [5be2e400-7dbb-417d-b612-44702b0f7e80]  Added the event {
  event_type: 'TestRunStarted',
  test_run: {
    type: 'test',
    framework: 'pytest',
    uuid: '288266c0-cfec-4e91-8be5-ecf81df1c4d2',
    name: 'test_elpais_scraper',
    body: {
      lang: 'python',
      code: 'def test_elpais_scraper(driver):\n' +
        '\n' +
        '    # --- Step 1: visit El País, verify Spanish ---\n' +
        '    driver.get("https://elpais.com/")\n' +
        '    time.sleep(5)\n' +
        '\n' +
        '    soup = BeautifulSoup(driver.page_source, "lxml")\n' +
        '\n' +
        '    html_tag = soup.find("html")\n' +
        '    lang = html_tag.get("lang", "") if html_tag else ""\n' +
        `    assert "es" in lang, f"Expected Spanish language tag, got: '{lang}'"\n` +
        '\n' +
        '    print(f"\\nLanguage confirmed: {lang}")\n' +
        '\n' +
        '    # --- Step 2: scrape opinion articles ---\n' +
        '    all_urls = extract_opinion_urls(soup)\n' +
        '\n' +
        '    article_urls = [\n' +
        '        u for u in all_urls\n' +
        '        if "/opinion/" in u and not u.rstrip("/").endswith("/opinion")\n' +
        '    ][:5]\n' +
        '\n' +
        '    assert len(article_urls) > 0, "No opinion article URLs found on homepage"\n' +
        '\n' +
        '    print(f"\\nFound {len(article_urls)} opinion articles:")\n' +
        '    for url in article_urls:\n' +
        '        print(url)\n' +
        '\n' +
        '    spanish_titles = scrape_articles(driver, article_urls)\n' +
        '\n' +
        '    assert len(spanish_titles) == len(article_urls), (\n' +
        '        f"Expected {len(article_urls)} titles, got {len(spanish_titles)}"\n' +
        '    )\n' +
        '\n' +
        '    # --- Step 3: translate titles ---\n' +
        '    print("\\n==============================")\n' +
        '    print("TRANSLATING TITLES TO ENGLISH")\n' +
        '\n' +
        '    translated_titles = translate_titles_to_english(spanish_titles)\n' +
        '\n' +
        '    assert len(translated_titles) == len(spanish_titles), (\n' +
        '        "Translation API returned fewer results than expected"\n' +
        '    )\n' +
        '\n' +
        '    for es, en in zip(spanish_titles, translated_titles):\n' +
        '        print(f"\\nSpanish: {es}")\n' +
        '        print(f"English: {en}")\n' +
        '\n' +
        '    # --- Step 4: word analysis ---\n' +
        '    print("\\n==============================")\n' +
        '    print("REPEATED WORDS (count > 2)")\n' +
        '\n' +
        '    repeated_words = find_repeated_words(translated_titles, min_count=3)\n' +
        '\n' +
        '    if repeated_words:\n' +
        '        for word, count in repeated_words.items():\n' +
        '            print(f"{word} -> {count}")\n' +
        '    else:\n' +
        '        print("No words repeated more than twice.")\n' +
        '\n' +
        '    print("\\nPART 2 COMPLETE")\n'
    },
    identifier: 'test_elpais_scraper',
    scope: 'test_elpais_scraper',
    scopes: [ 'main.py' ],
    file_name: 'main.py',
    vc_filepath: 'main.py',
    location: 'main.py',
    result: 'pending',
    duration_in_ms: null,
    started_at: '2026-02-24T21:18:53.296Z',
    failure: undefined,
    failure_type: undefined,
    failure_reason: null,
    retry_of: null,
    custom_metadata: undefined,
    tags: [],
    customRerunParam: { rerun_name: 'main.py::test_elpais_scraper' },
    hooks: [],
    product_map: {
      observability: true,
      accessibility: false,
      percy: false,
      automate: true,
      app_automate: false
    },
    integrations: { browserstack: [Object] }
  },
  logs: []
} to 28529:0
2026-02-24T21:18:55.607Z CLI info [testhub:request-queue-handler]  [vedantvankar_WD2nZN]  [srujyhua7le0kbwv6qz2yzcqpznuptkb92dxcer1]  [5be2e400-7dbb-417d-b612-44702b0f7e80]  Processing batch event [
  {
    event_type: 'CBTSessionCreated',
    test_run: {
      uuid: '288266c0-cfec-4e91-8be5-ecf81df1c4d2',
      integrations: [Object]
    }
  },
  {
    event_type: 'TestRunStarted',
    test_run: {
      type: 'test',
      framework: 'pytest',
      uuid: '288266c0-cfec-4e91-8be5-ecf81df1c4d2',
      name: 'test_elpais_scraper',
      body: [Object],
      identifier: 'test_elpais_scraper',
      scope: 'test_elpais_scraper',
      scopes: [Array],
      file_name: 'main.py',
      vc_filepath: 'main.py',
      location: 'main.py',
      result: 'pending',
      duration_in_ms: null,
      started_at: '2026-02-24T21:18:53.296Z',
      failure: undefined,
      failure_type: undefined,
      failure_reason: null,
      retry_of: null,
      custom_metadata: undefined,
      tags: [],
      customRerunParam: [Object],
      hooks: [],
      product_map: [Object],
      integrations: [Object]
    },
    logs: []
  }
] to 28529:0
2026-02-24T21:18:55.609Z CLI info  [vedantvankar_WD2nZN]  [srujyhua7le0kbwv6qz2yzcqpznuptkb92dxcer1]  [5be2e400-7dbb-417d-b612-44702b0f7e80]  [PRODUCTION] Making POST request to https://collector-observability.browserstack.com
2026-02-24T21:18:57.990Z CLI info [testhub:request-queue-handler]  [vedantvankar_WD2nZN]  [srujyhua7le0kbwv6qz2yzcqpznuptkb92dxcer1]  [5be2e400-7dbb-417d-b612-44702b0f7e80]  Added the event {
  event_type: 'HookRunFinished',
  hook_run: {
    type: 'hook',
    hook_type: 'BEFORE_EACH',
    framework: 'pytest',
    uuid: 'f415393d-4f42-4ec8-bb6c-1d398a1caf15',
    name: 'setup',
    result: 'passed',
    test_run_id: '1a8c5e8a-1351-4807-9f6d-1fb775d14a06',
    body: { lang: 'python', code: null },
    scope: 'test_elpais_scraper',
    custom_metadata: {},
    tags: [],
    scopes: [ 'main.py' ],
    file_name: 'main.py',
    location: 'main.py',
    vc_filepath: 'main.py',
    started_at: '2026-02-24T21:18:40.306Z',
    finished_at: '2026-02-24T21:18:57.978Z'
  },
  logs: []
} to 28529:0
2026-02-24T21:18:58.009Z CLI info [testhub:request-queue-handler]  [vedantvankar_WD2nZN]  [srujyhua7le0kbwv6qz2yzcqpznuptkb92dxcer1]  [5be2e400-7dbb-417d-b612-44702b0f7e80]  Added the event {
  event_type: 'LogCreated',
  logs: [
    {
      testFrameworkName: 'pytest',
      testFrameworkVersion: '9.0.2',
      testFrameworkState: 'INIT_TEST',
      timestamp: '2026-02-24T21:18:39.998Z',
      uuid: 'd438c723-c341-4821-a503-c9623a60f888',
      kind: 'TEST_LOG',
      message: '\nLanguage confirmed: es-ES',
      level: 'INFO',
      test_run_uuid: 'd438c723-c341-4821-a503-c9623a60f888'
    }
  ]
} to 28529:0
2026-02-24T21:18:58.013Z CLI info [testhub:request-queue-handler]  [vedantvankar_WD2nZN]  [srujyhua7le0kbwv6qz2yzcqpznuptkb92dxcer1]  [5be2e400-7dbb-417d-b612-44702b0f7e80]  Added the event {
  event_type: 'LogCreated',
  logs: [
    {
      testFrameworkName: 'pytest',
      testFrameworkVersion: '9.0.2',
      testFrameworkState: 'INIT_TEST',
      timestamp: '2026-02-24T21:18:39.998Z',
      uuid: 'd438c723-c341-4821-a503-c9623a60f888',
      kind: 'TEST_LOG',
      message: '\nFound 5 opinion articles:',
      level: 'INFO',
      test_run_uuid: 'd438c723-c341-4821-a503-c9623a60f888'
    }
  ]
} to 28529:0
2026-02-24T21:18:58.015Z CLI info [testhub:request-queue-handler]  [vedantvankar_WD2nZN]  [srujyhua7le0kbwv6qz2yzcqpznuptkb92dxcer1]  [5be2e400-7dbb-417d-b612-44702b0f7e80]  Added the event {
  event_type: 'LogCreated',
  logs: [
    {
      testFrameworkName: 'pytest',
      testFrameworkVersion: '9.0.2',
      testFrameworkState: 'INIT_TEST',
      timestamp: '2026-02-24T21:18:39.998Z',
      uuid: 'd438c723-c341-4821-a503-c9623a60f888',
      kind: 'TEST_LOG',
      message: 'https://elpais.com/opinion/2026-02-24/no-mas-secretos-del-23-f.html',
      level: 'INFO',
      test_run_uuid: 'd438c723-c341-4821-a503-c9623a60f888'
    }
  ]
} to 28529:0
2026-02-24T21:18:58.016Z CLI info [testhub:request-queue-handler]  [vedantvankar_WD2nZN]  [srujyhua7le0kbwv6qz2yzcqpznuptkb92dxcer1]  [5be2e400-7dbb-417d-b612-44702b0f7e80]  Added the event {
  event_type: 'LogCreated',
  logs: [
    {
      testFrameworkName: 'pytest',
      testFrameworkVersion: '9.0.2',
      testFrameworkState: 'INIT_TEST',
      timestamp: '2026-02-24T21:18:39.998Z',
      uuid: 'd438c723-c341-4821-a503-c9623a60f888',
      kind: 'TEST_LOG',
      message: 'https://elpais.com/opinion/2026-02-24/la-lenta-gestacion-de-la-extrema-derecha.html',
      level: 'INFO',
      test_run_uuid: 'd438c723-c341-4821-a503-c9623a60f888'
    }
  ]
} to 28529:0
2026-02-24T21:18:58.018Z CLI info [testhub:request-queue-handler]  [vedantvankar_WD2nZN]  [srujyhua7le0kbwv6qz2yzcqpznuptkb92dxcer1]  [5be2e400-7dbb-417d-b612-44702b0f7e80]  Added the event {
  event_type: 'LogCreated',
  logs: [
    {
      testFrameworkName: 'pytest',
      testFrameworkVersion: '9.0.2',
      testFrameworkState: 'INIT_TEST',
      timestamp: '2026-02-24T21:18:39.998Z',
      uuid: 'd438c723-c341-4821-a503-c9623a60f888',
      kind: 'TEST_LOG',
      message: 'https://elpais.com/opinion/2026-02-24/la-conga-de-los-pocholos.html',
      level: 'INFO',
      test_run_uuid: 'd438c723-c341-4821-a503-c9623a60f888'
    }
  ]
} to 28529:0
2026-02-24T21:18:58.019Z CLI info [testhub:request-queue-handler]  [vedantvankar_WD2nZN]  [srujyhua7le0kbwv6qz2yzcqpznuptkb92dxcer1]  [5be2e400-7dbb-417d-b612-44702b0f7e80]  Added the event {
  event_type: 'LogCreated',
  logs: [
    {
      testFrameworkName: 'pytest',
      testFrameworkVersion: '9.0.2',
      testFrameworkState: 'INIT_TEST',
      timestamp: '2026-02-24T21:18:39.998Z',
      uuid: 'd438c723-c341-4821-a503-c9623a60f888',
      kind: 'TEST_LOG',
      message: 'https://elpais.com/opinion/2026-02-24/riki-blanco-prohibido.html',
      level: 'INFO',
      test_run_uuid: 'd438c723-c341-4821-a503-c9623a60f888'
    }
  ]
} to 28529:0
2026-02-24T21:18:58.020Z CLI info [testhub:request-queue-handler]  [vedantvankar_WD2nZN]  [srujyhua7le0kbwv6qz2yzcqpznuptkb92dxcer1]  [5be2e400-7dbb-417d-b612-44702b0f7e80]  Added the event {
  event_type: 'LogCreated',
  logs: [
    {
      testFrameworkName: 'pytest',
      testFrameworkVersion: '9.0.2',
      testFrameworkState: 'INIT_TEST',
      timestamp: '2026-02-24T21:18:39.998Z',
      uuid: 'd438c723-c341-4821-a503-c9623a60f888',
      kind: 'TEST_LOG',
      message: 'https://elpais.com/opinion/2026-02-24/desconectados-del-mundo.html',
      level: 'INFO',
      test_run_uuid: 'd438c723-c341-4821-a503-c9623a60f888'
    }
  ]
} to 28529:0
2026-02-24T21:18:58.022Z CLI info [testhub:request-queue-handler]  [vedantvankar_WD2nZN]  [srujyhua7le0kbwv6qz2yzcqpznuptkb92dxcer1]  [5be2e400-7dbb-417d-b612-44702b0f7e80]  Added the event {
  event_type: 'LogCreated',
  logs: [
    {
      testFrameworkName: 'pytest',
      testFrameworkVersion: '9.0.2',
      testFrameworkState: 'INIT_TEST',
      timestamp: '2026-02-24T21:18:39.998Z',
      uuid: 'd438c723-c341-4821-a503-c9623a60f888',
      kind: 'TEST_LOG',
      message: '\n==============================',
      level: 'INFO',
      test_run_uuid: 'd438c723-c341-4821-a503-c9623a60f888'
    }
  ]
} to 28529:0
2026-02-24T21:18:58.022Z CLI info [testhub:request-queue-handler]  [vedantvankar_WD2nZN]  [srujyhua7le0kbwv6qz2yzcqpznuptkb92dxcer1]  [5be2e400-7dbb-417d-b612-44702b0f7e80]  Added the event {
  event_type: 'LogCreated',
  logs: [
    {
      testFrameworkName: 'pytest',
      testFrameworkVersion: '9.0.2',
      testFrameworkState: 'INIT_TEST',
      timestamp: '2026-02-24T21:18:39.998Z',
      uuid: 'd438c723-c341-4821-a503-c9623a60f888',
      kind: 'TEST_LOG',
      message: 'Scraping article 1',
      level: 'INFO',
      test_run_uuid: 'd438c723-c341-4821-a503-c9623a60f888'
    }
  ]
} to 28529:0
2026-02-24T21:18:58.134Z CLI info [testhub:request-queue-handler]  [vedantvankar_WD2nZN]  [srujyhua7le0kbwv6qz2yzcqpznuptkb92dxcer1]  [5be2e400-7dbb-417d-b612-44702b0f7e80]  Added the event {
  event_type: 'HookRunFinished',
  hook_run: {
    type: 'hook',
    hook_type: 'BEFORE_EACH',
    framework: 'pytest',
    uuid: 'e28bb9d8-6d8a-4011-b1eb-53a63ca48be8',
    name: 'setup',
    result: 'passed',
    test_run_id: '68529219-2f00-4bd6-9a24-a597a7326465',
    body: { lang: 'python', code: null },
    scope: 'test_elpais_scraper',
    custom_metadata: {},
    tags: [],
    scopes: [ 'main.py' ],
    file_name: 'main.py',
    location: 'main.py',
    vc_filepath: 'main.py',
    started_at: '2026-02-24T21:18:40.201Z',
    finished_at: '2026-02-24T21:18:58.119Z'
  },
  logs: []
} to 28529:0
2026-02-24T21:18:58.438Z CLI info [testhub:request-queue-handler]  [vedantvankar_WD2nZN]  [srujyhua7le0kbwv6qz2yzcqpznuptkb92dxcer1]  [5be2e400-7dbb-417d-b612-44702b0f7e80]  Added the event {
  event_type: 'CBTSessionCreated',
  test_run: {
    uuid: '1a8c5e8a-1351-4807-9f6d-1fb775d14a06',
    integrations: { browserstack: [Object] }
  }
} to 28529:0
2026-02-24T21:18:58.463Z CLI info [testhub:request-queue-handler]  [vedantvankar_WD2nZN]  [srujyhua7le0kbwv6qz2yzcqpznuptkb92dxcer1]  [5be2e400-7dbb-417d-b612-44702b0f7e80]  Added the event {
  event_type: 'TestRunStarted',
  test_run: {
    type: 'test',
    framework: 'pytest',
    uuid: '1a8c5e8a-1351-4807-9f6d-1fb775d14a06',
    name: 'test_elpais_scraper',
    body: {
      lang: 'python',
      code: 'def test_elpais_scraper(driver):\n' +
        '\n' +
        '    # --- Step 1: visit El País, verify Spanish ---\n' +
        '    driver.get("https://elpais.com/")\n' +
        '    time.sleep(5)\n' +
        '\n' +
        '    soup = BeautifulSoup(driver.page_source, "lxml")\n' +
        '\n' +
        '    html_tag = soup.find("html")\n' +
        '    lang = html_tag.get("lang", "") if html_tag else ""\n' +
        `    assert "es" in lang, f"Expected Spanish language tag, got: '{lang}'"\n` +
        '\n' +
        '    print(f"\\nLanguage confirmed: {lang}")\n' +
        '\n' +
        '    # --- Step 2: scrape opinion articles ---\n' +
        '    all_urls = extract_opinion_urls(soup)\n' +
        '\n' +
        '    article_urls = [\n' +
        '        u for u in all_urls\n' +
        '        if "/opinion/" in u and not u.rstrip("/").endswith("/opinion")\n' +
        '    ][:5]\n' +
        '\n' +
        '    assert len(article_urls) > 0, "No opinion article URLs found on homepage"\n' +
        '\n' +
        '    print(f"\\nFound {len(article_urls)} opinion articles:")\n' +
        '    for url in article_urls:\n' +
        '        print(url)\n' +
        '\n' +
        '    spanish_titles = scrape_articles(driver, article_urls)\n' +
        '\n' +
        '    assert len(spanish_titles) == len(article_urls), (\n' +
        '        f"Expected {len(article_urls)} titles, got {len(spanish_titles)}"\n' +
        '    )\n' +
        '\n' +
        '    # --- Step 3: translate titles ---\n' +
        '    print("\\n==============================")\n' +
        '    print("TRANSLATING TITLES TO ENGLISH")\n' +
        '\n' +
        '    translated_titles = translate_titles_to_english(spanish_titles)\n' +
        '\n' +
        '    assert len(translated_titles) == len(spanish_titles), (\n' +
        '        "Translation API returned fewer results than expected"\n' +
        '    )\n' +
        '\n' +
        '    for es, en in zip(spanish_titles, translated_titles):\n' +
        '        print(f"\\nSpanish: {es}")\n' +
        '        print(f"English: {en}")\n' +
        '\n' +
        '    # --- Step 4: word analysis ---\n' +
        '    print("\\n==============================")\n' +
        '    print("REPEATED WORDS (count > 2)")\n' +
        '\n' +
        '    repeated_words = find_repeated_words(translated_titles, min_count=3)\n' +
        '\n' +
        '    if repeated_words:\n' +
        '        for word, count in repeated_words.items():\n' +
        '            print(f"{word} -> {count}")\n' +
        '    else:\n' +
        '        print("No words repeated more than twice.")\n' +
        '\n' +
        '    print("\\nPART 2 COMPLETE")\n'
    },
    identifier: 'test_elpais_scraper',
    scope: 'test_elpais_scraper',
    scopes: [ 'main.py' ],
    file_name: 'main.py',
    vc_filepath: 'main.py',
    location: 'main.py',
    result: 'pending',
    duration_in_ms: null,
    started_at: '2026-02-24T21:18:57.986Z',
    failure: undefined,
    failure_type: undefined,
    failure_reason: null,
    retry_of: null,
    custom_metadata: undefined,
    tags: [],
    customRerunParam: { rerun_name: 'main.py::test_elpais_scraper' },
    hooks: [],
    product_map: {
      observability: true,
      accessibility: false,
      percy: false,
      automate: true,
      app_automate: false
    },
    integrations: { browserstack: [Object] }
  },
  logs: []
} to 28529:0
2026-02-24T21:18:58.551Z CLI info [testhub:request-queue-handler]  [vedantvankar_WD2nZN]  [srujyhua7le0kbwv6qz2yzcqpznuptkb92dxcer1]  [5be2e400-7dbb-417d-b612-44702b0f7e80]  Added the event {
  event_type: 'CBTSessionCreated',
  test_run: {
    uuid: '68529219-2f00-4bd6-9a24-a597a7326465',
    integrations: { browserstack: [Object] }
  }
} to 28529:0
2026-02-24T21:18:58.564Z CLI info [testhub:request-queue-handler]  [vedantvankar_WD2nZN]  [srujyhua7le0kbwv6qz2yzcqpznuptkb92dxcer1]  [5be2e400-7dbb-417d-b612-44702b0f7e80]  Added the event {
  event_type: 'TestRunStarted',
  test_run: {
    type: 'test',
    framework: 'pytest',
    uuid: '68529219-2f00-4bd6-9a24-a597a7326465',
    name: 'test_elpais_scraper',
    body: {
      lang: 'python',
      code: 'def test_elpais_scraper(driver):\n' +
        '\n' +
        '    # --- Step 1: visit El País, verify Spanish ---\n' +
        '    driver.get("https://elpais.com/")\n' +
        '    time.sleep(5)\n' +
        '\n' +
        '    soup = BeautifulSoup(driver.page_source, "lxml")\n' +
        '\n' +
        '    html_tag = soup.find("html")\n' +
        '    lang = html_tag.get("lang", "") if html_tag else ""\n' +
        `    assert "es" in lang, f"Expected Spanish language tag, got: '{lang}'"\n` +
        '\n' +
        '    print(f"\\nLanguage confirmed: {lang}")\n' +
        '\n' +
        '    # --- Step 2: scrape opinion articles ---\n' +
        '    all_urls = extract_opinion_urls(soup)\n' +
        '\n' +
        '    article_urls = [\n' +
        '        u for u in all_urls\n' +
        '        if "/opinion/" in u and not u.rstrip("/").endswith("/opinion")\n' +
        '    ][:5]\n' +
        '\n' +
        '    assert len(article_urls) > 0, "No opinion article URLs found on homepage"\n' +
        '\n' +
        '    print(f"\\nFound {len(article_urls)} opinion articles:")\n' +
        '    for url in article_urls:\n' +
        '        print(url)\n' +
        '\n' +
        '    spanish_titles = scrape_articles(driver, article_urls)\n' +
        '\n' +
        '    assert len(spanish_titles) == len(article_urls), (\n' +
        '        f"Expected {len(article_urls)} titles, got {len(spanish_titles)}"\n' +
        '    )\n' +
        '\n' +
        '    # --- Step 3: translate titles ---\n' +
        '    print("\\n==============================")\n' +
        '    print("TRANSLATING TITLES TO ENGLISH")\n' +
        '\n' +
        '    translated_titles = translate_titles_to_english(spanish_titles)\n' +
        '\n' +
        '    assert len(translated_titles) == len(spanish_titles), (\n' +
        '        "Translation API returned fewer results than expected"\n' +
        '    )\n' +
        '\n' +
        '    for es, en in zip(spanish_titles, translated_titles):\n' +
        '        print(f"\\nSpanish: {es}")\n' +
        '        print(f"English: {en}")\n' +
        '\n' +
        '    # --- Step 4: word analysis ---\n' +
        '    print("\\n==============================")\n' +
        '    print("REPEATED WORDS (count > 2)")\n' +
        '\n' +
        '    repeated_words = find_repeated_words(translated_titles, min_count=3)\n' +
        '\n' +
        '    if repeated_words:\n' +
        '        for word, count in repeated_words.items():\n' +
        '            print(f"{word} -> {count}")\n' +
        '    else:\n' +
        '        print("No words repeated more than twice.")\n' +
        '\n' +
        '    print("\\nPART 2 COMPLETE")\n'
    },
    identifier: 'test_elpais_scraper',
    scope: 'test_elpais_scraper',
    scopes: [ 'main.py' ],
    file_name: 'main.py',
    vc_filepath: 'main.py',
    location: 'main.py',
    result: 'pending',
    duration_in_ms: null,
    started_at: '2026-02-24T21:18:58.129Z',
    failure: undefined,
    failure_type: undefined,
    failure_reason: null,
    retry_of: null,
    custom_metadata: undefined,
    tags: [],
    customRerunParam: { rerun_name: 'main.py::test_elpais_scraper' },
    hooks: [],
    product_map: {
      observability: true,
      accessibility: false,
      percy: false,
      automate: true,
      app_automate: false
    },
    integrations: { browserstack: [Object] }
  },
  logs: []
} to 28529:0
2026-02-24T21:18:59.611Z CLI info [testhub:request-queue-handler]  [vedantvankar_WD2nZN]  [srujyhua7le0kbwv6qz2yzcqpznuptkb92dxcer1]  [5be2e400-7dbb-417d-b612-44702b0f7e80]  Processing batch event [
  {
    event_type: 'HookRunFinished',
    hook_run: {
      type: 'hook',
      hook_type: 'BEFORE_EACH',
      framework: 'pytest',
      uuid: 'f415393d-4f42-4ec8-bb6c-1d398a1caf15',
      name: 'setup',
      result: 'passed',
      test_run_id: '1a8c5e8a-1351-4807-9f6d-1fb775d14a06',
      body: [Object],
      scope: 'test_elpais_scraper',
      custom_metadata: {},
      tags: [],
      scopes: [Array],
      file_name: 'main.py',
      location: 'main.py',
      vc_filepath: 'main.py',
      started_at: '2026-02-24T21:18:40.306Z',
      finished_at: '2026-02-24T21:18:57.978Z'
    },
    logs: []
  },
  { event_type: 'LogCreated', logs: [ [Object] ] },
  { event_type: 'LogCreated', logs: [ [Object] ] },
  { event_type: 'LogCreated', logs: [ [Object] ] },
  { event_type: 'LogCreated', logs: [ [Object] ] },
  { event_type: 'LogCreated', logs: [ [Object] ] },
  { event_type: 'LogCreated', logs: [ [Object] ] },
  { event_type: 'LogCreated', logs: [ [Object] ] },
  { event_type: 'LogCreated', logs: [ [Object] ] },
  { event_type: 'LogCreated', logs: [ [Object] ] },
  {
    event_type: 'HookRunFinished',
    hook_run: {
      type: 'hook',
      hook_type: 'BEFORE_EACH',
      framework: 'pytest',
      uuid: 'e28bb9d8-6d8a-4011-b1eb-53a63ca48be8',
      name: 'setup',
      result: 'passed',
      test_run_id: '68529219-2f00-4bd6-9a24-a597a7326465',
      body: [Object],
      scope: 'test_elpais_scraper',
      custom_metadata: {},
      tags: [],
      scopes: [Array],
      file_name: 'main.py',
      location: 'main.py',
      vc_filepath: 'main.py',
      started_at: '2026-02-24T21:18:40.201Z',
      finished_at: '2026-02-24T21:18:58.119Z'
    },
    logs: []
  },
  {
    event_type: 'CBTSessionCreated',
    test_run: {
      uuid: '1a8c5e8a-1351-4807-9f6d-1fb775d14a06',
      integrations: [Object]
    }
  },
  {
    event_type: 'TestRunStarted',
    test_run: {
      type: 'test',
      framework: 'pytest',
      uuid: '1a8c5e8a-1351-4807-9f6d-1fb775d14a06',
      name: 'test_elpais_scraper',
      body: [Object],
      identifier: 'test_elpais_scraper',
      scope: 'test_elpais_scraper',
      scopes: [Array],
      file_name: 'main.py',
      vc_filepath: 'main.py',
      location: 'main.py',
      result: 'pending',
      duration_in_ms: null,
      started_at: '2026-02-24T21:18:57.986Z',
      failure: undefined,
      failure_type: undefined,
      failure_reason: null,
      retry_of: null,
      custom_metadata: undefined,
      tags: [],
      customRerunParam: [Object],
      hooks: [],
      product_map: [Object],
      integrations: [Object]
    },
    logs: []
  },
  {
    event_type: 'CBTSessionCreated',
    test_run: {
      uuid: '68529219-2f00-4bd6-9a24-a597a7326465',
      integrations: [Object]
    }
  },
  {
    event_type: 'TestRunStarted',
    test_run: {
      type: 'test',
      framework: 'pytest',
      uuid: '68529219-2f00-4bd6-9a24-a597a7326465',
      name: 'test_elpais_scraper',
      body: [Object],
      identifier: 'test_elpais_scraper',
      scope: 'test_elpais_scraper',
      scopes: [Array],
      file_name: 'main.py',
      vc_filepath: 'main.py',
      location: 'main.py',
      result: 'pending',
      duration_in_ms: null,
      started_at: '2026-02-24T21:18:58.129Z',
      failure: undefined,
      failure_type: undefined,
      failure_reason: null,
      retry_of: null,
      custom_metadata: undefined,
      tags: [],
      customRerunParam: [Object],
      hooks: [],
      product_map: [Object],
      integrations: [Object]
    },
    logs: []
  }
] to 28529:0
2026-02-24T21:18:59.612Z CLI info  [vedantvankar_WD2nZN]  [srujyhua7le0kbwv6qz2yzcqpznuptkb92dxcer1]  [5be2e400-7dbb-417d-b612-44702b0f7e80]  [PRODUCTION] Making POST request to https://collector-observability.browserstack.com
2026-02-24T21:18:59.841Z CLI info [testhub:request-queue-handler]  [vedantvankar_WD2nZN]  [srujyhua7le0kbwv6qz2yzcqpznuptkb92dxcer1]  [5be2e400-7dbb-417d-b612-44702b0f7e80]  Added the event {
  event_type: 'HookRunFinished',
  hook_run: {
    type: 'hook',
    hook_type: 'BEFORE_EACH',
    framework: 'pytest',
    uuid: '39805146-6688-46db-9e2b-df52072bdd3d',
    name: 'setup',
    result: 'passed',
    test_run_id: '819487dd-188d-4ef5-99c8-dcc5d3d67b38',
    body: { lang: 'python', code: null },
    scope: 'test_elpais_scraper',
    custom_metadata: {},
    tags: [],
    scopes: [ 'main.py' ],
    file_name: 'main.py',
    location: 'main.py',
    vc_filepath: 'main.py',
    started_at: '2026-02-24T21:18:40.783Z',
    finished_at: '2026-02-24T21:18:59.824Z'
  },
  logs: []
} to 28529:0
2026-02-24T21:19:00.381Z CLI info [testhub:request-queue-handler]  [vedantvankar_WD2nZN]  [srujyhua7le0kbwv6qz2yzcqpznuptkb92dxcer1]  [5be2e400-7dbb-417d-b612-44702b0f7e80]  Added the event {
  event_type: 'CBTSessionCreated',
  test_run: {
    uuid: '819487dd-188d-4ef5-99c8-dcc5d3d67b38',
    integrations: { browserstack: [Object] }
  }
} to 28529:0
2026-02-24T21:19:00.399Z CLI info [testhub:request-queue-handler]  [vedantvankar_WD2nZN]  [srujyhua7le0kbwv6qz2yzcqpznuptkb92dxcer1]  [5be2e400-7dbb-417d-b612-44702b0f7e80]  Added the event {
  event_type: 'TestRunStarted',
  test_run: {
    type: 'test',
    framework: 'pytest',
    uuid: '819487dd-188d-4ef5-99c8-dcc5d3d67b38',
    name: 'test_elpais_scraper',
    body: {
      lang: 'python',
      code: 'def test_elpais_scraper(driver):\n' +
        '\n' +
        '    # --- Step 1: visit El País, verify Spanish ---\n' +
        '    driver.get("https://elpais.com/")\n' +
        '    time.sleep(5)\n' +
        '\n' +
        '    soup = BeautifulSoup(driver.page_source, "lxml")\n' +
        '\n' +
        '    html_tag = soup.find("html")\n' +
        '    lang = html_tag.get("lang", "") if html_tag else ""\n' +
        `    assert "es" in lang, f"Expected Spanish language tag, got: '{lang}'"\n` +
        '\n' +
        '    print(f"\\nLanguage confirmed: {lang}")\n' +
        '\n' +
        '    # --- Step 2: scrape opinion articles ---\n' +
        '    all_urls = extract_opinion_urls(soup)\n' +
        '\n' +
        '    article_urls = [\n' +
        '        u for u in all_urls\n' +
        '        if "/opinion/" in u and not u.rstrip("/").endswith("/opinion")\n' +
        '    ][:5]\n' +
        '\n' +
        '    assert len(article_urls) > 0, "No opinion article URLs found on homepage"\n' +
        '\n' +
        '    print(f"\\nFound {len(article_urls)} opinion articles:")\n' +
        '    for url in article_urls:\n' +
        '        print(url)\n' +
        '\n' +
        '    spanish_titles = scrape_articles(driver, article_urls)\n' +
        '\n' +
        '    assert len(spanish_titles) == len(article_urls), (\n' +
        '        f"Expected {len(article_urls)} titles, got {len(spanish_titles)}"\n' +
        '    )\n' +
        '\n' +
        '    # --- Step 3: translate titles ---\n' +
        '    print("\\n==============================")\n' +
        '    print("TRANSLATING TITLES TO ENGLISH")\n' +
        '\n' +
        '    translated_titles = translate_titles_to_english(spanish_titles)\n' +
        '\n' +
        '    assert len(translated_titles) == len(spanish_titles), (\n' +
        '        "Translation API returned fewer results than expected"\n' +
        '    )\n' +
        '\n' +
        '    for es, en in zip(spanish_titles, translated_titles):\n' +
        '        print(f"\\nSpanish: {es}")\n' +
        '        print(f"English: {en}")\n' +
        '\n' +
        '    # --- Step 4: word analysis ---\n' +
        '    print("\\n==============================")\n' +
        '    print("REPEATED WORDS (count > 2)")\n' +
        '\n' +
        '    repeated_words = find_repeated_words(translated_titles, min_count=3)\n' +
        '\n' +
        '    if repeated_words:\n' +
        '        for word, count in repeated_words.items():\n' +
        '            print(f"{word} -> {count}")\n' +
        '    else:\n' +
        '        print("No words repeated more than twice.")\n' +
        '\n' +
        '    print("\\nPART 2 COMPLETE")\n'
    },
    identifier: 'test_elpais_scraper',
    scope: 'test_elpais_scraper',
    scopes: [ 'main.py' ],
    file_name: 'main.py',
    vc_filepath: 'main.py',
    location: 'main.py',
    result: 'pending',
    duration_in_ms: null,
    started_at: '2026-02-24T21:18:59.839Z',
    failure: undefined,
    failure_type: undefined,
    failure_reason: null,
    retry_of: null,
    custom_metadata: undefined,
    tags: [],
    customRerunParam: { rerun_name: 'main.py::test_elpais_scraper' },
    hooks: [],
    product_map: {
      observability: true,
      accessibility: false,
      percy: false,
      automate: true,
      app_automate: false
    },
    integrations: { browserstack: [Object] }
  },
  logs: []
} to 28529:0
2026-02-24T21:19:01.610Z CLI info [testhub:request-queue-handler]  [vedantvankar_WD2nZN]  [srujyhua7le0kbwv6qz2yzcqpznuptkb92dxcer1]  [5be2e400-7dbb-417d-b612-44702b0f7e80]  Processing batch event [
  {
    event_type: 'HookRunFinished',
    hook_run: {
      type: 'hook',
      hook_type: 'BEFORE_EACH',
      framework: 'pytest',
      uuid: '39805146-6688-46db-9e2b-df52072bdd3d',
      name: 'setup',
      result: 'passed',
      test_run_id: '819487dd-188d-4ef5-99c8-dcc5d3d67b38',
      body: [Object],
      scope: 'test_elpais_scraper',
      custom_metadata: {},
      tags: [],
      scopes: [Array],
      file_name: 'main.py',
      location: 'main.py',
      vc_filepath: 'main.py',
      started_at: '2026-02-24T21:18:40.783Z',
      finished_at: '2026-02-24T21:18:59.824Z'
    },
    logs: []
  },
  {
    event_type: 'CBTSessionCreated',
    test_run: {
      uuid: '819487dd-188d-4ef5-99c8-dcc5d3d67b38',
      integrations: [Object]
    }
  },
  {
    event_type: 'TestRunStarted',
    test_run: {
      type: 'test',
      framework: 'pytest',
      uuid: '819487dd-188d-4ef5-99c8-dcc5d3d67b38',
      name: 'test_elpais_scraper',
      body: [Object],
      identifier: 'test_elpais_scraper',
      scope: 'test_elpais_scraper',
      scopes: [Array],
      file_name: 'main.py',
      vc_filepath: 'main.py',
      location: 'main.py',
      result: 'pending',
      duration_in_ms: null,
      started_at: '2026-02-24T21:18:59.839Z',
      failure: undefined,
      failure_type: undefined,
      failure_reason: null,
      retry_of: null,
      custom_metadata: undefined,
      tags: [],
      customRerunParam: [Object],
      hooks: [],
      product_map: [Object],
      integrations: [Object]
    },
    logs: []
  }
] to 28529:0
2026-02-24T21:19:01.611Z CLI info  [vedantvankar_WD2nZN]  [srujyhua7le0kbwv6qz2yzcqpznuptkb92dxcer1]  [5be2e400-7dbb-417d-b612-44702b0f7e80]  [PRODUCTION] Making POST request to https://collector-observability.browserstack.com
2026-02-24T21:19:04.412Z CLI info [testhub:request-queue-handler]  [vedantvankar_WD2nZN]  [srujyhua7le0kbwv6qz2yzcqpznuptkb92dxcer1]  [5be2e400-7dbb-417d-b612-44702b0f7e80]  Added the event {
  event_type: 'LogCreated',
  logs: [
    {
      testFrameworkName: 'pytest',
      testFrameworkVersion: '9.0.2',
      testFrameworkState: 'INIT_TEST',
      timestamp: '2026-02-24T21:18:39.998Z',
      uuid: 'd438c723-c341-4821-a503-c9623a60f888',
      kind: 'TEST_LOG',
      message: '\nTITLE (Spanish):',
      level: 'INFO',
      test_run_uuid: 'd438c723-c341-4821-a503-c9623a60f888'
    }
  ]
} to 28529:0
2026-02-24T21:19:04.414Z CLI info [testhub:request-queue-handler]  [vedantvankar_WD2nZN]  [srujyhua7le0kbwv6qz2yzcqpznuptkb92dxcer1]  [5be2e400-7dbb-417d-b612-44702b0f7e80]  Added the event {
  event_type: 'LogCreated',
  logs: [
    {
      testFrameworkName: 'pytest',
      testFrameworkVersion: '9.0.2',
      testFrameworkState: 'INIT_TEST',
      timestamp: '2026-02-24T21:18:39.998Z',
      uuid: 'd438c723-c341-4821-a503-c9623a60f888',
      kind: 'TEST_LOG',
      message: 'No más secretos del 23-F',
      level: 'INFO',
      test_run_uuid: 'd438c723-c341-4821-a503-c9623a60f888'
    }
  ]
} to 28529:0
2026-02-24T21:19:04.420Z CLI info [testhub:request-queue-handler]  [vedantvankar_WD2nZN]  [srujyhua7le0kbwv6qz2yzcqpznuptkb92dxcer1]  [5be2e400-7dbb-417d-b612-44702b0f7e80]  Added the event {
  event_type: 'LogCreated',
  logs: [
    {
      testFrameworkName: 'pytest',
      testFrameworkVersion: '9.0.2',
      testFrameworkState: 'INIT_TEST',
      timestamp: '2026-02-24T21:18:39.998Z',
      uuid: 'd438c723-c341-4821-a503-c9623a60f888',
      kind: 'TEST_LOG',
      message: '\nCONTENT PREVIEW:',
      level: 'INFO',
      test_run_uuid: 'd438c723-c341-4821-a503-c9623a60f888'
    }
  ]
} to 28529:0
2026-02-24T21:19:04.423Z CLI info [testhub:request-queue-handler]  [vedantvankar_WD2nZN]  [srujyhua7le0kbwv6qz2yzcqpznuptkb92dxcer1]  [5be2e400-7dbb-417d-b612-44702b0f7e80]  Added the event {
  event_type: 'LogCreated',
  logs: [
    {
      testFrameworkName: 'pytest',
      testFrameworkVersion: '9.0.2',
      testFrameworkState: 'INIT_TEST',
      timestamp: '2026-02-24T21:18:39.998Z',
      uuid: 'd438c723-c341-4821-a503-c9623a60f888',
      kind: 'TEST_LOG',
      message: 'Desclasificar los documentos del golpe de Estado ayudará a acabar con las conspiraciones interesadas sobre la Transición\n' +
        'El Consejo de Ministrosprevé desclasificar hoy todos los documentos oficiales en posesión del Gobiernorelacionados con el intento de golpe de Estado del 23 de febrero de 1981. Se espera que mañana estén accesibles en la web de La Moncloa. A la espera de ver el material, hay que saludar una decisión que salda“una deuda histórica con la ciudadanía”, como dijo Pedro Sánchez al ha ...',
      level: 'INFO',
      test_run_uuid: 'd438c723-c341-4821-a503-c9623a60f888'
    }
  ]
} to 28529:0
2026-02-24T21:19:04.646Z CLI info [testhub:request-queue-handler]  [vedantvankar_WD2nZN]  [srujyhua7le0kbwv6qz2yzcqpznuptkb92dxcer1]  [5be2e400-7dbb-417d-b612-44702b0f7e80]  Added the event {
  event_type: 'LogCreated',
  logs: [
    {
      testFrameworkName: 'pytest',
      testFrameworkVersion: '9.0.2',
      testFrameworkState: 'INIT_TEST',
      timestamp: '2026-02-24T21:18:39.647Z',
      uuid: '288266c0-cfec-4e91-8be5-ecf81df1c4d2',
      kind: 'TEST_LOG',
      message: '\nLanguage confirmed: es-ES',
      level: 'INFO',
      test_run_uuid: '288266c0-cfec-4e91-8be5-ecf81df1c4d2'
    }
  ]
} to 28529:0
2026-02-24T21:19:04.649Z CLI info [testhub:request-queue-handler]  [vedantvankar_WD2nZN]  [srujyhua7le0kbwv6qz2yzcqpznuptkb92dxcer1]  [5be2e400-7dbb-417d-b612-44702b0f7e80]  Added the event {
  event_type: 'LogCreated',
  logs: [
    {
      testFrameworkName: 'pytest',
      testFrameworkVersion: '9.0.2',
      testFrameworkState: 'INIT_TEST',
      timestamp: '2026-02-24T21:18:39.647Z',
      uuid: '288266c0-cfec-4e91-8be5-ecf81df1c4d2',
      kind: 'TEST_LOG',
      message: '\nFound 5 opinion articles:',
      level: 'INFO',
      test_run_uuid: '288266c0-cfec-4e91-8be5-ecf81df1c4d2'
    }
  ]
} to 28529:0
2026-02-24T21:19:04.650Z CLI info [testhub:request-queue-handler]  [vedantvankar_WD2nZN]  [srujyhua7le0kbwv6qz2yzcqpznuptkb92dxcer1]  [5be2e400-7dbb-417d-b612-44702b0f7e80]  Added the event {
  event_type: 'LogCreated',
  logs: [
    {
      testFrameworkName: 'pytest',
      testFrameworkVersion: '9.0.2',
      testFrameworkState: 'INIT_TEST',
      timestamp: '2026-02-24T21:18:39.647Z',
      uuid: '288266c0-cfec-4e91-8be5-ecf81df1c4d2',
      kind: 'TEST_LOG',
      message: 'https://elpais.com/opinion/2026-02-24/no-mas-secretos-del-23-f.html',
      level: 'INFO',
      test_run_uuid: '288266c0-cfec-4e91-8be5-ecf81df1c4d2'
    }
  ]
} to 28529:0
2026-02-24T21:19:04.652Z CLI info [testhub:request-queue-handler]  [vedantvankar_WD2nZN]  [srujyhua7le0kbwv6qz2yzcqpznuptkb92dxcer1]  [5be2e400-7dbb-417d-b612-44702b0f7e80]  Added the event {
  event_type: 'LogCreated',
  logs: [
    {
      testFrameworkName: 'pytest',
      testFrameworkVersion: '9.0.2',
      testFrameworkState: 'INIT_TEST',
      timestamp: '2026-02-24T21:18:39.647Z',
      uuid: '288266c0-cfec-4e91-8be5-ecf81df1c4d2',
      kind: 'TEST_LOG',
      message: 'https://elpais.com/opinion/2026-02-24/la-lenta-gestacion-de-la-extrema-derecha.html',
      level: 'INFO',
      test_run_uuid: '288266c0-cfec-4e91-8be5-ecf81df1c4d2'
    }
  ]
} to 28529:0
2026-02-24T21:19:04.654Z CLI info [testhub:request-queue-handler]  [vedantvankar_WD2nZN]  [srujyhua7le0kbwv6qz2yzcqpznuptkb92dxcer1]  [5be2e400-7dbb-417d-b612-44702b0f7e80]  Added the event {
  event_type: 'LogCreated',
  logs: [
    {
      testFrameworkName: 'pytest',
      testFrameworkVersion: '9.0.2',
      testFrameworkState: 'INIT_TEST',
      timestamp: '2026-02-24T21:18:39.647Z',
      uuid: '288266c0-cfec-4e91-8be5-ecf81df1c4d2',
      kind: 'TEST_LOG',
      message: 'https://elpais.com/opinion/2026-02-24/riki-blanco-prohibido.html',
      level: 'INFO',
      test_run_uuid: '288266c0-cfec-4e91-8be5-ecf81df1c4d2'
    }
  ]
} to 28529:0
2026-02-24T21:19:04.655Z CLI info [testhub:request-queue-handler]  [vedantvankar_WD2nZN]  [srujyhua7le0kbwv6qz2yzcqpznuptkb92dxcer1]  [5be2e400-7dbb-417d-b612-44702b0f7e80]  Added the event {
  event_type: 'LogCreated',
  logs: [
    {
      testFrameworkName: 'pytest',
      testFrameworkVersion: '9.0.2',
      testFrameworkState: 'INIT_TEST',
      timestamp: '2026-02-24T21:18:39.647Z',
      uuid: '288266c0-cfec-4e91-8be5-ecf81df1c4d2',
      kind: 'TEST_LOG',
      message: 'https://elpais.com/opinion/2026-02-24/la-conga-de-los-pocholos.html',
      level: 'INFO',
      test_run_uuid: '288266c0-cfec-4e91-8be5-ecf81df1c4d2'
    }
  ]
} to 28529:0
2026-02-24T21:19:04.656Z CLI info [testhub:request-queue-handler]  [vedantvankar_WD2nZN]  [srujyhua7le0kbwv6qz2yzcqpznuptkb92dxcer1]  [5be2e400-7dbb-417d-b612-44702b0f7e80]  Added the event {
  event_type: 'LogCreated',
  logs: [
    {
      testFrameworkName: 'pytest',
      testFrameworkVersion: '9.0.2',
      testFrameworkState: 'INIT_TEST',
      timestamp: '2026-02-24T21:18:39.647Z',
      uuid: '288266c0-cfec-4e91-8be5-ecf81df1c4d2',
      kind: 'TEST_LOG',
      message: 'https://elpais.com/opinion/2026-02-24/desconectados-del-mundo.html',
      level: 'INFO',
      test_run_uuid: '288266c0-cfec-4e91-8be5-ecf81df1c4d2'
    }
  ]
} to 28529:0
2026-02-24T21:19:04.657Z CLI info [testhub:request-queue-handler]  [vedantvankar_WD2nZN]  [srujyhua7le0kbwv6qz2yzcqpznuptkb92dxcer1]  [5be2e400-7dbb-417d-b612-44702b0f7e80]  Added the event {
  event_type: 'LogCreated',
  logs: [
    {
      testFrameworkName: 'pytest',
      testFrameworkVersion: '9.0.2',
      testFrameworkState: 'INIT_TEST',
      timestamp: '2026-02-24T21:18:39.647Z',
      uuid: '288266c0-cfec-4e91-8be5-ecf81df1c4d2',
      kind: 'TEST_LOG',
      message: '\n==============================',
      level: 'INFO',
      test_run_uuid: '288266c0-cfec-4e91-8be5-ecf81df1c4d2'
    }
  ]
} to 28529:0
2026-02-24T21:19:04.657Z CLI info [testhub:request-queue-handler]  [vedantvankar_WD2nZN]  [srujyhua7le0kbwv6qz2yzcqpznuptkb92dxcer1]  [5be2e400-7dbb-417d-b612-44702b0f7e80]  Added the event {
  event_type: 'LogCreated',
  logs: [
    {
      testFrameworkName: 'pytest',
      testFrameworkVersion: '9.0.2',
      testFrameworkState: 'INIT_TEST',
      timestamp: '2026-02-24T21:18:39.647Z',
      uuid: '288266c0-cfec-4e91-8be5-ecf81df1c4d2',
      kind: 'TEST_LOG',
      message: 'Scraping article 1',
      level: 'INFO',
      test_run_uuid: '288266c0-cfec-4e91-8be5-ecf81df1c4d2'
    }
  ]
} to 28529:0
2026-02-24T21:19:05.612Z CLI info [testhub:request-queue-handler]  [vedantvankar_WD2nZN]  [srujyhua7le0kbwv6qz2yzcqpznuptkb92dxcer1]  [5be2e400-7dbb-417d-b612-44702b0f7e80]  Processing batch event [
  { event_type: 'LogCreated', logs: [ [Object] ] },
  { event_type: 'LogCreated', logs: [ [Object] ] },
  { event_type: 'LogCreated', logs: [ [Object] ] },
  { event_type: 'LogCreated', logs: [ [Object] ] },
  { event_type: 'LogCreated', logs: [ [Object] ] },
  { event_type: 'LogCreated', logs: [ [Object] ] },
  { event_type: 'LogCreated', logs: [ [Object] ] },
  { event_type: 'LogCreated', logs: [ [Object] ] },
  { event_type: 'LogCreated', logs: [ [Object] ] },
  { event_type: 'LogCreated', logs: [ [Object] ] },
  { event_type: 'LogCreated', logs: [ [Object] ] },
  { event_type: 'LogCreated', logs: [ [Object] ] },
  { event_type: 'LogCreated', logs: [ [Object] ] }
] to 28529:0
2026-02-24T21:19:05.614Z CLI info  [vedantvankar_WD2nZN]  [srujyhua7le0kbwv6qz2yzcqpznuptkb92dxcer1]  [5be2e400-7dbb-417d-b612-44702b0f7e80]  [PRODUCTION] Making POST request to https://collector-observability.browserstack.com
2026-02-24T21:19:06.488Z CLI info [testhub:request-queue-handler]  [vedantvankar_WD2nZN]  [srujyhua7le0kbwv6qz2yzcqpznuptkb92dxcer1]  [5be2e400-7dbb-417d-b612-44702b0f7e80]  Added the event {
  event_type: 'LogCreated',
  logs: [
    {
      testFrameworkName: 'pytest',
      testFrameworkVersion: '9.0.2',
      testFrameworkState: 'INIT_TEST',
      timestamp: '2026-02-24T21:18:39.998Z',
      uuid: 'd438c723-c341-4821-a503-c9623a60f888',
      kind: 'TEST_LOG',
      message: 'Image saved: images/article_1.jpg',
      level: 'INFO',
      test_run_uuid: 'd438c723-c341-4821-a503-c9623a60f888'
    }
  ]
} to 28529:0
2026-02-24T21:19:06.491Z CLI info [testhub:request-queue-handler]  [vedantvankar_WD2nZN]  [srujyhua7le0kbwv6qz2yzcqpznuptkb92dxcer1]  [5be2e400-7dbb-417d-b612-44702b0f7e80]  Added the event {
  event_type: 'LogCreated',
  logs: [
    {
      testFrameworkName: 'pytest',
      testFrameworkVersion: '9.0.2',
      testFrameworkState: 'INIT_TEST',
      timestamp: '2026-02-24T21:18:39.998Z',
      uuid: 'd438c723-c341-4821-a503-c9623a60f888',
      kind: 'TEST_LOG',
      message: '\n==============================',
      level: 'INFO',
      test_run_uuid: 'd438c723-c341-4821-a503-c9623a60f888'
    }
  ]
} to 28529:0
2026-02-24T21:19:06.493Z CLI info [testhub:request-queue-handler]  [vedantvankar_WD2nZN]  [srujyhua7le0kbwv6qz2yzcqpznuptkb92dxcer1]  [5be2e400-7dbb-417d-b612-44702b0f7e80]  Added the event {
  event_type: 'LogCreated',
  logs: [
    {
      testFrameworkName: 'pytest',
      testFrameworkVersion: '9.0.2',
      testFrameworkState: 'INIT_TEST',
      timestamp: '2026-02-24T21:18:39.998Z',
      uuid: 'd438c723-c341-4821-a503-c9623a60f888',
      kind: 'TEST_LOG',
      message: 'Scraping article 2',
      level: 'INFO',
      test_run_uuid: 'd438c723-c341-4821-a503-c9623a60f888'
    }
  ]
} to 28529:0
2026-02-24T21:19:07.611Z CLI info [testhub:request-queue-handler]  [vedantvankar_WD2nZN]  [srujyhua7le0kbwv6qz2yzcqpznuptkb92dxcer1]  [5be2e400-7dbb-417d-b612-44702b0f7e80]  Processing batch event [
  { event_type: 'LogCreated', logs: [ [Object] ] },
  { event_type: 'LogCreated', logs: [ [Object] ] },
  { event_type: 'LogCreated', logs: [ [Object] ] }
] to 28529:0
2026-02-24T21:19:07.613Z CLI info  [vedantvankar_WD2nZN]  [srujyhua7le0kbwv6qz2yzcqpznuptkb92dxcer1]  [5be2e400-7dbb-417d-b612-44702b0f7e80]  [PRODUCTION] Making POST request to https://collector-observability.browserstack.com
2026-02-24T21:19:08.397Z CLI info [testhub:request-queue-handler]  [vedantvankar_WD2nZN]  [srujyhua7le0kbwv6qz2yzcqpznuptkb92dxcer1]  [5be2e400-7dbb-417d-b612-44702b0f7e80]  Added the event {
  event_type: 'LogCreated',
  logs: [
    {
      testFrameworkName: 'pytest',
      testFrameworkVersion: '9.0.2',
      testFrameworkState: 'INIT_TEST',
      timestamp: '2026-02-24T21:18:39.636Z',
      uuid: '1a8c5e8a-1351-4807-9f6d-1fb775d14a06',
      kind: 'TEST_LOG',
      message: '\nLanguage confirmed: es-ES',
      level: 'INFO',
      test_run_uuid: '1a8c5e8a-1351-4807-9f6d-1fb775d14a06'
    }
  ]
} to 28529:0
2026-02-24T21:19:08.399Z CLI info [testhub:request-queue-handler]  [vedantvankar_WD2nZN]  [srujyhua7le0kbwv6qz2yzcqpznuptkb92dxcer1]  [5be2e400-7dbb-417d-b612-44702b0f7e80]  Added the event {
  event_type: 'LogCreated',
  logs: [
    {
      testFrameworkName: 'pytest',
      testFrameworkVersion: '9.0.2',
      testFrameworkState: 'INIT_TEST',
      timestamp: '2026-02-24T21:18:39.636Z',
      uuid: '1a8c5e8a-1351-4807-9f6d-1fb775d14a06',
      kind: 'TEST_LOG',
      message: '\nFound 5 opinion articles:',
      level: 'INFO',
      test_run_uuid: '1a8c5e8a-1351-4807-9f6d-1fb775d14a06'
    }
  ]
} to 28529:0
2026-02-24T21:19:08.401Z CLI info [testhub:request-queue-handler]  [vedantvankar_WD2nZN]  [srujyhua7le0kbwv6qz2yzcqpznuptkb92dxcer1]  [5be2e400-7dbb-417d-b612-44702b0f7e80]  Added the event {
  event_type: 'LogCreated',
  logs: [
    {
      testFrameworkName: 'pytest',
      testFrameworkVersion: '9.0.2',
      testFrameworkState: 'INIT_TEST',
      timestamp: '2026-02-24T21:18:39.636Z',
      uuid: '1a8c5e8a-1351-4807-9f6d-1fb775d14a06',
      kind: 'TEST_LOG',
      message: 'https://elpais.com/opinion/2026-02-24/no-mas-secretos-del-23-f.html',
      level: 'INFO',
      test_run_uuid: '1a8c5e8a-1351-4807-9f6d-1fb775d14a06'
    }
  ]
} to 28529:0
2026-02-24T21:19:08.403Z CLI info [testhub:request-queue-handler]  [vedantvankar_WD2nZN]  [srujyhua7le0kbwv6qz2yzcqpznuptkb92dxcer1]  [5be2e400-7dbb-417d-b612-44702b0f7e80]  Added the event {
  event_type: 'LogCreated',
  logs: [
    {
      testFrameworkName: 'pytest',
      testFrameworkVersion: '9.0.2',
      testFrameworkState: 'INIT_TEST',
      timestamp: '2026-02-24T21:18:39.636Z',
      uuid: '1a8c5e8a-1351-4807-9f6d-1fb775d14a06',
      kind: 'TEST_LOG',
      message: 'https://elpais.com/opinion/2026-02-24/la-lenta-gestacion-de-la-extrema-derecha.html',
      level: 'INFO',
      test_run_uuid: '1a8c5e8a-1351-4807-9f6d-1fb775d14a06'
    }
  ]
} to 28529:0
2026-02-24T21:19:08.404Z CLI info [testhub:request-queue-handler]  [vedantvankar_WD2nZN]  [srujyhua7le0kbwv6qz2yzcqpznuptkb92dxcer1]  [5be2e400-7dbb-417d-b612-44702b0f7e80]  Added the event {
  event_type: 'LogCreated',
  logs: [
    {
      testFrameworkName: 'pytest',
      testFrameworkVersion: '9.0.2',
      testFrameworkState: 'INIT_TEST',
      timestamp: '2026-02-24T21:18:39.636Z',
      uuid: '1a8c5e8a-1351-4807-9f6d-1fb775d14a06',
      kind: 'TEST_LOG',
      message: 'https://elpais.com/opinion/2026-02-24/la-conga-de-los-pocholos.html',
      level: 'INFO',
      test_run_uuid: '1a8c5e8a-1351-4807-9f6d-1fb775d14a06'
    }
  ]
} to 28529:0
2026-02-24T21:19:08.405Z CLI info [testhub:request-queue-handler]  [vedantvankar_WD2nZN]  [srujyhua7le0kbwv6qz2yzcqpznuptkb92dxcer1]  [5be2e400-7dbb-417d-b612-44702b0f7e80]  Added the event {
  event_type: 'LogCreated',
  logs: [
    {
      testFrameworkName: 'pytest',
      testFrameworkVersion: '9.0.2',
      testFrameworkState: 'INIT_TEST',
      timestamp: '2026-02-24T21:18:39.636Z',
      uuid: '1a8c5e8a-1351-4807-9f6d-1fb775d14a06',
      kind: 'TEST_LOG',
      message: 'https://elpais.com/opinion/2026-02-24/riki-blanco-prohibido.html',
      level: 'INFO',
      test_run_uuid: '1a8c5e8a-1351-4807-9f6d-1fb775d14a06'
    }
  ]
} to 28529:0
2026-02-24T21:19:08.406Z CLI info [testhub:request-queue-handler]  [vedantvankar_WD2nZN]  [srujyhua7le0kbwv6qz2yzcqpznuptkb92dxcer1]  [5be2e400-7dbb-417d-b612-44702b0f7e80]  Added the event {
  event_type: 'LogCreated',
  logs: [
    {
      testFrameworkName: 'pytest',
      testFrameworkVersion: '9.0.2',
      testFrameworkState: 'INIT_TEST',
      timestamp: '2026-02-24T21:18:39.636Z',
      uuid: '1a8c5e8a-1351-4807-9f6d-1fb775d14a06',
      kind: 'TEST_LOG',
      message: 'https://elpais.com/opinion/2026-02-24/desconectados-del-mundo.html',
      level: 'INFO',
      test_run_uuid: '1a8c5e8a-1351-4807-9f6d-1fb775d14a06'
    }
  ]
} to 28529:0
2026-02-24T21:19:08.407Z CLI info [testhub:request-queue-handler]  [vedantvankar_WD2nZN]  [srujyhua7le0kbwv6qz2yzcqpznuptkb92dxcer1]  [5be2e400-7dbb-417d-b612-44702b0f7e80]  Added the event {
  event_type: 'LogCreated',
  logs: [
    {
      testFrameworkName: 'pytest',
      testFrameworkVersion: '9.0.2',
      testFrameworkState: 'INIT_TEST',
      timestamp: '2026-02-24T21:18:39.636Z',
      uuid: '1a8c5e8a-1351-4807-9f6d-1fb775d14a06',
      kind: 'TEST_LOG',
      message: '\n==============================',
      level: 'INFO',
      test_run_uuid: '1a8c5e8a-1351-4807-9f6d-1fb775d14a06'
    }
  ]
} to 28529:0
2026-02-24T21:19:08.409Z CLI info [testhub:request-queue-handler]  [vedantvankar_WD2nZN]  [srujyhua7le0kbwv6qz2yzcqpznuptkb92dxcer1]  [5be2e400-7dbb-417d-b612-44702b0f7e80]  Added the event {
  event_type: 'LogCreated',
  logs: [
    {
      testFrameworkName: 'pytest',
      testFrameworkVersion: '9.0.2',
      testFrameworkState: 'INIT_TEST',
      timestamp: '2026-02-24T21:18:39.636Z',
      uuid: '1a8c5e8a-1351-4807-9f6d-1fb775d14a06',
      kind: 'TEST_LOG',
      message: 'Scraping article 1',
      level: 'INFO',
      test_run_uuid: '1a8c5e8a-1351-4807-9f6d-1fb775d14a06'
    }
  ]
} to 28529:0
2026-02-24T21:19:09.611Z CLI info [testhub:request-queue-handler]  [vedantvankar_WD2nZN]  [srujyhua7le0kbwv6qz2yzcqpznuptkb92dxcer1]  [5be2e400-7dbb-417d-b612-44702b0f7e80]  Processing batch event [
  { event_type: 'LogCreated', logs: [ [Object] ] },
  { event_type: 'LogCreated', logs: [ [Object] ] },
  { event_type: 'LogCreated', logs: [ [Object] ] },
  { event_type: 'LogCreated', logs: [ [Object] ] },
  { event_type: 'LogCreated', logs: [ [Object] ] },
  { event_type: 'LogCreated', logs: [ [Object] ] },
  { event_type: 'LogCreated', logs: [ [Object] ] },
  { event_type: 'LogCreated', logs: [ [Object] ] },
  { event_type: 'LogCreated', logs: [ [Object] ] }
] to 28529:0
2026-02-24T21:19:09.612Z CLI info  [vedantvankar_WD2nZN]  [srujyhua7le0kbwv6qz2yzcqpznuptkb92dxcer1]  [5be2e400-7dbb-417d-b612-44702b0f7e80]  [PRODUCTION] Making POST request to https://collector-observability.browserstack.com
2026-02-24T21:19:11.048Z CLI info [testhub:request-queue-handler]  [vedantvankar_WD2nZN]  [srujyhua7le0kbwv6qz2yzcqpznuptkb92dxcer1]  [5be2e400-7dbb-417d-b612-44702b0f7e80]  Added the event {
  event_type: 'LogCreated',
  logs: [
    {
      testFrameworkName: 'pytest',
      testFrameworkVersion: '9.0.2',
      testFrameworkState: 'INIT_TEST',
      timestamp: '2026-02-24T21:18:39.647Z',
      uuid: '288266c0-cfec-4e91-8be5-ecf81df1c4d2',
      kind: 'TEST_LOG',
      message: '\nTITLE (Spanish):',
      level: 'INFO',
      test_run_uuid: '288266c0-cfec-4e91-8be5-ecf81df1c4d2'
    }
  ]
} to 28529:0
2026-02-24T21:19:11.050Z CLI info [testhub:request-queue-handler]  [vedantvankar_WD2nZN]  [srujyhua7le0kbwv6qz2yzcqpznuptkb92dxcer1]  [5be2e400-7dbb-417d-b612-44702b0f7e80]  Added the event {
  event_type: 'LogCreated',
  logs: [
    {
      testFrameworkName: 'pytest',
      testFrameworkVersion: '9.0.2',
      testFrameworkState: 'INIT_TEST',
      timestamp: '2026-02-24T21:18:39.647Z',
      uuid: '288266c0-cfec-4e91-8be5-ecf81df1c4d2',
      kind: 'TEST_LOG',
      message: 'No más secretos del 23-F',
      level: 'INFO',
      test_run_uuid: '288266c0-cfec-4e91-8be5-ecf81df1c4d2'
    }
  ]
} to 28529:0
2026-02-24T21:19:11.056Z CLI info [testhub:request-queue-handler]  [vedantvankar_WD2nZN]  [srujyhua7le0kbwv6qz2yzcqpznuptkb92dxcer1]  [5be2e400-7dbb-417d-b612-44702b0f7e80]  Added the event {
  event_type: 'LogCreated',
  logs: [
    {
      testFrameworkName: 'pytest',
      testFrameworkVersion: '9.0.2',
      testFrameworkState: 'INIT_TEST',
      timestamp: '2026-02-24T21:18:39.647Z',
      uuid: '288266c0-cfec-4e91-8be5-ecf81df1c4d2',
      kind: 'TEST_LOG',
      message: '\nCONTENT PREVIEW:',
      level: 'INFO',
      test_run_uuid: '288266c0-cfec-4e91-8be5-ecf81df1c4d2'
    }
  ]
} to 28529:0
2026-02-24T21:19:11.058Z CLI info [testhub:request-queue-handler]  [vedantvankar_WD2nZN]  [srujyhua7le0kbwv6qz2yzcqpznuptkb92dxcer1]  [5be2e400-7dbb-417d-b612-44702b0f7e80]  Added the event {
  event_type: 'LogCreated',
  logs: [
    {
      testFrameworkName: 'pytest',
      testFrameworkVersion: '9.0.2',
      testFrameworkState: 'INIT_TEST',
      timestamp: '2026-02-24T21:18:39.647Z',
      uuid: '288266c0-cfec-4e91-8be5-ecf81df1c4d2',
      kind: 'TEST_LOG',
      message: 'Desclasificar los documentos del golpe de Estado ayudará a acabar con las conspiraciones interesadas sobre la Transición\n' +
        'El Consejo de Ministrosprevé desclasificar hoy todos los documentos oficiales en posesión del Gobiernorelacionados con el intento de golpe de Estado del 23 de febrero de 1981. Se espera que mañana estén accesibles en la web de La Moncloa. A la espera de ver el material, hay que saludar una decisión que salda“una deuda histórica con la ciudadanía”, como dijo Pedro Sánchez al ha ...',
      level: 'INFO',
      test_run_uuid: '288266c0-cfec-4e91-8be5-ecf81df1c4d2'
    }
  ]
} to 28529:0
2026-02-24T21:19:11.610Z CLI info [testhub:request-queue-handler]  [vedantvankar_WD2nZN]  [srujyhua7le0kbwv6qz2yzcqpznuptkb92dxcer1]  [5be2e400-7dbb-417d-b612-44702b0f7e80]  Processing batch event [
  { event_type: 'LogCreated', logs: [ [Object] ] },
  { event_type: 'LogCreated', logs: [ [Object] ] },
  { event_type: 'LogCreated', logs: [ [Object] ] },
  { event_type: 'LogCreated', logs: [ [Object] ] }
] to 28529:0
2026-02-24T21:19:11.611Z CLI info  [vedantvankar_WD2nZN]  [srujyhua7le0kbwv6qz2yzcqpznuptkb92dxcer1]  [5be2e400-7dbb-417d-b612-44702b0f7e80]  [PRODUCTION] Making POST request to https://collector-observability.browserstack.com
2026-02-24T21:19:11.764Z CLI info [testhub:request-queue-handler]  [vedantvankar_WD2nZN]  [srujyhua7le0kbwv6qz2yzcqpznuptkb92dxcer1]  [5be2e400-7dbb-417d-b612-44702b0f7e80]  Added the event {
  event_type: 'LogCreated',
  logs: [
    {
      testFrameworkName: 'pytest',
      testFrameworkVersion: '9.0.2',
      testFrameworkState: 'INIT_TEST',
      timestamp: '2026-02-24T21:18:39.647Z',
      uuid: '288266c0-cfec-4e91-8be5-ecf81df1c4d2',
      kind: 'TEST_LOG',
      message: 'Image saved: images/article_1.jpg',
      level: 'INFO',
      test_run_uuid: '288266c0-cfec-4e91-8be5-ecf81df1c4d2'
    }
  ]
} to 28529:0
2026-02-24T21:19:11.767Z CLI info [testhub:request-queue-handler]  [vedantvankar_WD2nZN]  [srujyhua7le0kbwv6qz2yzcqpznuptkb92dxcer1]  [5be2e400-7dbb-417d-b612-44702b0f7e80]  Added the event {
  event_type: 'LogCreated',
  logs: [
    {
      testFrameworkName: 'pytest',
      testFrameworkVersion: '9.0.2',
      testFrameworkState: 'INIT_TEST',
      timestamp: '2026-02-24T21:18:39.647Z',
      uuid: '288266c0-cfec-4e91-8be5-ecf81df1c4d2',
      kind: 'TEST_LOG',
      message: '\n==============================',
      level: 'INFO',
      test_run_uuid: '288266c0-cfec-4e91-8be5-ecf81df1c4d2'
    }
  ]
} to 28529:0
2026-02-24T21:19:11.771Z CLI info [testhub:request-queue-handler]  [vedantvankar_WD2nZN]  [srujyhua7le0kbwv6qz2yzcqpznuptkb92dxcer1]  [5be2e400-7dbb-417d-b612-44702b0f7e80]  Added the event {
  event_type: 'LogCreated',
  logs: [
    {
      testFrameworkName: 'pytest',
      testFrameworkVersion: '9.0.2',
      testFrameworkState: 'INIT_TEST',
      timestamp: '2026-02-24T21:18:39.647Z',
      uuid: '288266c0-cfec-4e91-8be5-ecf81df1c4d2',
      kind: 'TEST_LOG',
      message: 'Scraping article 2',
      level: 'INFO',
      test_run_uuid: '288266c0-cfec-4e91-8be5-ecf81df1c4d2'
    }
  ]
} to 28529:0
2026-02-24T21:19:12.031Z CLI info [testhub:request-queue-handler]  [vedantvankar_WD2nZN]  [srujyhua7le0kbwv6qz2yzcqpznuptkb92dxcer1]  [5be2e400-7dbb-417d-b612-44702b0f7e80]  Added the event {
  event_type: 'LogCreated',
  logs: [
    {
      testFrameworkName: 'pytest',
      testFrameworkVersion: '9.0.2',
      testFrameworkState: 'INIT_TEST',
      timestamp: '2026-02-24T21:18:39.477Z',
      uuid: '68529219-2f00-4bd6-9a24-a597a7326465',
      kind: 'TEST_LOG',
      message: '\nLanguage confirmed: es-ES',
      level: 'INFO',
      test_run_uuid: '68529219-2f00-4bd6-9a24-a597a7326465'
    }
  ]
} to 28529:0
2026-02-24T21:19:12.033Z CLI info [testhub:request-queue-handler]  [vedantvankar_WD2nZN]  [srujyhua7le0kbwv6qz2yzcqpznuptkb92dxcer1]  [5be2e400-7dbb-417d-b612-44702b0f7e80]  Added the event {
  event_type: 'LogCreated',
  logs: [
    {
      testFrameworkName: 'pytest',
      testFrameworkVersion: '9.0.2',
      testFrameworkState: 'INIT_TEST',
      timestamp: '2026-02-24T21:18:39.477Z',
      uuid: '68529219-2f00-4bd6-9a24-a597a7326465',
      kind: 'TEST_LOG',
      message: '\nFound 5 opinion articles:',
      level: 'INFO',
      test_run_uuid: '68529219-2f00-4bd6-9a24-a597a7326465'
    }
  ]
} to 28529:0
2026-02-24T21:19:12.036Z CLI info [testhub:request-queue-handler]  [vedantvankar_WD2nZN]  [srujyhua7le0kbwv6qz2yzcqpznuptkb92dxcer1]  [5be2e400-7dbb-417d-b612-44702b0f7e80]  Added the event {
  event_type: 'LogCreated',
  logs: [
    {
      testFrameworkName: 'pytest',
      testFrameworkVersion: '9.0.2',
      testFrameworkState: 'INIT_TEST',
      timestamp: '2026-02-24T21:18:39.477Z',
      uuid: '68529219-2f00-4bd6-9a24-a597a7326465',
      kind: 'TEST_LOG',
      message: 'https://elpais.com/opinion/2026-02-24/la-lenta-gestacion-de-la-extrema-derecha.html',
      level: 'INFO',
      test_run_uuid: '68529219-2f00-4bd6-9a24-a597a7326465'
    }
  ]
} to 28529:0
2026-02-24T21:19:12.038Z CLI info [testhub:request-queue-handler]  [vedantvankar_WD2nZN]  [srujyhua7le0kbwv6qz2yzcqpznuptkb92dxcer1]  [5be2e400-7dbb-417d-b612-44702b0f7e80]  Added the event {
  event_type: 'LogCreated',
  logs: [
    {
      testFrameworkName: 'pytest',
      testFrameworkVersion: '9.0.2',
      testFrameworkState: 'INIT_TEST',
      timestamp: '2026-02-24T21:18:39.477Z',
      uuid: '68529219-2f00-4bd6-9a24-a597a7326465',
      kind: 'TEST_LOG',
      message: 'https://elpais.com/opinion/2026-02-24/la-conga-de-los-pocholos.html',
      level: 'INFO',
      test_run_uuid: '68529219-2f00-4bd6-9a24-a597a7326465'
    }
  ]
} to 28529:0
2026-02-24T21:19:12.039Z CLI info [testhub:request-queue-handler]  [vedantvankar_WD2nZN]  [srujyhua7le0kbwv6qz2yzcqpznuptkb92dxcer1]  [5be2e400-7dbb-417d-b612-44702b0f7e80]  Added the event {
  event_type: 'LogCreated',
  logs: [
    {
      testFrameworkName: 'pytest',
      testFrameworkVersion: '9.0.2',
      testFrameworkState: 'INIT_TEST',
      timestamp: '2026-02-24T21:18:39.477Z',
      uuid: '68529219-2f00-4bd6-9a24-a597a7326465',
      kind: 'TEST_LOG',
      message: 'https://elpais.com/opinion/2026-02-24/riki-blanco-prohibido.html',
      level: 'INFO',
      test_run_uuid: '68529219-2f00-4bd6-9a24-a597a7326465'
    }
  ]
} to 28529:0
2026-02-24T21:19:12.041Z CLI info [testhub:request-queue-handler]  [vedantvankar_WD2nZN]  [srujyhua7le0kbwv6qz2yzcqpznuptkb92dxcer1]  [5be2e400-7dbb-417d-b612-44702b0f7e80]  Added the event {
  event_type: 'LogCreated',
  logs: [
    {
      testFrameworkName: 'pytest',
      testFrameworkVersion: '9.0.2',
      testFrameworkState: 'INIT_TEST',
      timestamp: '2026-02-24T21:18:39.477Z',
      uuid: '68529219-2f00-4bd6-9a24-a597a7326465',
      kind: 'TEST_LOG',
      message: 'https://elpais.com/opinion/2026-02-24/desconectados-del-mundo.html',
      level: 'INFO',
      test_run_uuid: '68529219-2f00-4bd6-9a24-a597a7326465'
    }
  ]
} to 28529:0
2026-02-24T21:19:12.042Z CLI info [testhub:request-queue-handler]  [vedantvankar_WD2nZN]  [srujyhua7le0kbwv6qz2yzcqpznuptkb92dxcer1]  [5be2e400-7dbb-417d-b612-44702b0f7e80]  Added the event {
  event_type: 'LogCreated',
  logs: [
    {
      testFrameworkName: 'pytest',
      testFrameworkVersion: '9.0.2',
      testFrameworkState: 'INIT_TEST',
      timestamp: '2026-02-24T21:18:39.477Z',
      uuid: '68529219-2f00-4bd6-9a24-a597a7326465',
      kind: 'TEST_LOG',
      message: 'https://elpais.com/opinion/2026-02-24/no-mas-secretos-del-23-f.html',
      level: 'INFO',
      test_run_uuid: '68529219-2f00-4bd6-9a24-a597a7326465'
    }
  ]
} to 28529:0
2026-02-24T21:19:12.042Z CLI info [testhub:request-queue-handler]  [vedantvankar_WD2nZN]  [srujyhua7le0kbwv6qz2yzcqpznuptkb92dxcer1]  [5be2e400-7dbb-417d-b612-44702b0f7e80]  Added the event {
  event_type: 'LogCreated',
  logs: [
    {
      testFrameworkName: 'pytest',
      testFrameworkVersion: '9.0.2',
      testFrameworkState: 'INIT_TEST',
      timestamp: '2026-02-24T21:18:39.477Z',
      uuid: '68529219-2f00-4bd6-9a24-a597a7326465',
      kind: 'TEST_LOG',
      message: '\n==============================',
      level: 'INFO',
      test_run_uuid: '68529219-2f00-4bd6-9a24-a597a7326465'
    }
  ]
} to 28529:0
2026-02-24T21:19:12.043Z CLI info [testhub:request-queue-handler]  [vedantvankar_WD2nZN]  [srujyhua7le0kbwv6qz2yzcqpznuptkb92dxcer1]  [5be2e400-7dbb-417d-b612-44702b0f7e80]  Added the event {
  event_type: 'LogCreated',
  logs: [
    {
      testFrameworkName: 'pytest',
      testFrameworkVersion: '9.0.2',
      testFrameworkState: 'INIT_TEST',
      timestamp: '2026-02-24T21:18:39.477Z',
      uuid: '68529219-2f00-4bd6-9a24-a597a7326465',
      kind: 'TEST_LOG',
      message: 'Scraping article 1',
      level: 'INFO',
      test_run_uuid: '68529219-2f00-4bd6-9a24-a597a7326465'
    }
  ]
} to 28529:0
2026-02-24T21:19:12.087Z CLI info [testhub:request-queue-handler]  [vedantvankar_WD2nZN]  [srujyhua7le0kbwv6qz2yzcqpznuptkb92dxcer1]  [5be2e400-7dbb-417d-b612-44702b0f7e80]  Added the event {
  event_type: 'LogCreated',
  logs: [
    {
      testFrameworkName: 'pytest',
      testFrameworkVersion: '9.0.2',
      testFrameworkState: 'INIT_TEST',
      timestamp: '2026-02-24T21:18:39.962Z',
      uuid: '819487dd-188d-4ef5-99c8-dcc5d3d67b38',
      kind: 'TEST_LOG',
      message: '\nLanguage confirmed: es-ES',
      level: 'INFO',
      test_run_uuid: '819487dd-188d-4ef5-99c8-dcc5d3d67b38'
    }
  ]
} to 28529:0
2026-02-24T21:19:12.094Z CLI info [testhub:request-queue-handler]  [vedantvankar_WD2nZN]  [srujyhua7le0kbwv6qz2yzcqpznuptkb92dxcer1]  [5be2e400-7dbb-417d-b612-44702b0f7e80]  Added the event {
  event_type: 'LogCreated',
  logs: [
    {
      testFrameworkName: 'pytest',
      testFrameworkVersion: '9.0.2',
      testFrameworkState: 'INIT_TEST',
      timestamp: '2026-02-24T21:18:39.962Z',
      uuid: '819487dd-188d-4ef5-99c8-dcc5d3d67b38',
      kind: 'TEST_LOG',
      message: '\nFound 5 opinion articles:',
      level: 'INFO',
      test_run_uuid: '819487dd-188d-4ef5-99c8-dcc5d3d67b38'
    }
  ]
} to 28529:0
2026-02-24T21:19:12.096Z CLI info [testhub:request-queue-handler]  [vedantvankar_WD2nZN]  [srujyhua7le0kbwv6qz2yzcqpznuptkb92dxcer1]  [5be2e400-7dbb-417d-b612-44702b0f7e80]  Added the event {
  event_type: 'LogCreated',
  logs: [
    {
      testFrameworkName: 'pytest',
      testFrameworkVersion: '9.0.2',
      testFrameworkState: 'INIT_TEST',
      timestamp: '2026-02-24T21:18:39.962Z',
      uuid: '819487dd-188d-4ef5-99c8-dcc5d3d67b38',
      kind: 'TEST_LOG',
      message: 'https://elpais.com/opinion/2026-02-24/no-mas-secretos-del-23-f.html',
      level: 'INFO',
      test_run_uuid: '819487dd-188d-4ef5-99c8-dcc5d3d67b38'
    }
  ]
} to 28529:0
2026-02-24T21:19:12.099Z CLI info [testhub:request-queue-handler]  [vedantvankar_WD2nZN]  [srujyhua7le0kbwv6qz2yzcqpznuptkb92dxcer1]  [5be2e400-7dbb-417d-b612-44702b0f7e80]  Added the event {
  event_type: 'LogCreated',
  logs: [
    {
      testFrameworkName: 'pytest',
      testFrameworkVersion: '9.0.2',
      testFrameworkState: 'INIT_TEST',
      timestamp: '2026-02-24T21:18:39.962Z',
      uuid: '819487dd-188d-4ef5-99c8-dcc5d3d67b38',
      kind: 'TEST_LOG',
      message: 'https://elpais.com/opinion/2026-02-24/la-conga-de-los-pocholos.html',
      level: 'INFO',
      test_run_uuid: '819487dd-188d-4ef5-99c8-dcc5d3d67b38'
    }
  ]
} to 28529:0
2026-02-24T21:19:12.100Z CLI info [testhub:request-queue-handler]  [vedantvankar_WD2nZN]  [srujyhua7le0kbwv6qz2yzcqpznuptkb92dxcer1]  [5be2e400-7dbb-417d-b612-44702b0f7e80]  Added the event {
  event_type: 'LogCreated',
  logs: [
    {
      testFrameworkName: 'pytest',
      testFrameworkVersion: '9.0.2',
      testFrameworkState: 'INIT_TEST',
      timestamp: '2026-02-24T21:18:39.962Z',
      uuid: '819487dd-188d-4ef5-99c8-dcc5d3d67b38',
      kind: 'TEST_LOG',
      message: 'https://elpais.com/opinion/2026-02-24/riki-blanco-prohibido.html',
      level: 'INFO',
      test_run_uuid: '819487dd-188d-4ef5-99c8-dcc5d3d67b38'
    }
  ]
} to 28529:0
2026-02-24T21:19:12.102Z CLI info [testhub:request-queue-handler]  [vedantvankar_WD2nZN]  [srujyhua7le0kbwv6qz2yzcqpznuptkb92dxcer1]  [5be2e400-7dbb-417d-b612-44702b0f7e80]  Added the event {
  event_type: 'LogCreated',
  logs: [
    {
      testFrameworkName: 'pytest',
      testFrameworkVersion: '9.0.2',
      testFrameworkState: 'INIT_TEST',
      timestamp: '2026-02-24T21:18:39.962Z',
      uuid: '819487dd-188d-4ef5-99c8-dcc5d3d67b38',
      kind: 'TEST_LOG',
      message: '\n==============================',
      level: 'INFO',
      test_run_uuid: '819487dd-188d-4ef5-99c8-dcc5d3d67b38'
    }
  ]
} to 28529:0
2026-02-24T21:19:12.104Z CLI info [testhub:request-queue-handler]  [vedantvankar_WD2nZN]  [srujyhua7le0kbwv6qz2yzcqpznuptkb92dxcer1]  [5be2e400-7dbb-417d-b612-44702b0f7e80]  Added the event {
  event_type: 'LogCreated',
  logs: [
    {
      testFrameworkName: 'pytest',
      testFrameworkVersion: '9.0.2',
      testFrameworkState: 'INIT_TEST',
      timestamp: '2026-02-24T21:18:39.962Z',
      uuid: '819487dd-188d-4ef5-99c8-dcc5d3d67b38',
      kind: 'TEST_LOG',
      message: 'https://elpais.com/opinion/2026-02-24/desconectados-del-mundo.html',
      level: 'INFO',
      test_run_uuid: '819487dd-188d-4ef5-99c8-dcc5d3d67b38'
    }
  ]
} to 28529:0
2026-02-24T21:19:12.105Z CLI info [testhub:request-queue-handler]  [vedantvankar_WD2nZN]  [srujyhua7le0kbwv6qz2yzcqpznuptkb92dxcer1]  [5be2e400-7dbb-417d-b612-44702b0f7e80]  Added the event {
  event_type: 'LogCreated',
  logs: [
    {
      testFrameworkName: 'pytest',
      testFrameworkVersion: '9.0.2',
      testFrameworkState: 'INIT_TEST',
      timestamp: '2026-02-24T21:18:39.962Z',
      uuid: '819487dd-188d-4ef5-99c8-dcc5d3d67b38',
      kind: 'TEST_LOG',
      message: 'Scraping article 1',
      level: 'INFO',
      test_run_uuid: '819487dd-188d-4ef5-99c8-dcc5d3d67b38'
    }
  ]
} to 28529:0
2026-02-24T21:19:12.107Z CLI info [testhub:request-queue-handler]  [vedantvankar_WD2nZN]  [srujyhua7le0kbwv6qz2yzcqpznuptkb92dxcer1]  [5be2e400-7dbb-417d-b612-44702b0f7e80]  Added the event {
  event_type: 'LogCreated',
  logs: [
    {
      testFrameworkName: 'pytest',
      testFrameworkVersion: '9.0.2',
      testFrameworkState: 'INIT_TEST',
      timestamp: '2026-02-24T21:18:39.962Z',
      uuid: '819487dd-188d-4ef5-99c8-dcc5d3d67b38',
      kind: 'TEST_LOG',
      message: 'https://elpais.com/opinion/2026-02-24/la-lenta-gestacion-de-la-extrema-derecha.html',
      level: 'INFO',
      test_run_uuid: '819487dd-188d-4ef5-99c8-dcc5d3d67b38'
    }
  ]
} to 28529:0
2026-02-24T21:19:12.613Z CLI info [testhub:request-queue-handler]  [vedantvankar_WD2nZN]  [srujyhua7le0kbwv6qz2yzcqpznuptkb92dxcer1]  [5be2e400-7dbb-417d-b612-44702b0f7e80]  Added the event {
  event_type: 'LogCreated',
  logs: [
    {
      testFrameworkName: 'pytest',
      testFrameworkVersion: '9.0.2',
      testFrameworkState: 'INIT_TEST',
      timestamp: '2026-02-24T21:18:39.998Z',
      uuid: 'd438c723-c341-4821-a503-c9623a60f888',
      kind: 'TEST_LOG',
      message: '\nTITLE (Spanish):',
      level: 'INFO',
      test_run_uuid: 'd438c723-c341-4821-a503-c9623a60f888'
    }
  ]
} to 28529:0
2026-02-24T21:19:12.616Z CLI info [testhub:request-queue-handler]  [vedantvankar_WD2nZN]  [srujyhua7le0kbwv6qz2yzcqpznuptkb92dxcer1]  [5be2e400-7dbb-417d-b612-44702b0f7e80]  Added the event {
  event_type: 'LogCreated',
  logs: [
    {
      testFrameworkName: 'pytest',
      testFrameworkVersion: '9.0.2',
      testFrameworkState: 'INIT_TEST',
      timestamp: '2026-02-24T21:18:39.998Z',
      uuid: 'd438c723-c341-4821-a503-c9623a60f888',
      kind: 'TEST_LOG',
      message: 'La lenta gestación de la extrema derecha',
      level: 'INFO',
      test_run_uuid: 'd438c723-c341-4821-a503-c9623a60f888'
    }
  ]
} to 28529:0
2026-02-24T21:19:12.618Z CLI info [testhub:request-queue-handler]  [vedantvankar_WD2nZN]  [srujyhua7le0kbwv6qz2yzcqpznuptkb92dxcer1]  [5be2e400-7dbb-417d-b612-44702b0f7e80]  Added the event {
  event_type: 'LogCreated',
  logs: [
    {
      testFrameworkName: 'pytest',
      testFrameworkVersion: '9.0.2',
      testFrameworkState: 'INIT_TEST',
      timestamp: '2026-02-24T21:18:39.998Z',
      uuid: 'd438c723-c341-4821-a503-c9623a60f888',
      kind: 'TEST_LOG',
      message: '\nCONTENT PREVIEW:',
      level: 'INFO',
      test_run_uuid: 'd438c723-c341-4821-a503-c9623a60f888'
    }
  ]
} to 28529:0
2026-02-24T21:19:12.619Z CLI info [testhub:request-queue-handler]  [vedantvankar_WD2nZN]  [srujyhua7le0kbwv6qz2yzcqpznuptkb92dxcer1]  [5be2e400-7dbb-417d-b612-44702b0f7e80]  Added the event {
  event_type: 'LogCreated',
  logs: [
    {
      testFrameworkName: 'pytest',
      testFrameworkVersion: '9.0.2',
      testFrameworkState: 'INIT_TEST',
      timestamp: '2026-02-24T21:18:39.998Z',
      uuid: 'd438c723-c341-4821-a503-c9623a60f888',
      kind: 'TEST_LOG',
      message: 'El ascenso de Vox se explica mejor por el resurgir del nacionalismo español más rancio que por razones económicas\n' +
        'El crecimiento de Voxen las encuestasha desatado una lógica preocupación. Se busca una explicación de por qué una parte de la sociedad se muestra dispuesta a apoyar a un partido que niega el pluralismo político, siente nostalgia del franquismo, cuestiona el cambio climático y se opone a los derechos de minorías y colectivos vulnerables. La mayor parte de las explicaciones que se ofre ...',
      level: 'INFO',
      test_run_uuid: 'd438c723-c341-4821-a503-c9623a60f888'
    }
  ]
} to 28529:0
2026-02-24T21:19:13.611Z CLI info [testhub:request-queue-handler]  [vedantvankar_WD2nZN]  [srujyhua7le0kbwv6qz2yzcqpznuptkb92dxcer1]  [5be2e400-7dbb-417d-b612-44702b0f7e80]  Processing batch event [
  { event_type: 'LogCreated', logs: [ [Object] ] },
  { event_type: 'LogCreated', logs: [ [Object] ] },
  { event_type: 'LogCreated', logs: [ [Object] ] },
  { event_type: 'LogCreated', logs: [ [Object] ] },
  { event_type: 'LogCreated', logs: [ [Object] ] },
  { event_type: 'LogCreated', logs: [ [Object] ] },
  { event_type: 'LogCreated', logs: [ [Object] ] },
  { event_type: 'LogCreated', logs: [ [Object] ] },
  { event_type: 'LogCreated', logs: [ [Object] ] },
  { event_type: 'LogCreated', logs: [ [Object] ] },
  { event_type: 'LogCreated', logs: [ [Object] ] },
  { event_type: 'LogCreated', logs: [ [Object] ] },
  { event_type: 'LogCreated', logs: [ [Object] ] },
  { event_type: 'LogCreated', logs: [ [Object] ] },
  { event_type: 'LogCreated', logs: [ [Object] ] },
  { event_type: 'LogCreated', logs: [ [Object] ] },
  { event_type: 'LogCreated', logs: [ [Object] ] },
  { event_type: 'LogCreated', logs: [ [Object] ] },
  { event_type: 'LogCreated', logs: [ [Object] ] },
  { event_type: 'LogCreated', logs: [ [Object] ] },
  { event_type: 'LogCreated', logs: [ [Object] ] },
  { event_type: 'LogCreated', logs: [ [Object] ] },
  { event_type: 'LogCreated', logs: [ [Object] ] },
  { event_type: 'LogCreated', logs: [ [Object] ] },
  { event_type: 'LogCreated', logs: [ [Object] ] }
] to 28529:0
2026-02-24T21:19:13.612Z CLI info  [vedantvankar_WD2nZN]  [srujyhua7le0kbwv6qz2yzcqpznuptkb92dxcer1]  [5be2e400-7dbb-417d-b612-44702b0f7e80]  [PRODUCTION] Making POST request to https://collector-observability.browserstack.com
2026-02-24T21:19:13.844Z CLI info [testhub:request-queue-handler]  [vedantvankar_WD2nZN]  [srujyhua7le0kbwv6qz2yzcqpznuptkb92dxcer1]  [5be2e400-7dbb-417d-b612-44702b0f7e80]  Added the event {
  event_type: 'LogCreated',
  logs: [
    {
      testFrameworkName: 'pytest',
      testFrameworkVersion: '9.0.2',
      testFrameworkState: 'INIT_TEST',
      timestamp: '2026-02-24T21:18:39.998Z',
      uuid: 'd438c723-c341-4821-a503-c9623a60f888',
      kind: 'TEST_LOG',
      message: 'Image saved: images/article_2.jpg',
      level: 'INFO',
      test_run_uuid: 'd438c723-c341-4821-a503-c9623a60f888'
    }
  ]
} to 28529:0
2026-02-24T21:19:13.847Z CLI info [testhub:request-queue-handler]  [vedantvankar_WD2nZN]  [srujyhua7le0kbwv6qz2yzcqpznuptkb92dxcer1]  [5be2e400-7dbb-417d-b612-44702b0f7e80]  Added the event {
  event_type: 'LogCreated',
  logs: [
    {
      testFrameworkName: 'pytest',
      testFrameworkVersion: '9.0.2',
      testFrameworkState: 'INIT_TEST',
      timestamp: '2026-02-24T21:18:39.998Z',
      uuid: 'd438c723-c341-4821-a503-c9623a60f888',
      kind: 'TEST_LOG',
      message: '\n==============================',
      level: 'INFO',
      test_run_uuid: 'd438c723-c341-4821-a503-c9623a60f888'
    }
  ]
} to 28529:0
2026-02-24T21:19:13.852Z CLI info [testhub:request-queue-handler]  [vedantvankar_WD2nZN]  [srujyhua7le0kbwv6qz2yzcqpznuptkb92dxcer1]  [5be2e400-7dbb-417d-b612-44702b0f7e80]  Added the event {
  event_type: 'LogCreated',
  logs: [
    {
      testFrameworkName: 'pytest',
      testFrameworkVersion: '9.0.2',
      testFrameworkState: 'INIT_TEST',
      timestamp: '2026-02-24T21:18:39.998Z',
      uuid: 'd438c723-c341-4821-a503-c9623a60f888',
      kind: 'TEST_LOG',
      message: 'Scraping article 3',
      level: 'INFO',
      test_run_uuid: 'd438c723-c341-4821-a503-c9623a60f888'
    }
  ]
} to 28529:0
2026-02-24T21:19:14.829Z CLI info [testhub:request-queue-handler]  [vedantvankar_WD2nZN]  [srujyhua7le0kbwv6qz2yzcqpznuptkb92dxcer1]  [5be2e400-7dbb-417d-b612-44702b0f7e80]  Added the event {
  event_type: 'LogCreated',
  logs: [
    {
      testFrameworkName: 'pytest',
      testFrameworkVersion: '9.0.2',
      testFrameworkState: 'INIT_TEST',
      timestamp: '2026-02-24T21:18:39.636Z',
      uuid: '1a8c5e8a-1351-4807-9f6d-1fb775d14a06',
      kind: 'TEST_LOG',
      message: '\nTITLE (Spanish):',
      level: 'INFO',
      test_run_uuid: '1a8c5e8a-1351-4807-9f6d-1fb775d14a06'
    }
  ]
} to 28529:0
2026-02-24T21:19:14.831Z CLI info [testhub:request-queue-handler]  [vedantvankar_WD2nZN]  [srujyhua7le0kbwv6qz2yzcqpznuptkb92dxcer1]  [5be2e400-7dbb-417d-b612-44702b0f7e80]  Added the event {
  event_type: 'LogCreated',
  logs: [
    {
      testFrameworkName: 'pytest',
      testFrameworkVersion: '9.0.2',
      testFrameworkState: 'INIT_TEST',
      timestamp: '2026-02-24T21:18:39.636Z',
      uuid: '1a8c5e8a-1351-4807-9f6d-1fb775d14a06',
      kind: 'TEST_LOG',
      message: 'No más secretos del 23-F',
      level: 'INFO',
      test_run_uuid: '1a8c5e8a-1351-4807-9f6d-1fb775d14a06'
    }
  ]
} to 28529:0
2026-02-24T21:19:14.835Z CLI info [testhub:request-queue-handler]  [vedantvankar_WD2nZN]  [srujyhua7le0kbwv6qz2yzcqpznuptkb92dxcer1]  [5be2e400-7dbb-417d-b612-44702b0f7e80]  Added the event {
  event_type: 'LogCreated',
  logs: [
    {
      testFrameworkName: 'pytest',
      testFrameworkVersion: '9.0.2',
      testFrameworkState: 'INIT_TEST',
      timestamp: '2026-02-24T21:18:39.636Z',
      uuid: '1a8c5e8a-1351-4807-9f6d-1fb775d14a06',
      kind: 'TEST_LOG',
      message: '\nCONTENT PREVIEW:',
      level: 'INFO',
      test_run_uuid: '1a8c5e8a-1351-4807-9f6d-1fb775d14a06'
    }
  ]
} to 28529:0
2026-02-24T21:19:14.838Z CLI info [testhub:request-queue-handler]  [vedantvankar_WD2nZN]  [srujyhua7le0kbwv6qz2yzcqpznuptkb92dxcer1]  [5be2e400-7dbb-417d-b612-44702b0f7e80]  Added the event {
  event_type: 'LogCreated',
  logs: [
    {
      testFrameworkName: 'pytest',
      testFrameworkVersion: '9.0.2',
      testFrameworkState: 'INIT_TEST',
      timestamp: '2026-02-24T21:18:39.636Z',
      uuid: '1a8c5e8a-1351-4807-9f6d-1fb775d14a06',
      kind: 'TEST_LOG',
      message: 'Desclasificar los documentos del golpe de Estado ayudará a acabar con las conspiraciones interesadas sobre la Transición\n' +
        'El Consejo de Ministrosprevé desclasificar hoy todos los documentos oficiales en posesión del Gobiernorelacionados con el intento de golpe de Estado del 23 de febrero de 1981. Se espera que mañana estén accesibles en la web de La Moncloa. A la espera de ver el material, hay que saludar una decisión que salda“una deuda histórica con la ciudadanía”, como dijo Pedro Sánchez al ha ...',
      level: 'INFO',
      test_run_uuid: '1a8c5e8a-1351-4807-9f6d-1fb775d14a06'
    }
  ]
} to 28529:0
2026-02-24T21:19:15.236Z CLI info [testhub:request-queue-handler]  [vedantvankar_WD2nZN]  [srujyhua7le0kbwv6qz2yzcqpznuptkb92dxcer1]  [5be2e400-7dbb-417d-b612-44702b0f7e80]  Added the event {
  event_type: 'LogCreated',
  logs: [
    {
      testFrameworkName: 'pytest',
      testFrameworkVersion: '9.0.2',
      testFrameworkState: 'INIT_TEST',
      timestamp: '2026-02-24T21:18:39.636Z',
      uuid: '1a8c5e8a-1351-4807-9f6d-1fb775d14a06',
      kind: 'TEST_LOG',
      message: 'Image saved: images/article_1.jpg',
      level: 'INFO',
      test_run_uuid: '1a8c5e8a-1351-4807-9f6d-1fb775d14a06'
    }
  ]
} to 28529:0
2026-02-24T21:19:15.239Z CLI info [testhub:request-queue-handler]  [vedantvankar_WD2nZN]  [srujyhua7le0kbwv6qz2yzcqpznuptkb92dxcer1]  [5be2e400-7dbb-417d-b612-44702b0f7e80]  Added the event {
  event_type: 'LogCreated',
  logs: [
    {
      testFrameworkName: 'pytest',
      testFrameworkVersion: '9.0.2',
      testFrameworkState: 'INIT_TEST',
      timestamp: '2026-02-24T21:18:39.636Z',
      uuid: '1a8c5e8a-1351-4807-9f6d-1fb775d14a06',
      kind: 'TEST_LOG',
      message: '\n==============================',
      level: 'INFO',
      test_run_uuid: '1a8c5e8a-1351-4807-9f6d-1fb775d14a06'
    }
  ]
} to 28529:0
2026-02-24T21:19:15.242Z CLI info [testhub:request-queue-handler]  [vedantvankar_WD2nZN]  [srujyhua7le0kbwv6qz2yzcqpznuptkb92dxcer1]  [5be2e400-7dbb-417d-b612-44702b0f7e80]  Added the event {
  event_type: 'LogCreated',
  logs: [
    {
      testFrameworkName: 'pytest',
      testFrameworkVersion: '9.0.2',
      testFrameworkState: 'INIT_TEST',
      timestamp: '2026-02-24T21:18:39.636Z',
      uuid: '1a8c5e8a-1351-4807-9f6d-1fb775d14a06',
      kind: 'TEST_LOG',
      message: 'Scraping article 2',
      level: 'INFO',
      test_run_uuid: '1a8c5e8a-1351-4807-9f6d-1fb775d14a06'
    }
  ]
} to 28529:0
2026-02-24T21:19:15.611Z CLI info [testhub:request-queue-handler]  [vedantvankar_WD2nZN]  [srujyhua7le0kbwv6qz2yzcqpznuptkb92dxcer1]  [5be2e400-7dbb-417d-b612-44702b0f7e80]  Processing batch event [
  { event_type: 'LogCreated', logs: [ [Object] ] },
  { event_type: 'LogCreated', logs: [ [Object] ] },
  { event_type: 'LogCreated', logs: [ [Object] ] },
  { event_type: 'LogCreated', logs: [ [Object] ] },
  { event_type: 'LogCreated', logs: [ [Object] ] },
  { event_type: 'LogCreated', logs: [ [Object] ] },
  { event_type: 'LogCreated', logs: [ [Object] ] },
  { event_type: 'LogCreated', logs: [ [Object] ] },
  { event_type: 'LogCreated', logs: [ [Object] ] },
  { event_type: 'LogCreated', logs: [ [Object] ] }
] to 28529:0
2026-02-24T21:19:15.613Z CLI info  [vedantvankar_WD2nZN]  [srujyhua7le0kbwv6qz2yzcqpznuptkb92dxcer1]  [5be2e400-7dbb-417d-b612-44702b0f7e80]  [PRODUCTION] Making POST request to https://collector-observability.browserstack.com
2026-02-24T21:19:17.359Z CLI info [testhub:request-queue-handler]  [vedantvankar_WD2nZN]  [srujyhua7le0kbwv6qz2yzcqpznuptkb92dxcer1]  [5be2e400-7dbb-417d-b612-44702b0f7e80]  Added the event {
  event_type: 'LogCreated',
  logs: [
    {
      testFrameworkName: 'pytest',
      testFrameworkVersion: '9.0.2',
      testFrameworkState: 'INIT_TEST',
      timestamp: '2026-02-24T21:18:39.647Z',
      uuid: '288266c0-cfec-4e91-8be5-ecf81df1c4d2',
      kind: 'TEST_LOG',
      message: '\nTITLE (Spanish):',
      level: 'INFO',
      test_run_uuid: '288266c0-cfec-4e91-8be5-ecf81df1c4d2'
    }
  ]
} to 28529:0
2026-02-24T21:19:17.362Z CLI info [testhub:request-queue-handler]  [vedantvankar_WD2nZN]  [srujyhua7le0kbwv6qz2yzcqpznuptkb92dxcer1]  [5be2e400-7dbb-417d-b612-44702b0f7e80]  Added the event {
  event_type: 'LogCreated',
  logs: [
    {
      testFrameworkName: 'pytest',
      testFrameworkVersion: '9.0.2',
      testFrameworkState: 'INIT_TEST',
      timestamp: '2026-02-24T21:18:39.647Z',
      uuid: '288266c0-cfec-4e91-8be5-ecf81df1c4d2',
      kind: 'TEST_LOG',
      message: 'La lenta gestación de la extrema derecha',
      level: 'INFO',
      test_run_uuid: '288266c0-cfec-4e91-8be5-ecf81df1c4d2'
    }
  ]
} to 28529:0
2026-02-24T21:19:17.364Z CLI info [testhub:request-queue-handler]  [vedantvankar_WD2nZN]  [srujyhua7le0kbwv6qz2yzcqpznuptkb92dxcer1]  [5be2e400-7dbb-417d-b612-44702b0f7e80]  Added the event {
  event_type: 'LogCreated',
  logs: [
    {
      testFrameworkName: 'pytest',
      testFrameworkVersion: '9.0.2',
      testFrameworkState: 'INIT_TEST',
      timestamp: '2026-02-24T21:18:39.647Z',
      uuid: '288266c0-cfec-4e91-8be5-ecf81df1c4d2',
      kind: 'TEST_LOG',
      message: '\nCONTENT PREVIEW:',
      level: 'INFO',
      test_run_uuid: '288266c0-cfec-4e91-8be5-ecf81df1c4d2'
    }
  ]
} to 28529:0
2026-02-24T21:19:17.366Z CLI info [testhub:request-queue-handler]  [vedantvankar_WD2nZN]  [srujyhua7le0kbwv6qz2yzcqpznuptkb92dxcer1]  [5be2e400-7dbb-417d-b612-44702b0f7e80]  Added the event {
  event_type: 'LogCreated',
  logs: [
    {
      testFrameworkName: 'pytest',
      testFrameworkVersion: '9.0.2',
      testFrameworkState: 'INIT_TEST',
      timestamp: '2026-02-24T21:18:39.647Z',
      uuid: '288266c0-cfec-4e91-8be5-ecf81df1c4d2',
      kind: 'TEST_LOG',
      message: 'El ascenso de Vox se explica mejor por el resurgir del nacionalismo español más rancio que por razones económicas\n' +
        'El crecimiento de Voxen las encuestasha desatado una lógica preocupación. Se busca una explicación de por qué una parte de la sociedad se muestra dispuesta a apoyar a un partido que niega el pluralismo político, siente nostalgia del franquismo, cuestiona el cambio climático y se opone a los derechos de minorías y colectivos vulnerables. La mayor parte de las explicaciones que se ofre ...',
      level: 'INFO',
      test_run_uuid: '288266c0-cfec-4e91-8be5-ecf81df1c4d2'
    }
  ]
} to 28529:0
2026-02-24T21:19:17.610Z CLI info [testhub:request-queue-handler]  [vedantvankar_WD2nZN]  [srujyhua7le0kbwv6qz2yzcqpznuptkb92dxcer1]  [5be2e400-7dbb-417d-b612-44702b0f7e80]  Processing batch event [
  { event_type: 'LogCreated', logs: [ [Object] ] },
  { event_type: 'LogCreated', logs: [ [Object] ] },
  { event_type: 'LogCreated', logs: [ [Object] ] },
  { event_type: 'LogCreated', logs: [ [Object] ] }
] to 28529:0
2026-02-24T21:19:17.611Z CLI info  [vedantvankar_WD2nZN]  [srujyhua7le0kbwv6qz2yzcqpznuptkb92dxcer1]  [5be2e400-7dbb-417d-b612-44702b0f7e80]  [PRODUCTION] Making POST request to https://collector-observability.browserstack.com
2026-02-24T21:19:17.694Z CLI info [testhub:request-queue-handler]  [vedantvankar_WD2nZN]  [srujyhua7le0kbwv6qz2yzcqpznuptkb92dxcer1]  [5be2e400-7dbb-417d-b612-44702b0f7e80]  Added the event {
  event_type: 'LogCreated',
  logs: [
    {
      testFrameworkName: 'pytest',
      testFrameworkVersion: '9.0.2',
      testFrameworkState: 'INIT_TEST',
      timestamp: '2026-02-24T21:18:39.647Z',
      uuid: '288266c0-cfec-4e91-8be5-ecf81df1c4d2',
      kind: 'TEST_LOG',
      message: 'Image saved: images/article_2.jpg',
      level: 'INFO',
      test_run_uuid: '288266c0-cfec-4e91-8be5-ecf81df1c4d2'
    }
  ]
} to 28529:0
2026-02-24T21:19:17.696Z CLI info [testhub:request-queue-handler]  [vedantvankar_WD2nZN]  [srujyhua7le0kbwv6qz2yzcqpznuptkb92dxcer1]  [5be2e400-7dbb-417d-b612-44702b0f7e80]  Added the event {
  event_type: 'LogCreated',
  logs: [
    {
      testFrameworkName: 'pytest',
      testFrameworkVersion: '9.0.2',
      testFrameworkState: 'INIT_TEST',
      timestamp: '2026-02-24T21:18:39.647Z',
      uuid: '288266c0-cfec-4e91-8be5-ecf81df1c4d2',
      kind: 'TEST_LOG',
      message: '\n==============================',
      level: 'INFO',
      test_run_uuid: '288266c0-cfec-4e91-8be5-ecf81df1c4d2'
    }
  ]
} to 28529:0
2026-02-24T21:19:17.699Z CLI info [testhub:request-queue-handler]  [vedantvankar_WD2nZN]  [srujyhua7le0kbwv6qz2yzcqpznuptkb92dxcer1]  [5be2e400-7dbb-417d-b612-44702b0f7e80]  Added the event {
  event_type: 'LogCreated',
  logs: [
    {
      testFrameworkName: 'pytest',
      testFrameworkVersion: '9.0.2',
      testFrameworkState: 'INIT_TEST',
      timestamp: '2026-02-24T21:18:39.647Z',
      uuid: '288266c0-cfec-4e91-8be5-ecf81df1c4d2',
      kind: 'TEST_LOG',
      message: 'Scraping article 3',
      level: 'INFO',
      test_run_uuid: '288266c0-cfec-4e91-8be5-ecf81df1c4d2'
    }
  ]
} to 28529:0
2026-02-24T21:19:18.733Z CLI info [testhub:request-queue-handler]  [vedantvankar_WD2nZN]  [srujyhua7le0kbwv6qz2yzcqpznuptkb92dxcer1]  [5be2e400-7dbb-417d-b612-44702b0f7e80]  Added the event {
  event_type: 'LogCreated',
  logs: [
    {
      testFrameworkName: 'pytest',
      testFrameworkVersion: '9.0.2',
      testFrameworkState: 'INIT_TEST',
      timestamp: '2026-02-24T21:18:39.962Z',
      uuid: '819487dd-188d-4ef5-99c8-dcc5d3d67b38',
      kind: 'TEST_LOG',
      message: '\nTITLE (Spanish):',
      level: 'INFO',
      test_run_uuid: '819487dd-188d-4ef5-99c8-dcc5d3d67b38'
    }
  ]
} to 28529:0
2026-02-24T21:19:18.738Z CLI info [testhub:request-queue-handler]  [vedantvankar_WD2nZN]  [srujyhua7le0kbwv6qz2yzcqpznuptkb92dxcer1]  [5be2e400-7dbb-417d-b612-44702b0f7e80]  Added the event {
  event_type: 'LogCreated',
  logs: [
    {
      testFrameworkName: 'pytest',
      testFrameworkVersion: '9.0.2',
      testFrameworkState: 'INIT_TEST',
      timestamp: '2026-02-24T21:18:39.962Z',
      uuid: '819487dd-188d-4ef5-99c8-dcc5d3d67b38',
      kind: 'TEST_LOG',
      message: 'No más secretos del 23-F',
      level: 'INFO',
      test_run_uuid: '819487dd-188d-4ef5-99c8-dcc5d3d67b38'
    }
  ]
} to 28529:0
2026-02-24T21:19:18.741Z CLI info [testhub:request-queue-handler]  [vedantvankar_WD2nZN]  [srujyhua7le0kbwv6qz2yzcqpznuptkb92dxcer1]  [5be2e400-7dbb-417d-b612-44702b0f7e80]  Added the event {
  event_type: 'LogCreated',
  logs: [
    {
      testFrameworkName: 'pytest',
      testFrameworkVersion: '9.0.2',
      testFrameworkState: 'INIT_TEST',
      timestamp: '2026-02-24T21:18:39.962Z',
      uuid: '819487dd-188d-4ef5-99c8-dcc5d3d67b38',
      kind: 'TEST_LOG',
      message: '\nCONTENT PREVIEW:',
      level: 'INFO',
      test_run_uuid: '819487dd-188d-4ef5-99c8-dcc5d3d67b38'
    }
  ]
} to 28529:0
2026-02-24T21:19:18.744Z CLI info [testhub:request-queue-handler]  [vedantvankar_WD2nZN]  [srujyhua7le0kbwv6qz2yzcqpznuptkb92dxcer1]  [5be2e400-7dbb-417d-b612-44702b0f7e80]  Added the event {
  event_type: 'LogCreated',
  logs: [
    {
      testFrameworkName: 'pytest',
      testFrameworkVersion: '9.0.2',
      testFrameworkState: 'INIT_TEST',
      timestamp: '2026-02-24T21:18:39.962Z',
      uuid: '819487dd-188d-4ef5-99c8-dcc5d3d67b38',
      kind: 'TEST_LOG',
      message: 'Desclasificar los documentos del golpe de Estado ayudará a acabar con las conspiraciones interesadas sobre la Transición\n' +
        'El Consejo de Ministrosprevé desclasificar hoy todos los documentos oficiales en posesión del Gobiernorelacionados con el intento de golpe de Estado del 23 de febrero de 1981. Se espera que mañana estén accesibles en la web de La Moncloa. A la espera de ver el material, hay que saludar una decisión que salda“una deuda histórica con la ciudadanía”, como dijo Pedro Sánchez al ha ...',
      level: 'INFO',
      test_run_uuid: '819487dd-188d-4ef5-99c8-dcc5d3d67b38'
    }
  ]
} to 28529:0
2026-02-24T21:19:19.147Z CLI info [testhub:request-queue-handler]  [vedantvankar_WD2nZN]  [srujyhua7le0kbwv6qz2yzcqpznuptkb92dxcer1]  [5be2e400-7dbb-417d-b612-44702b0f7e80]  Added the event {
  event_type: 'LogCreated',
  logs: [
    {
      testFrameworkName: 'pytest',
      testFrameworkVersion: '9.0.2',
      testFrameworkState: 'INIT_TEST',
      timestamp: '2026-02-24T21:18:39.962Z',
      uuid: '819487dd-188d-4ef5-99c8-dcc5d3d67b38',
      kind: 'TEST_LOG',
      message: 'Image saved: images/article_1.jpg',
      level: 'INFO',
      test_run_uuid: '819487dd-188d-4ef5-99c8-dcc5d3d67b38'
    }
  ]
} to 28529:0
2026-02-24T21:19:19.151Z CLI info [testhub:request-queue-handler]  [vedantvankar_WD2nZN]  [srujyhua7le0kbwv6qz2yzcqpznuptkb92dxcer1]  [5be2e400-7dbb-417d-b612-44702b0f7e80]  Added the event {
  event_type: 'LogCreated',
  logs: [
    {
      testFrameworkName: 'pytest',
      testFrameworkVersion: '9.0.2',
      testFrameworkState: 'INIT_TEST',
      timestamp: '2026-02-24T21:18:39.962Z',
      uuid: '819487dd-188d-4ef5-99c8-dcc5d3d67b38',
      kind: 'TEST_LOG',
      message: '\n==============================',
      level: 'INFO',
      test_run_uuid: '819487dd-188d-4ef5-99c8-dcc5d3d67b38'
    }
  ]
} to 28529:0
2026-02-24T21:19:19.153Z CLI info [testhub:request-queue-handler]  [vedantvankar_WD2nZN]  [srujyhua7le0kbwv6qz2yzcqpznuptkb92dxcer1]  [5be2e400-7dbb-417d-b612-44702b0f7e80]  Added the event {
  event_type: 'LogCreated',
  logs: [
    {
      testFrameworkName: 'pytest',
      testFrameworkVersion: '9.0.2',
      testFrameworkState: 'INIT_TEST',
      timestamp: '2026-02-24T21:18:39.962Z',
      uuid: '819487dd-188d-4ef5-99c8-dcc5d3d67b38',
      kind: 'TEST_LOG',
      message: 'Scraping article 2',
      level: 'INFO',
      test_run_uuid: '819487dd-188d-4ef5-99c8-dcc5d3d67b38'
    }
  ]
} to 28529:0
2026-02-24T21:19:19.611Z CLI info [testhub:request-queue-handler]  [vedantvankar_WD2nZN]  [srujyhua7le0kbwv6qz2yzcqpznuptkb92dxcer1]  [5be2e400-7dbb-417d-b612-44702b0f7e80]  Processing batch event [
  { event_type: 'LogCreated', logs: [ [Object] ] },
  { event_type: 'LogCreated', logs: [ [Object] ] },
  { event_type: 'LogCreated', logs: [ [Object] ] },
  { event_type: 'LogCreated', logs: [ [Object] ] },
  { event_type: 'LogCreated', logs: [ [Object] ] },
  { event_type: 'LogCreated', logs: [ [Object] ] },
  { event_type: 'LogCreated', logs: [ [Object] ] },
  { event_type: 'LogCreated', logs: [ [Object] ] },
  { event_type: 'LogCreated', logs: [ [Object] ] },
  { event_type: 'LogCreated', logs: [ [Object] ] }
] to 28529:0
2026-02-24T21:19:19.613Z CLI info  [vedantvankar_WD2nZN]  [srujyhua7le0kbwv6qz2yzcqpznuptkb92dxcer1]  [5be2e400-7dbb-417d-b612-44702b0f7e80]  [PRODUCTION] Making POST request to https://collector-observability.browserstack.com
2026-02-24T21:19:20.162Z CLI info [testhub:request-queue-handler]  [vedantvankar_WD2nZN]  [srujyhua7le0kbwv6qz2yzcqpznuptkb92dxcer1]  [5be2e400-7dbb-417d-b612-44702b0f7e80]  Added the event {
  event_type: 'LogCreated',
  logs: [
    {
      testFrameworkName: 'pytest',
      testFrameworkVersion: '9.0.2',
      testFrameworkState: 'INIT_TEST',
      timestamp: '2026-02-24T21:18:39.998Z',
      uuid: 'd438c723-c341-4821-a503-c9623a60f888',
      kind: 'TEST_LOG',
      message: '\nTITLE (Spanish):',
      level: 'INFO',
      test_run_uuid: 'd438c723-c341-4821-a503-c9623a60f888'
    }
  ]
} to 28529:0
2026-02-24T21:19:20.169Z CLI info [testhub:request-queue-handler]  [vedantvankar_WD2nZN]  [srujyhua7le0kbwv6qz2yzcqpznuptkb92dxcer1]  [5be2e400-7dbb-417d-b612-44702b0f7e80]  Added the event {
  event_type: 'LogCreated',
  logs: [
    {
      testFrameworkName: 'pytest',
      testFrameworkVersion: '9.0.2',
      testFrameworkState: 'INIT_TEST',
      timestamp: '2026-02-24T21:18:39.998Z',
      uuid: 'd438c723-c341-4821-a503-c9623a60f888',
      kind: 'TEST_LOG',
      message: 'La conga de los pocholos',
      level: 'INFO',
      test_run_uuid: 'd438c723-c341-4821-a503-c9623a60f888'
    }
  ]
} to 28529:0
2026-02-24T21:19:20.170Z CLI info [testhub:request-queue-handler]  [vedantvankar_WD2nZN]  [srujyhua7le0kbwv6qz2yzcqpznuptkb92dxcer1]  [5be2e400-7dbb-417d-b612-44702b0f7e80]  Added the event {
  event_type: 'LogCreated',
  logs: [
    {
      testFrameworkName: 'pytest',
      testFrameworkVersion: '9.0.2',
      testFrameworkState: 'INIT_TEST',
      timestamp: '2026-02-24T21:18:39.998Z',
      uuid: 'd438c723-c341-4821-a503-c9623a60f888',
      kind: 'TEST_LOG',
      message: 'La clave para ganar en cualquier carrera institucional es no soltarse en ningún momento\n' +
        'A veces me da por pensar en un asesor de un consejero de una presidenta que, al pasar por delante de un edificio muy regio del centro de Madrid, escuchó a quien llevaba al lado decirle: “Un día, tendrás un despacho ahí”. Iba el otro mirando hacia arriba desde la parte trasera de una repulida berlina, brillaban contra los cristales tintados las luces de la gran ciudad, y sus pupilas emitían un destello como de ...',
      level: 'INFO',
      test_run_uuid: 'd438c723-c341-4821-a503-c9623a60f888'
    }
  ]
} to 28529:0
2026-02-24T21:19:20.172Z CLI info [testhub:request-queue-handler]  [vedantvankar_WD2nZN]  [srujyhua7le0kbwv6qz2yzcqpznuptkb92dxcer1]  [5be2e400-7dbb-417d-b612-44702b0f7e80]  Added the event {
  event_type: 'LogCreated',
  logs: [
    {
      testFrameworkName: 'pytest',
      testFrameworkVersion: '9.0.2',
      testFrameworkState: 'INIT_TEST',
      timestamp: '2026-02-24T21:18:39.998Z',
      uuid: 'd438c723-c341-4821-a503-c9623a60f888',
      kind: 'TEST_LOG',
      message: '\nCONTENT PREVIEW:',
      level: 'INFO',
      test_run_uuid: 'd438c723-c341-4821-a503-c9623a60f888'
    }
  ]
} to 28529:0
2026-02-24T21:19:20.304Z CLI info [testhub:request-queue-handler]  [vedantvankar_WD2nZN]  [srujyhua7le0kbwv6qz2yzcqpznuptkb92dxcer1]  [5be2e400-7dbb-417d-b612-44702b0f7e80]  Added the event {
  event_type: 'LogCreated',
  logs: [
    {
      testFrameworkName: 'pytest',
      testFrameworkVersion: '9.0.2',
      testFrameworkState: 'INIT_TEST',
      timestamp: '2026-02-24T21:18:39.477Z',
      uuid: '68529219-2f00-4bd6-9a24-a597a7326465',
      kind: 'TEST_LOG',
      message: '\nTITLE (Spanish):',
      level: 'INFO',
      test_run_uuid: '68529219-2f00-4bd6-9a24-a597a7326465'
    }
  ]
} to 28529:0
2026-02-24T21:19:20.308Z CLI info [testhub:request-queue-handler]  [vedantvankar_WD2nZN]  [srujyhua7le0kbwv6qz2yzcqpznuptkb92dxcer1]  [5be2e400-7dbb-417d-b612-44702b0f7e80]  Added the event {
  event_type: 'LogCreated',
  logs: [
    {
      testFrameworkName: 'pytest',
      testFrameworkVersion: '9.0.2',
      testFrameworkState: 'INIT_TEST',
      timestamp: '2026-02-24T21:18:39.477Z',
      uuid: '68529219-2f00-4bd6-9a24-a597a7326465',
      kind: 'TEST_LOG',
      message: 'No más secretos del 23-F',
      level: 'INFO',
      test_run_uuid: '68529219-2f00-4bd6-9a24-a597a7326465'
    }
  ]
} to 28529:0
2026-02-24T21:19:20.314Z CLI info [testhub:request-queue-handler]  [vedantvankar_WD2nZN]  [srujyhua7le0kbwv6qz2yzcqpznuptkb92dxcer1]  [5be2e400-7dbb-417d-b612-44702b0f7e80]  Added the event {
  event_type: 'LogCreated',
  logs: [
    {
      testFrameworkName: 'pytest',
      testFrameworkVersion: '9.0.2',
      testFrameworkState: 'INIT_TEST',
      timestamp: '2026-02-24T21:18:39.477Z',
      uuid: '68529219-2f00-4bd6-9a24-a597a7326465',
      kind: 'TEST_LOG',
      message: '\nCONTENT PREVIEW:',
      level: 'INFO',
      test_run_uuid: '68529219-2f00-4bd6-9a24-a597a7326465'
    }
  ]
} to 28529:0
2026-02-24T21:19:20.316Z CLI info [testhub:request-queue-handler]  [vedantvankar_WD2nZN]  [srujyhua7le0kbwv6qz2yzcqpznuptkb92dxcer1]  [5be2e400-7dbb-417d-b612-44702b0f7e80]  Added the event {
  event_type: 'LogCreated',
  logs: [
    {
      testFrameworkName: 'pytest',
      testFrameworkVersion: '9.0.2',
      testFrameworkState: 'INIT_TEST',
      timestamp: '2026-02-24T21:18:39.477Z',
      uuid: '68529219-2f00-4bd6-9a24-a597a7326465',
      kind: 'TEST_LOG',
      message: 'Desclasificar los documentos del golpe de Estado ayudará a acabar con las conspiraciones interesadas sobre la Transición\n' +
        'El Consejo de Ministrosprevé desclasificar hoy todos los documentos oficiales en posesión del Gobiernorelacionados con el intento de golpe de Estado del 23 de febrero de 1981. Se espera que mañana estén accesibles en la web de La Moncloa. A la espera de ver el material, hay que saludar una decisión que salda“una deuda histórica con la ciudadanía”, como dijo Pedro Sánchez al ha ...',
      level: 'INFO',
      test_run_uuid: '68529219-2f00-4bd6-9a24-a597a7326465'
    }
  ]
} to 28529:0
2026-02-24T21:19:20.762Z CLI info [testhub:request-queue-handler]  [vedantvankar_WD2nZN]  [srujyhua7le0kbwv6qz2yzcqpznuptkb92dxcer1]  [5be2e400-7dbb-417d-b612-44702b0f7e80]  Added the event {
  event_type: 'LogCreated',
  logs: [
    {
      testFrameworkName: 'pytest',
      testFrameworkVersion: '9.0.2',
      testFrameworkState: 'INIT_TEST',
      timestamp: '2026-02-24T21:18:39.477Z',
      uuid: '68529219-2f00-4bd6-9a24-a597a7326465',
      kind: 'TEST_LOG',
      message: 'Image saved: images/article_1.jpg',
      level: 'INFO',
      test_run_uuid: '68529219-2f00-4bd6-9a24-a597a7326465'
    }
  ]
} to 28529:0
2026-02-24T21:19:20.765Z CLI info [testhub:request-queue-handler]  [vedantvankar_WD2nZN]  [srujyhua7le0kbwv6qz2yzcqpznuptkb92dxcer1]  [5be2e400-7dbb-417d-b612-44702b0f7e80]  Added the event {
  event_type: 'LogCreated',
  logs: [
    {
      testFrameworkName: 'pytest',
      testFrameworkVersion: '9.0.2',
      testFrameworkState: 'INIT_TEST',
      timestamp: '2026-02-24T21:18:39.477Z',
      uuid: '68529219-2f00-4bd6-9a24-a597a7326465',
      kind: 'TEST_LOG',
      message: '\n==============================',
      level: 'INFO',
      test_run_uuid: '68529219-2f00-4bd6-9a24-a597a7326465'
    }
  ]
} to 28529:0
2026-02-24T21:19:20.767Z CLI info [testhub:request-queue-handler]  [vedantvankar_WD2nZN]  [srujyhua7le0kbwv6qz2yzcqpznuptkb92dxcer1]  [5be2e400-7dbb-417d-b612-44702b0f7e80]  Added the event {
  event_type: 'LogCreated',
  logs: [
    {
      testFrameworkName: 'pytest',
      testFrameworkVersion: '9.0.2',
      testFrameworkState: 'INIT_TEST',
      timestamp: '2026-02-24T21:18:39.477Z',
      uuid: '68529219-2f00-4bd6-9a24-a597a7326465',
      kind: 'TEST_LOG',
      message: 'Scraping article 2',
      level: 'INFO',
      test_run_uuid: '68529219-2f00-4bd6-9a24-a597a7326465'
    }
  ]
} to 28529:0
2026-02-24T21:19:21.611Z CLI info [testhub:request-queue-handler]  [vedantvankar_WD2nZN]  [srujyhua7le0kbwv6qz2yzcqpznuptkb92dxcer1]  [5be2e400-7dbb-417d-b612-44702b0f7e80]  Processing batch event [
  { event_type: 'LogCreated', logs: [ [Object] ] },
  { event_type: 'LogCreated', logs: [ [Object] ] },
  { event_type: 'LogCreated', logs: [ [Object] ] },
  { event_type: 'LogCreated', logs: [ [Object] ] },
  { event_type: 'LogCreated', logs: [ [Object] ] },
  { event_type: 'LogCreated', logs: [ [Object] ] },
  { event_type: 'LogCreated', logs: [ [Object] ] },
  { event_type: 'LogCreated', logs: [ [Object] ] },
  { event_type: 'LogCreated', logs: [ [Object] ] },
  { event_type: 'LogCreated', logs: [ [Object] ] },
  { event_type: 'LogCreated', logs: [ [Object] ] }
] to 28529:0
2026-02-24T21:19:21.613Z CLI info  [vedantvankar_WD2nZN]  [srujyhua7le0kbwv6qz2yzcqpznuptkb92dxcer1]  [5be2e400-7dbb-417d-b612-44702b0f7e80]  [PRODUCTION] Making POST request to https://collector-observability.browserstack.com
2026-02-24T21:19:21.730Z CLI info [testhub:request-queue-handler]  [vedantvankar_WD2nZN]  [srujyhua7le0kbwv6qz2yzcqpznuptkb92dxcer1]  [5be2e400-7dbb-417d-b612-44702b0f7e80]  Added the event {
  event_type: 'LogCreated',
  logs: [
    {
      testFrameworkName: 'pytest',
      testFrameworkVersion: '9.0.2',
      testFrameworkState: 'INIT_TEST',
      timestamp: '2026-02-24T21:18:39.998Z',
      uuid: 'd438c723-c341-4821-a503-c9623a60f888',
      kind: 'TEST_LOG',
      message: 'Image saved: images/article_3.jpg',
      level: 'INFO',
      test_run_uuid: 'd438c723-c341-4821-a503-c9623a60f888'
    }
  ]
} to 28529:0
2026-02-24T21:19:21.733Z CLI info [testhub:request-queue-handler]  [vedantvankar_WD2nZN]  [srujyhua7le0kbwv6qz2yzcqpznuptkb92dxcer1]  [5be2e400-7dbb-417d-b612-44702b0f7e80]  Added the event {
  event_type: 'LogCreated',
  logs: [
    {
      testFrameworkName: 'pytest',
      testFrameworkVersion: '9.0.2',
      testFrameworkState: 'INIT_TEST',
      timestamp: '2026-02-24T21:18:39.998Z',
      uuid: 'd438c723-c341-4821-a503-c9623a60f888',
      kind: 'TEST_LOG',
      message: '\n==============================',
      level: 'INFO',
      test_run_uuid: 'd438c723-c341-4821-a503-c9623a60f888'
    }
  ]
} to 28529:0
2026-02-24T21:19:21.736Z CLI info [testhub:request-queue-handler]  [vedantvankar_WD2nZN]  [srujyhua7le0kbwv6qz2yzcqpznuptkb92dxcer1]  [5be2e400-7dbb-417d-b612-44702b0f7e80]  Added the event {
  event_type: 'LogCreated',
  logs: [
    {
      testFrameworkName: 'pytest',
      testFrameworkVersion: '9.0.2',
      testFrameworkState: 'INIT_TEST',
      timestamp: '2026-02-24T21:18:39.998Z',
      uuid: 'd438c723-c341-4821-a503-c9623a60f888',
      kind: 'TEST_LOG',
      message: 'Scraping article 4',
      level: 'INFO',
      test_run_uuid: 'd438c723-c341-4821-a503-c9623a60f888'
    }
  ]
} to 28529:0
2026-02-24T21:19:22.187Z CLI info [testhub:request-queue-handler]  [vedantvankar_WD2nZN]  [srujyhua7le0kbwv6qz2yzcqpznuptkb92dxcer1]  [5be2e400-7dbb-417d-b612-44702b0f7e80]  Added the event {
  event_type: 'LogCreated',
  logs: [
    {
      testFrameworkName: 'pytest',
      testFrameworkVersion: '9.0.2',
      testFrameworkState: 'INIT_TEST',
      timestamp: '2026-02-24T21:18:39.636Z',
      uuid: '1a8c5e8a-1351-4807-9f6d-1fb775d14a06',
      kind: 'TEST_LOG',
      message: '\nTITLE (Spanish):',
      level: 'INFO',
      test_run_uuid: '1a8c5e8a-1351-4807-9f6d-1fb775d14a06'
    }
  ]
} to 28529:0
2026-02-24T21:19:22.189Z CLI info [testhub:request-queue-handler]  [vedantvankar_WD2nZN]  [srujyhua7le0kbwv6qz2yzcqpznuptkb92dxcer1]  [5be2e400-7dbb-417d-b612-44702b0f7e80]  Added the event {
  event_type: 'LogCreated',
  logs: [
    {
      testFrameworkName: 'pytest',
      testFrameworkVersion: '9.0.2',
      testFrameworkState: 'INIT_TEST',
      timestamp: '2026-02-24T21:18:39.636Z',
      uuid: '1a8c5e8a-1351-4807-9f6d-1fb775d14a06',
      kind: 'TEST_LOG',
      message: 'La lenta gestación de la extrema derecha',
      level: 'INFO',
      test_run_uuid: '1a8c5e8a-1351-4807-9f6d-1fb775d14a06'
    }
  ]
} to 28529:0
2026-02-24T21:19:22.196Z CLI info [testhub:request-queue-handler]  [vedantvankar_WD2nZN]  [srujyhua7le0kbwv6qz2yzcqpznuptkb92dxcer1]  [5be2e400-7dbb-417d-b612-44702b0f7e80]  Added the event {
  event_type: 'LogCreated',
  logs: [
    {
      testFrameworkName: 'pytest',
      testFrameworkVersion: '9.0.2',
      testFrameworkState: 'INIT_TEST',
      timestamp: '2026-02-24T21:18:39.636Z',
      uuid: '1a8c5e8a-1351-4807-9f6d-1fb775d14a06',
      kind: 'TEST_LOG',
      message: '\nCONTENT PREVIEW:',
      level: 'INFO',
      test_run_uuid: '1a8c5e8a-1351-4807-9f6d-1fb775d14a06'
    }
  ]
} to 28529:0
2026-02-24T21:19:22.198Z CLI info [testhub:request-queue-handler]  [vedantvankar_WD2nZN]  [srujyhua7le0kbwv6qz2yzcqpznuptkb92dxcer1]  [5be2e400-7dbb-417d-b612-44702b0f7e80]  Added the event {
  event_type: 'LogCreated',
  logs: [
    {
      testFrameworkName: 'pytest',
      testFrameworkVersion: '9.0.2',
      testFrameworkState: 'INIT_TEST',
      timestamp: '2026-02-24T21:18:39.636Z',
      uuid: '1a8c5e8a-1351-4807-9f6d-1fb775d14a06',
      kind: 'TEST_LOG',
      message: 'El ascenso de Vox se explica mejor por el resurgir del nacionalismo español más rancio que por razones económicas\n' +
        'El crecimiento de Voxen las encuestasha desatado una lógica preocupación. Se busca una explicación de por qué una parte de la sociedad se muestra dispuesta a apoyar a un partido que niega el pluralismo político, siente nostalgia del franquismo, cuestiona el cambio climático y se opone a los derechos de minorías y colectivos vulnerables. La mayor parte de las explicaciones que se ofre ...',
      level: 'INFO',
      test_run_uuid: '1a8c5e8a-1351-4807-9f6d-1fb775d14a06'
    }
  ]
} to 28529:0
2026-02-24T21:19:22.547Z CLI info [testhub:request-queue-handler]  [vedantvankar_WD2nZN]  [srujyhua7le0kbwv6qz2yzcqpznuptkb92dxcer1]  [5be2e400-7dbb-417d-b612-44702b0f7e80]  Added the event {
  event_type: 'LogCreated',
  logs: [
    {
      testFrameworkName: 'pytest',
      testFrameworkVersion: '9.0.2',
      testFrameworkState: 'INIT_TEST',
      timestamp: '2026-02-24T21:18:39.636Z',
      uuid: '1a8c5e8a-1351-4807-9f6d-1fb775d14a06',
      kind: 'TEST_LOG',
      message: 'Image saved: images/article_2.jpg',
      level: 'INFO',
      test_run_uuid: '1a8c5e8a-1351-4807-9f6d-1fb775d14a06'
    }
  ]
} to 28529:0
2026-02-24T21:19:22.549Z CLI info [testhub:request-queue-handler]  [vedantvankar_WD2nZN]  [srujyhua7le0kbwv6qz2yzcqpznuptkb92dxcer1]  [5be2e400-7dbb-417d-b612-44702b0f7e80]  Added the event {
  event_type: 'LogCreated',
  logs: [
    {
      testFrameworkName: 'pytest',
      testFrameworkVersion: '9.0.2',
      testFrameworkState: 'INIT_TEST',
      timestamp: '2026-02-24T21:18:39.636Z',
      uuid: '1a8c5e8a-1351-4807-9f6d-1fb775d14a06',
      kind: 'TEST_LOG',
      message: '\n==============================',
      level: 'INFO',
      test_run_uuid: '1a8c5e8a-1351-4807-9f6d-1fb775d14a06'
    }
  ]
} to 28529:0
2026-02-24T21:19:22.551Z CLI info [testhub:request-queue-handler]  [vedantvankar_WD2nZN]  [srujyhua7le0kbwv6qz2yzcqpznuptkb92dxcer1]  [5be2e400-7dbb-417d-b612-44702b0f7e80]  Added the event {
  event_type: 'LogCreated',
  logs: [
    {
      testFrameworkName: 'pytest',
      testFrameworkVersion: '9.0.2',
      testFrameworkState: 'INIT_TEST',
      timestamp: '2026-02-24T21:18:39.636Z',
      uuid: '1a8c5e8a-1351-4807-9f6d-1fb775d14a06',
      kind: 'TEST_LOG',
      message: 'Scraping article 3',
      level: 'INFO',
      test_run_uuid: '1a8c5e8a-1351-4807-9f6d-1fb775d14a06'
    }
  ]
} to 28529:0
2026-02-24T21:19:23.124Z CLI info [testhub:request-queue-handler]  [vedantvankar_WD2nZN]  [srujyhua7le0kbwv6qz2yzcqpznuptkb92dxcer1]  [5be2e400-7dbb-417d-b612-44702b0f7e80]  Added the event {
  event_type: 'LogCreated',
  logs: [
    {
      testFrameworkName: 'pytest',
      testFrameworkVersion: '9.0.2',
      testFrameworkState: 'INIT_TEST',
      timestamp: '2026-02-24T21:18:39.647Z',
      uuid: '288266c0-cfec-4e91-8be5-ecf81df1c4d2',
      kind: 'TEST_LOG',
      message: '\nTITLE (Spanish):',
      level: 'INFO',
      test_run_uuid: '288266c0-cfec-4e91-8be5-ecf81df1c4d2'
    }
  ]
} to 28529:0
2026-02-24T21:19:23.130Z CLI info [testhub:request-queue-handler]  [vedantvankar_WD2nZN]  [srujyhua7le0kbwv6qz2yzcqpznuptkb92dxcer1]  [5be2e400-7dbb-417d-b612-44702b0f7e80]  Added the event {
  event_type: 'LogCreated',
  logs: [
    {
      testFrameworkName: 'pytest',
      testFrameworkVersion: '9.0.2',
      testFrameworkState: 'INIT_TEST',
      timestamp: '2026-02-24T21:18:39.647Z',
      uuid: '288266c0-cfec-4e91-8be5-ecf81df1c4d2',
      kind: 'TEST_LOG',
      message: 'La conga de los pocholos',
      level: 'INFO',
      test_run_uuid: '288266c0-cfec-4e91-8be5-ecf81df1c4d2'
    }
  ]
} to 28529:0
2026-02-24T21:19:23.131Z CLI info [testhub:request-queue-handler]  [vedantvankar_WD2nZN]  [srujyhua7le0kbwv6qz2yzcqpznuptkb92dxcer1]  [5be2e400-7dbb-417d-b612-44702b0f7e80]  Added the event {
  event_type: 'LogCreated',
  logs: [
    {
      testFrameworkName: 'pytest',
      testFrameworkVersion: '9.0.2',
      testFrameworkState: 'INIT_TEST',
      timestamp: '2026-02-24T21:18:39.647Z',
      uuid: '288266c0-cfec-4e91-8be5-ecf81df1c4d2',
      kind: 'TEST_LOG',
      message: '\nCONTENT PREVIEW:',
      level: 'INFO',
      test_run_uuid: '288266c0-cfec-4e91-8be5-ecf81df1c4d2'
    }
  ]
} to 28529:0
2026-02-24T21:19:23.133Z CLI info [testhub:request-queue-handler]  [vedantvankar_WD2nZN]  [srujyhua7le0kbwv6qz2yzcqpznuptkb92dxcer1]  [5be2e400-7dbb-417d-b612-44702b0f7e80]  Added the event {
  event_type: 'LogCreated',
  logs: [
    {
      testFrameworkName: 'pytest',
      testFrameworkVersion: '9.0.2',
      testFrameworkState: 'INIT_TEST',
      timestamp: '2026-02-24T21:18:39.647Z',
      uuid: '288266c0-cfec-4e91-8be5-ecf81df1c4d2',
      kind: 'TEST_LOG',
      message: 'La clave para ganar en cualquier carrera institucional es no soltarse en ningún momento\n' +
        'A veces me da por pensar en un asesor de un consejero de una presidenta que, al pasar por delante de un edificio muy regio del centro de Madrid, escuchó a quien llevaba al lado decirle: “Un día, tendrás un despacho ahí”. Iba el otro mirando hacia arriba desde la parte trasera de una repulida berlina, brillaban contra los cristales tintados las luces de la gran ciudad, y sus pupilas emitían un destello como de ...',
      level: 'INFO',
      test_run_uuid: '288266c0-cfec-4e91-8be5-ecf81df1c4d2'
    }
  ]
} to 28529:0
2026-02-24T21:19:23.555Z CLI info [testhub:request-queue-handler]  [vedantvankar_WD2nZN]  [srujyhua7le0kbwv6qz2yzcqpznuptkb92dxcer1]  [5be2e400-7dbb-417d-b612-44702b0f7e80]  Added the event {
  event_type: 'LogCreated',
  logs: [
    {
      testFrameworkName: 'pytest',
      testFrameworkVersion: '9.0.2',
      testFrameworkState: 'INIT_TEST',
      timestamp: '2026-02-24T21:18:39.647Z',
      uuid: '288266c0-cfec-4e91-8be5-ecf81df1c4d2',
      kind: 'TEST_LOG',
      message: 'Image saved: images/article_3.jpg',
      level: 'INFO',
      test_run_uuid: '288266c0-cfec-4e91-8be5-ecf81df1c4d2'
    }
  ]
} to 28529:0
2026-02-24T21:19:23.558Z CLI info [testhub:request-queue-handler]  [vedantvankar_WD2nZN]  [srujyhua7le0kbwv6qz2yzcqpznuptkb92dxcer1]  [5be2e400-7dbb-417d-b612-44702b0f7e80]  Added the event {
  event_type: 'LogCreated',
  logs: [
    {
      testFrameworkName: 'pytest',
      testFrameworkVersion: '9.0.2',
      testFrameworkState: 'INIT_TEST',
      timestamp: '2026-02-24T21:18:39.647Z',
      uuid: '288266c0-cfec-4e91-8be5-ecf81df1c4d2',
      kind: 'TEST_LOG',
      message: '\n==============================',
      level: 'INFO',
      test_run_uuid: '288266c0-cfec-4e91-8be5-ecf81df1c4d2'
    }
  ]
} to 28529:0
2026-02-24T21:19:23.560Z CLI info [testhub:request-queue-handler]  [vedantvankar_WD2nZN]  [srujyhua7le0kbwv6qz2yzcqpznuptkb92dxcer1]  [5be2e400-7dbb-417d-b612-44702b0f7e80]  Added the event {
  event_type: 'LogCreated',
  logs: [
    {
      testFrameworkName: 'pytest',
      testFrameworkVersion: '9.0.2',
      testFrameworkState: 'INIT_TEST',
      timestamp: '2026-02-24T21:18:39.647Z',
      uuid: '288266c0-cfec-4e91-8be5-ecf81df1c4d2',
      kind: 'TEST_LOG',
      message: 'Scraping article 4',
      level: 'INFO',
      test_run_uuid: '288266c0-cfec-4e91-8be5-ecf81df1c4d2'
    }
  ]
} to 28529:0
2026-02-24T21:19:23.611Z CLI info [testhub:request-queue-handler]  [vedantvankar_WD2nZN]  [srujyhua7le0kbwv6qz2yzcqpznuptkb92dxcer1]  [5be2e400-7dbb-417d-b612-44702b0f7e80]  Processing batch event [
  { event_type: 'LogCreated', logs: [ [Object] ] },
  { event_type: 'LogCreated', logs: [ [Object] ] },
  { event_type: 'LogCreated', logs: [ [Object] ] },
  { event_type: 'LogCreated', logs: [ [Object] ] },
  { event_type: 'LogCreated', logs: [ [Object] ] },
  { event_type: 'LogCreated', logs: [ [Object] ] },
  { event_type: 'LogCreated', logs: [ [Object] ] },
  { event_type: 'LogCreated', logs: [ [Object] ] },
  { event_type: 'LogCreated', logs: [ [Object] ] },
  { event_type: 'LogCreated', logs: [ [Object] ] },
  { event_type: 'LogCreated', logs: [ [Object] ] },
  { event_type: 'LogCreated', logs: [ [Object] ] },
  { event_type: 'LogCreated', logs: [ [Object] ] },
  { event_type: 'LogCreated', logs: [ [Object] ] },
  { event_type: 'LogCreated', logs: [ [Object] ] },
  { event_type: 'LogCreated', logs: [ [Object] ] },
  { event_type: 'LogCreated', logs: [ [Object] ] }
] to 28529:0
2026-02-24T21:19:23.613Z CLI info  [vedantvankar_WD2nZN]  [srujyhua7le0kbwv6qz2yzcqpznuptkb92dxcer1]  [5be2e400-7dbb-417d-b612-44702b0f7e80]  [PRODUCTION] Making POST request to https://collector-observability.browserstack.com
2026-02-24T21:19:24.966Z CLI info [testhub:request-queue-handler]  [vedantvankar_WD2nZN]  [srujyhua7le0kbwv6qz2yzcqpznuptkb92dxcer1]  [5be2e400-7dbb-417d-b612-44702b0f7e80]  Added the event {
  event_type: 'LogCreated',
  logs: [
    {
      testFrameworkName: 'pytest',
      testFrameworkVersion: '9.0.2',
      testFrameworkState: 'INIT_TEST',
      timestamp: '2026-02-24T21:18:39.962Z',
      uuid: '819487dd-188d-4ef5-99c8-dcc5d3d67b38',
      kind: 'TEST_LOG',
      message: '\nTITLE (Spanish):',
      level: 'INFO',
      test_run_uuid: '819487dd-188d-4ef5-99c8-dcc5d3d67b38'
    }
  ]
} to 28529:0
2026-02-24T21:19:24.973Z CLI info [testhub:request-queue-handler]  [vedantvankar_WD2nZN]  [srujyhua7le0kbwv6qz2yzcqpznuptkb92dxcer1]  [5be2e400-7dbb-417d-b612-44702b0f7e80]  Added the event {
  event_type: 'LogCreated',
  logs: [
    {
      testFrameworkName: 'pytest',
      testFrameworkVersion: '9.0.2',
      testFrameworkState: 'INIT_TEST',
      timestamp: '2026-02-24T21:18:39.962Z',
      uuid: '819487dd-188d-4ef5-99c8-dcc5d3d67b38',
      kind: 'TEST_LOG',
      message: 'La lenta gestación de la extrema derecha',
      level: 'INFO',
      test_run_uuid: '819487dd-188d-4ef5-99c8-dcc5d3d67b38'
    }
  ]
} to 28529:0
2026-02-24T21:19:24.975Z CLI info [testhub:request-queue-handler]  [vedantvankar_WD2nZN]  [srujyhua7le0kbwv6qz2yzcqpznuptkb92dxcer1]  [5be2e400-7dbb-417d-b612-44702b0f7e80]  Added the event {
  event_type: 'LogCreated',
  logs: [
    {
      testFrameworkName: 'pytest',
      testFrameworkVersion: '9.0.2',
      testFrameworkState: 'INIT_TEST',
      timestamp: '2026-02-24T21:18:39.962Z',
      uuid: '819487dd-188d-4ef5-99c8-dcc5d3d67b38',
      kind: 'TEST_LOG',
      message: '\nCONTENT PREVIEW:',
      level: 'INFO',
      test_run_uuid: '819487dd-188d-4ef5-99c8-dcc5d3d67b38'
    }
  ]
} to 28529:0
2026-02-24T21:19:24.976Z CLI info [testhub:request-queue-handler]  [vedantvankar_WD2nZN]  [srujyhua7le0kbwv6qz2yzcqpznuptkb92dxcer1]  [5be2e400-7dbb-417d-b612-44702b0f7e80]  Added the event {
  event_type: 'LogCreated',
  logs: [
    {
      testFrameworkName: 'pytest',
      testFrameworkVersion: '9.0.2',
      testFrameworkState: 'INIT_TEST',
      timestamp: '2026-02-24T21:18:39.962Z',
      uuid: '819487dd-188d-4ef5-99c8-dcc5d3d67b38',
      kind: 'TEST_LOG',
      message: 'El ascenso de Vox se explica mejor por el resurgir del nacionalismo español más rancio que por razones económicas\n' +
        'El crecimiento de Voxen las encuestasha desatado una lógica preocupación. Se busca una explicación de por qué una parte de la sociedad se muestra dispuesta a apoyar a un partido que niega el pluralismo político, siente nostalgia del franquismo, cuestiona el cambio climático y se opone a los derechos de minorías y colectivos vulnerables. La mayor parte de las explicaciones que se ofre ...',
      level: 'INFO',
      test_run_uuid: '819487dd-188d-4ef5-99c8-dcc5d3d67b38'
    }
  ]
} to 28529:0
2026-02-24T21:19:25.336Z CLI info [testhub:request-queue-handler]  [vedantvankar_WD2nZN]  [srujyhua7le0kbwv6qz2yzcqpznuptkb92dxcer1]  [5be2e400-7dbb-417d-b612-44702b0f7e80]  Added the event {
  event_type: 'LogCreated',
  logs: [
    {
      testFrameworkName: 'pytest',
      testFrameworkVersion: '9.0.2',
      testFrameworkState: 'INIT_TEST',
      timestamp: '2026-02-24T21:18:39.962Z',
      uuid: '819487dd-188d-4ef5-99c8-dcc5d3d67b38',
      kind: 'TEST_LOG',
      message: 'Image saved: images/article_2.jpg',
      level: 'INFO',
      test_run_uuid: '819487dd-188d-4ef5-99c8-dcc5d3d67b38'
    }
  ]
} to 28529:0
2026-02-24T21:19:25.339Z CLI info [testhub:request-queue-handler]  [vedantvankar_WD2nZN]  [srujyhua7le0kbwv6qz2yzcqpznuptkb92dxcer1]  [5be2e400-7dbb-417d-b612-44702b0f7e80]  Added the event {
  event_type: 'LogCreated',
  logs: [
    {
      testFrameworkName: 'pytest',
      testFrameworkVersion: '9.0.2',
      testFrameworkState: 'INIT_TEST',
      timestamp: '2026-02-24T21:18:39.962Z',
      uuid: '819487dd-188d-4ef5-99c8-dcc5d3d67b38',
      kind: 'TEST_LOG',
      message: '\n==============================',
      level: 'INFO',
      test_run_uuid: '819487dd-188d-4ef5-99c8-dcc5d3d67b38'
    }
  ]
} to 28529:0
2026-02-24T21:19:25.341Z CLI info [testhub:request-queue-handler]  [vedantvankar_WD2nZN]  [srujyhua7le0kbwv6qz2yzcqpznuptkb92dxcer1]  [5be2e400-7dbb-417d-b612-44702b0f7e80]  Added the event {
  event_type: 'LogCreated',
  logs: [
    {
      testFrameworkName: 'pytest',
      testFrameworkVersion: '9.0.2',
      testFrameworkState: 'INIT_TEST',
      timestamp: '2026-02-24T21:18:39.962Z',
      uuid: '819487dd-188d-4ef5-99c8-dcc5d3d67b38',
      kind: 'TEST_LOG',
      message: 'Scraping article 3',
      level: 'INFO',
      test_run_uuid: '819487dd-188d-4ef5-99c8-dcc5d3d67b38'
    }
  ]
} to 28529:0
2026-02-24T21:19:25.611Z CLI info [testhub:request-queue-handler]  [vedantvankar_WD2nZN]  [srujyhua7le0kbwv6qz2yzcqpznuptkb92dxcer1]  [5be2e400-7dbb-417d-b612-44702b0f7e80]  Processing batch event [
  { event_type: 'LogCreated', logs: [ [Object] ] },
  { event_type: 'LogCreated', logs: [ [Object] ] },
  { event_type: 'LogCreated', logs: [ [Object] ] },
  { event_type: 'LogCreated', logs: [ [Object] ] },
  { event_type: 'LogCreated', logs: [ [Object] ] },
  { event_type: 'LogCreated', logs: [ [Object] ] },
  { event_type: 'LogCreated', logs: [ [Object] ] }
] to 28529:0
2026-02-24T21:19:25.613Z CLI info  [vedantvankar_WD2nZN]  [srujyhua7le0kbwv6qz2yzcqpznuptkb92dxcer1]  [5be2e400-7dbb-417d-b612-44702b0f7e80]  [PRODUCTION] Making POST request to https://collector-observability.browserstack.com
2026-02-24T21:19:27.754Z CLI info [testhub:request-queue-handler]  [vedantvankar_WD2nZN]  [srujyhua7le0kbwv6qz2yzcqpznuptkb92dxcer1]  [5be2e400-7dbb-417d-b612-44702b0f7e80]  Added the event {
  event_type: 'LogCreated',
  logs: [
    {
      testFrameworkName: 'pytest',
      testFrameworkVersion: '9.0.2',
      testFrameworkState: 'INIT_TEST',
      timestamp: '2026-02-24T21:18:39.998Z',
      uuid: 'd438c723-c341-4821-a503-c9623a60f888',
      kind: 'TEST_LOG',
      message: '\nTITLE (Spanish):',
      level: 'INFO',
      test_run_uuid: 'd438c723-c341-4821-a503-c9623a60f888'
    }
  ]
} to 28529:0
2026-02-24T21:19:27.755Z CLI info [testhub:request-queue-handler]  [vedantvankar_WD2nZN]  [srujyhua7le0kbwv6qz2yzcqpznuptkb92dxcer1]  [5be2e400-7dbb-417d-b612-44702b0f7e80]  Added the event {
  event_type: 'LogCreated',
  logs: [
    {
      testFrameworkName: 'pytest',
      testFrameworkVersion: '9.0.2',
      testFrameworkState: 'INIT_TEST',
      timestamp: '2026-02-24T21:18:39.998Z',
      uuid: 'd438c723-c341-4821-a503-c9623a60f888',
      kind: 'TEST_LOG',
      message: 'Riki Blanco: prohibido',
      level: 'INFO',
      test_run_uuid: 'd438c723-c341-4821-a503-c9623a60f888'
    }
  ]
} to 28529:0
2026-02-24T21:19:27.760Z CLI info [testhub:request-queue-handler]  [vedantvankar_WD2nZN]  [srujyhua7le0kbwv6qz2yzcqpznuptkb92dxcer1]  [5be2e400-7dbb-417d-b612-44702b0f7e80]  Added the event {
  event_type: 'LogCreated',
  logs: [
    {
      testFrameworkName: 'pytest',
      testFrameworkVersion: '9.0.2',
      testFrameworkState: 'INIT_TEST',
      timestamp: '2026-02-24T21:18:39.998Z',
      uuid: 'd438c723-c341-4821-a503-c9623a60f888',
      kind: 'TEST_LOG',
      message: '\nCONTENT PREVIEW:',
      level: 'INFO',
      test_run_uuid: 'd438c723-c341-4821-a503-c9623a60f888'
    }
  ]
} to 28529:0
2026-02-24T21:19:27.762Z CLI info [testhub:request-queue-handler]  [vedantvankar_WD2nZN]  [srujyhua7le0kbwv6qz2yzcqpznuptkb92dxcer1]  [5be2e400-7dbb-417d-b612-44702b0f7e80]  Added the event {
  event_type: 'LogCreated',
  logs: [
    {
      testFrameworkName: 'pytest',
      testFrameworkVersion: '9.0.2',
      testFrameworkState: 'INIT_TEST',
      timestamp: '2026-02-24T21:18:39.998Z',
      uuid: 'd438c723-c341-4821-a503-c9623a60f888',
      kind: 'TEST_LOG',
      message: 'Viñeta del 24 de febrero de 2026\n ...',
      level: 'INFO',
      test_run_uuid: 'd438c723-c341-4821-a503-c9623a60f888'
    }
  ]
} to 28529:0
2026-02-24T21:19:29.108Z CLI info [testhub:request-queue-handler]  [vedantvankar_WD2nZN]  [srujyhua7le0kbwv6qz2yzcqpznuptkb92dxcer1]  [5be2e400-7dbb-417d-b612-44702b0f7e80]  Added the event {
  event_type: 'LogCreated',
  logs: [
    {
      testFrameworkName: 'pytest',
      testFrameworkVersion: '9.0.2',
      testFrameworkState: 'INIT_TEST',
      timestamp: '2026-02-24T21:18:39.647Z',
      uuid: '288266c0-cfec-4e91-8be5-ecf81df1c4d2',
      kind: 'TEST_LOG',
      message: '\nTITLE (Spanish):',
      level: 'INFO',
      test_run_uuid: '288266c0-cfec-4e91-8be5-ecf81df1c4d2'
    }
  ]
} to 28529:0
2026-02-24T21:19:29.112Z CLI info [testhub:request-queue-handler]  [vedantvankar_WD2nZN]  [srujyhua7le0kbwv6qz2yzcqpznuptkb92dxcer1]  [5be2e400-7dbb-417d-b612-44702b0f7e80]  Added the event {
  event_type: 'LogCreated',
  logs: [
    {
      testFrameworkName: 'pytest',
      testFrameworkVersion: '9.0.2',
      testFrameworkState: 'INIT_TEST',
      timestamp: '2026-02-24T21:18:39.647Z',
      uuid: '288266c0-cfec-4e91-8be5-ecf81df1c4d2',
      kind: 'TEST_LOG',
      message: 'Riki Blanco: prohibido',
      level: 'INFO',
      test_run_uuid: '288266c0-cfec-4e91-8be5-ecf81df1c4d2'
    }
  ]
} to 28529:0
2026-02-24T21:19:29.115Z CLI info [testhub:request-queue-handler]  [vedantvankar_WD2nZN]  [srujyhua7le0kbwv6qz2yzcqpznuptkb92dxcer1]  [5be2e400-7dbb-417d-b612-44702b0f7e80]  Added the event {
  event_type: 'LogCreated',
  logs: [
    {
      testFrameworkName: 'pytest',
      testFrameworkVersion: '9.0.2',
      testFrameworkState: 'INIT_TEST',
      timestamp: '2026-02-24T21:18:39.647Z',
      uuid: '288266c0-cfec-4e91-8be5-ecf81df1c4d2',
      kind: 'TEST_LOG',
      message: '\nCONTENT PREVIEW:',
      level: 'INFO',
      test_run_uuid: '288266c0-cfec-4e91-8be5-ecf81df1c4d2'
    }
  ]
} to 28529:0
2026-02-24T21:19:29.118Z CLI info [testhub:request-queue-handler]  [vedantvankar_WD2nZN]  [srujyhua7le0kbwv6qz2yzcqpznuptkb92dxcer1]  [5be2e400-7dbb-417d-b612-44702b0f7e80]  Added the event {
  event_type: 'LogCreated',
  logs: [
    {
      testFrameworkName: 'pytest',
      testFrameworkVersion: '9.0.2',
      testFrameworkState: 'INIT_TEST',
      timestamp: '2026-02-24T21:18:39.647Z',
      uuid: '288266c0-cfec-4e91-8be5-ecf81df1c4d2',
      kind: 'TEST_LOG',
      message: 'Viñeta del 24 de febrero de 2026\n ...',
      level: 'INFO',
      test_run_uuid: '288266c0-cfec-4e91-8be5-ecf81df1c4d2'
    }
  ]
} to 28529:0
2026-02-24T21:19:29.138Z CLI info [testhub:request-queue-handler]  [vedantvankar_WD2nZN]  [srujyhua7le0kbwv6qz2yzcqpznuptkb92dxcer1]  [5be2e400-7dbb-417d-b612-44702b0f7e80]  Added the event {
  event_type: 'LogCreated',
  logs: [
    {
      testFrameworkName: 'pytest',
      testFrameworkVersion: '9.0.2',
      testFrameworkState: 'INIT_TEST',
      timestamp: '2026-02-24T21:18:39.477Z',
      uuid: '68529219-2f00-4bd6-9a24-a597a7326465',
      kind: 'TEST_LOG',
      message: '\nTITLE (Spanish):',
      level: 'INFO',
      test_run_uuid: '68529219-2f00-4bd6-9a24-a597a7326465'
    }
  ]
} to 28529:0
2026-02-24T21:19:29.141Z CLI info [testhub:request-queue-handler]  [vedantvankar_WD2nZN]  [srujyhua7le0kbwv6qz2yzcqpznuptkb92dxcer1]  [5be2e400-7dbb-417d-b612-44702b0f7e80]  Added the event {
  event_type: 'LogCreated',
  logs: [
    {
      testFrameworkName: 'pytest',
      testFrameworkVersion: '9.0.2',
      testFrameworkState: 'INIT_TEST',
      timestamp: '2026-02-24T21:18:39.477Z',
      uuid: '68529219-2f00-4bd6-9a24-a597a7326465',
      kind: 'TEST_LOG',
      message: 'La lenta gestación de la extrema derecha',
      level: 'INFO',
      test_run_uuid: '68529219-2f00-4bd6-9a24-a597a7326465'
    }
  ]
} to 28529:0
2026-02-24T21:19:29.144Z CLI info [testhub:request-queue-handler]  [vedantvankar_WD2nZN]  [srujyhua7le0kbwv6qz2yzcqpznuptkb92dxcer1]  [5be2e400-7dbb-417d-b612-44702b0f7e80]  Added the event {
  event_type: 'LogCreated',
  logs: [
    {
      testFrameworkName: 'pytest',
      testFrameworkVersion: '9.0.2',
      testFrameworkState: 'INIT_TEST',
      timestamp: '2026-02-24T21:18:39.477Z',
      uuid: '68529219-2f00-4bd6-9a24-a597a7326465',
      kind: 'TEST_LOG',
      message: '\nCONTENT PREVIEW:',
      level: 'INFO',
      test_run_uuid: '68529219-2f00-4bd6-9a24-a597a7326465'
    }
  ]
} to 28529:0
2026-02-24T21:19:29.145Z CLI info [testhub:request-queue-handler]  [vedantvankar_WD2nZN]  [srujyhua7le0kbwv6qz2yzcqpznuptkb92dxcer1]  [5be2e400-7dbb-417d-b612-44702b0f7e80]  Added the event {
  event_type: 'LogCreated',
  logs: [
    {
      testFrameworkName: 'pytest',
      testFrameworkVersion: '9.0.2',
      testFrameworkState: 'INIT_TEST',
      timestamp: '2026-02-24T21:18:39.477Z',
      uuid: '68529219-2f00-4bd6-9a24-a597a7326465',
      kind: 'TEST_LOG',
      message: 'El ascenso de Vox se explica mejor por el resurgir del nacionalismo español más rancio que por razones económicas\n' +
        'El crecimiento de Voxen las encuestasha desatado una lógica preocupación. Se busca una explicación de por qué una parte de la sociedad se muestra dispuesta a apoyar a un partido que niega el pluralismo político, siente nostalgia del franquismo, cuestiona el cambio climático y se opone a los derechos de minorías y colectivos vulnerables. La mayor parte de las explicaciones que se ofre ...',
      level: 'INFO',
      test_run_uuid: '68529219-2f00-4bd6-9a24-a597a7326465'
    }
  ]
} to 28529:0
2026-02-24T21:19:29.230Z CLI info [testhub:request-queue-handler]  [vedantvankar_WD2nZN]  [srujyhua7le0kbwv6qz2yzcqpznuptkb92dxcer1]  [5be2e400-7dbb-417d-b612-44702b0f7e80]  Added the event {
  event_type: 'LogCreated',
  logs: [
    {
      testFrameworkName: 'pytest',
      testFrameworkVersion: '9.0.2',
      testFrameworkState: 'INIT_TEST',
      timestamp: '2026-02-24T21:18:39.636Z',
      uuid: '1a8c5e8a-1351-4807-9f6d-1fb775d14a06',
      kind: 'TEST_LOG',
      message: '\nTITLE (Spanish):',
      level: 'INFO',
      test_run_uuid: '1a8c5e8a-1351-4807-9f6d-1fb775d14a06'
    }
  ]
} to 28529:0
2026-02-24T21:19:29.236Z CLI info [testhub:request-queue-handler]  [vedantvankar_WD2nZN]  [srujyhua7le0kbwv6qz2yzcqpznuptkb92dxcer1]  [5be2e400-7dbb-417d-b612-44702b0f7e80]  Added the event {
  event_type: 'LogCreated',
  logs: [
    {
      testFrameworkName: 'pytest',
      testFrameworkVersion: '9.0.2',
      testFrameworkState: 'INIT_TEST',
      timestamp: '2026-02-24T21:18:39.636Z',
      uuid: '1a8c5e8a-1351-4807-9f6d-1fb775d14a06',
      kind: 'TEST_LOG',
      message: 'La conga de los pocholos',
      level: 'INFO',
      test_run_uuid: '1a8c5e8a-1351-4807-9f6d-1fb775d14a06'
    }
  ]
} to 28529:0
2026-02-24T21:19:29.240Z CLI info [testhub:request-queue-handler]  [vedantvankar_WD2nZN]  [srujyhua7le0kbwv6qz2yzcqpznuptkb92dxcer1]  [5be2e400-7dbb-417d-b612-44702b0f7e80]  Added the event {
  event_type: 'LogCreated',
  logs: [
    {
      testFrameworkName: 'pytest',
      testFrameworkVersion: '9.0.2',
      testFrameworkState: 'INIT_TEST',
      timestamp: '2026-02-24T21:18:39.636Z',
      uuid: '1a8c5e8a-1351-4807-9f6d-1fb775d14a06',
      kind: 'TEST_LOG',
      message: '\nCONTENT PREVIEW:',
      level: 'INFO',
      test_run_uuid: '1a8c5e8a-1351-4807-9f6d-1fb775d14a06'
    }
  ]
} to 28529:0
2026-02-24T21:19:29.242Z CLI info [testhub:request-queue-handler]  [vedantvankar_WD2nZN]  [srujyhua7le0kbwv6qz2yzcqpznuptkb92dxcer1]  [5be2e400-7dbb-417d-b612-44702b0f7e80]  Added the event {
  event_type: 'LogCreated',
  logs: [
    {
      testFrameworkName: 'pytest',
      testFrameworkVersion: '9.0.2',
      testFrameworkState: 'INIT_TEST',
      timestamp: '2026-02-24T21:18:39.636Z',
      uuid: '1a8c5e8a-1351-4807-9f6d-1fb775d14a06',
      kind: 'TEST_LOG',
      message: 'La clave para ganar en cualquier carrera institucional es no soltarse en ningún momento\n' +
        'A veces me da por pensar en un asesor de un consejero de una presidenta que, al pasar por delante de un edificio muy regio del centro de Madrid, escuchó a quien llevaba al lado decirle: “Un día, tendrás un despacho ahí”. Iba el otro mirando hacia arriba desde la parte trasera de una repulida berlina, brillaban contra los cristales tintados las luces de la gran ciudad, y sus pupilas emitían un destello como de ...',
      level: 'INFO',
      test_run_uuid: '1a8c5e8a-1351-4807-9f6d-1fb775d14a06'
    }
  ]
} to 28529:0
2026-02-24T21:19:29.386Z CLI info [testhub:request-queue-handler]  [vedantvankar_WD2nZN]  [srujyhua7le0kbwv6qz2yzcqpznuptkb92dxcer1]  [5be2e400-7dbb-417d-b612-44702b0f7e80]  Added the event {
  event_type: 'LogCreated',
  logs: [
    {
      testFrameworkName: 'pytest',
      testFrameworkVersion: '9.0.2',
      testFrameworkState: 'INIT_TEST',
      timestamp: '2026-02-24T21:18:39.998Z',
      uuid: 'd438c723-c341-4821-a503-c9623a60f888',
      kind: 'TEST_LOG',
      message: 'Image saved: images/article_4.jpg',
      level: 'INFO',
      test_run_uuid: 'd438c723-c341-4821-a503-c9623a60f888'
    }
  ]
} to 28529:0
2026-02-24T21:19:29.389Z CLI info [testhub:request-queue-handler]  [vedantvankar_WD2nZN]  [srujyhua7le0kbwv6qz2yzcqpznuptkb92dxcer1]  [5be2e400-7dbb-417d-b612-44702b0f7e80]  Added the event {
  event_type: 'LogCreated',
  logs: [
    {
      testFrameworkName: 'pytest',
      testFrameworkVersion: '9.0.2',
      testFrameworkState: 'INIT_TEST',
      timestamp: '2026-02-24T21:18:39.998Z',
      uuid: 'd438c723-c341-4821-a503-c9623a60f888',
      kind: 'TEST_LOG',
      message: '\n==============================',
      level: 'INFO',
      test_run_uuid: 'd438c723-c341-4821-a503-c9623a60f888'
    }
  ]
} to 28529:0
2026-02-24T21:19:29.391Z CLI info [testhub:request-queue-handler]  [vedantvankar_WD2nZN]  [srujyhua7le0kbwv6qz2yzcqpznuptkb92dxcer1]  [5be2e400-7dbb-417d-b612-44702b0f7e80]  Added the event {
  event_type: 'LogCreated',
  logs: [
    {
      testFrameworkName: 'pytest',
      testFrameworkVersion: '9.0.2',
      testFrameworkState: 'INIT_TEST',
      timestamp: '2026-02-24T21:18:39.998Z',
      uuid: 'd438c723-c341-4821-a503-c9623a60f888',
      kind: 'TEST_LOG',
      message: 'Scraping article 5',
      level: 'INFO',
      test_run_uuid: 'd438c723-c341-4821-a503-c9623a60f888'
    }
  ]
} to 28529:0
2026-02-24T21:19:29.478Z CLI info [testhub:request-queue-handler]  [vedantvankar_WD2nZN]  [srujyhua7le0kbwv6qz2yzcqpznuptkb92dxcer1]  [5be2e400-7dbb-417d-b612-44702b0f7e80]  Added the event {
  event_type: 'LogCreated',
  logs: [
    {
      testFrameworkName: 'pytest',
      testFrameworkVersion: '9.0.2',
      testFrameworkState: 'INIT_TEST',
      timestamp: '2026-02-24T21:18:39.477Z',
      uuid: '68529219-2f00-4bd6-9a24-a597a7326465',
      kind: 'TEST_LOG',
      message: 'Image saved: images/article_2.jpg',
      level: 'INFO',
      test_run_uuid: '68529219-2f00-4bd6-9a24-a597a7326465'
    }
  ]
} to 28529:0
2026-02-24T21:19:29.481Z CLI info [testhub:request-queue-handler]  [vedantvankar_WD2nZN]  [srujyhua7le0kbwv6qz2yzcqpznuptkb92dxcer1]  [5be2e400-7dbb-417d-b612-44702b0f7e80]  Added the event {
  event_type: 'LogCreated',
  logs: [
    {
      testFrameworkName: 'pytest',
      testFrameworkVersion: '9.0.2',
      testFrameworkState: 'INIT_TEST',
      timestamp: '2026-02-24T21:18:39.477Z',
      uuid: '68529219-2f00-4bd6-9a24-a597a7326465',
      kind: 'TEST_LOG',
      message: '\n==============================',
      level: 'INFO',
      test_run_uuid: '68529219-2f00-4bd6-9a24-a597a7326465'
    }
  ]
} to 28529:0
2026-02-24T21:19:29.483Z CLI info [testhub:request-queue-handler]  [vedantvankar_WD2nZN]  [srujyhua7le0kbwv6qz2yzcqpznuptkb92dxcer1]  [5be2e400-7dbb-417d-b612-44702b0f7e80]  Added the event {
  event_type: 'LogCreated',
  logs: [
    {
      testFrameworkName: 'pytest',
      testFrameworkVersion: '9.0.2',
      testFrameworkState: 'INIT_TEST',
      timestamp: '2026-02-24T21:18:39.477Z',
      uuid: '68529219-2f00-4bd6-9a24-a597a7326465',
      kind: 'TEST_LOG',
      message: 'Scraping article 3',
      level: 'INFO',
      test_run_uuid: '68529219-2f00-4bd6-9a24-a597a7326465'
    }
  ]
} to 28529:0
2026-02-24T21:19:29.572Z CLI info [testhub:request-queue-handler]  [vedantvankar_WD2nZN]  [srujyhua7le0kbwv6qz2yzcqpznuptkb92dxcer1]  [5be2e400-7dbb-417d-b612-44702b0f7e80]  Added the event {
  event_type: 'LogCreated',
  logs: [
    {
      testFrameworkName: 'pytest',
      testFrameworkVersion: '9.0.2',
      testFrameworkState: 'INIT_TEST',
      timestamp: '2026-02-24T21:18:39.647Z',
      uuid: '288266c0-cfec-4e91-8be5-ecf81df1c4d2',
      kind: 'TEST_LOG',
      message: 'Image saved: images/article_4.jpg',
      level: 'INFO',
      test_run_uuid: '288266c0-cfec-4e91-8be5-ecf81df1c4d2'
    }
  ]
} to 28529:0
2026-02-24T21:19:29.575Z CLI info [testhub:request-queue-handler]  [vedantvankar_WD2nZN]  [srujyhua7le0kbwv6qz2yzcqpznuptkb92dxcer1]  [5be2e400-7dbb-417d-b612-44702b0f7e80]  Added the event {
  event_type: 'LogCreated',
  logs: [
    {
      testFrameworkName: 'pytest',
      testFrameworkVersion: '9.0.2',
      testFrameworkState: 'INIT_TEST',
      timestamp: '2026-02-24T21:18:39.647Z',
      uuid: '288266c0-cfec-4e91-8be5-ecf81df1c4d2',
      kind: 'TEST_LOG',
      message: '\n==============================',
      level: 'INFO',
      test_run_uuid: '288266c0-cfec-4e91-8be5-ecf81df1c4d2'
    }
  ]
} to 28529:0
2026-02-24T21:19:29.578Z CLI info [testhub:request-queue-handler]  [vedantvankar_WD2nZN]  [srujyhua7le0kbwv6qz2yzcqpznuptkb92dxcer1]  [5be2e400-7dbb-417d-b612-44702b0f7e80]  Added the event {
  event_type: 'LogCreated',
  logs: [
    {
      testFrameworkName: 'pytest',
      testFrameworkVersion: '9.0.2',
      testFrameworkState: 'INIT_TEST',
      timestamp: '2026-02-24T21:18:39.647Z',
      uuid: '288266c0-cfec-4e91-8be5-ecf81df1c4d2',
      kind: 'TEST_LOG',
      message: 'Scraping article 5',
      level: 'INFO',
      test_run_uuid: '288266c0-cfec-4e91-8be5-ecf81df1c4d2'
    }
  ]
} to 28529:0
2026-02-24T21:19:29.613Z CLI info [testhub:request-queue-handler]  [vedantvankar_WD2nZN]  [srujyhua7le0kbwv6qz2yzcqpznuptkb92dxcer1]  [5be2e400-7dbb-417d-b612-44702b0f7e80]  Processing batch event [
  { event_type: 'LogCreated', logs: [ [Object] ] },
  { event_type: 'LogCreated', logs: [ [Object] ] },
  { event_type: 'LogCreated', logs: [ [Object] ] },
  { event_type: 'LogCreated', logs: [ [Object] ] },
  { event_type: 'LogCreated', logs: [ [Object] ] },
  { event_type: 'LogCreated', logs: [ [Object] ] },
  { event_type: 'LogCreated', logs: [ [Object] ] },
  { event_type: 'LogCreated', logs: [ [Object] ] },
  { event_type: 'LogCreated', logs: [ [Object] ] },
  { event_type: 'LogCreated', logs: [ [Object] ] },
  { event_type: 'LogCreated', logs: [ [Object] ] },
  { event_type: 'LogCreated', logs: [ [Object] ] },
  { event_type: 'LogCreated', logs: [ [Object] ] },
  { event_type: 'LogCreated', logs: [ [Object] ] },
  { event_type: 'LogCreated', logs: [ [Object] ] },
  { event_type: 'LogCreated', logs: [ [Object] ] },
  { event_type: 'LogCreated', logs: [ [Object] ] },
  { event_type: 'LogCreated', logs: [ [Object] ] },
  { event_type: 'LogCreated', logs: [ [Object] ] },
  { event_type: 'LogCreated', logs: [ [Object] ] },
  { event_type: 'LogCreated', logs: [ [Object] ] },
  { event_type: 'LogCreated', logs: [ [Object] ] },
  { event_type: 'LogCreated', logs: [ [Object] ] },
  { event_type: 'LogCreated', logs: [ [Object] ] },
  { event_type: 'LogCreated', logs: [ [Object] ] }
] to 28529:0
2026-02-24T21:19:29.615Z CLI info  [vedantvankar_WD2nZN]  [srujyhua7le0kbwv6qz2yzcqpznuptkb92dxcer1]  [5be2e400-7dbb-417d-b612-44702b0f7e80]  [PRODUCTION] Making POST request to https://collector-observability.browserstack.com
2026-02-24T21:19:29.797Z CLI info [testhub:request-queue-handler]  [vedantvankar_WD2nZN]  [srujyhua7le0kbwv6qz2yzcqpznuptkb92dxcer1]  [5be2e400-7dbb-417d-b612-44702b0f7e80]  Added the event {
  event_type: 'LogCreated',
  logs: [
    {
      testFrameworkName: 'pytest',
      testFrameworkVersion: '9.0.2',
      testFrameworkState: 'INIT_TEST',
      timestamp: '2026-02-24T21:18:39.636Z',
      uuid: '1a8c5e8a-1351-4807-9f6d-1fb775d14a06',
      kind: 'TEST_LOG',
      message: 'Image saved: images/article_3.jpg',
      level: 'INFO',
      test_run_uuid: '1a8c5e8a-1351-4807-9f6d-1fb775d14a06'
    }
  ]
} to 28529:0
2026-02-24T21:19:29.799Z CLI info [testhub:request-queue-handler]  [vedantvankar_WD2nZN]  [srujyhua7le0kbwv6qz2yzcqpznuptkb92dxcer1]  [5be2e400-7dbb-417d-b612-44702b0f7e80]  Added the event {
  event_type: 'LogCreated',
  logs: [
    {
      testFrameworkName: 'pytest',
      testFrameworkVersion: '9.0.2',
      testFrameworkState: 'INIT_TEST',
      timestamp: '2026-02-24T21:18:39.636Z',
      uuid: '1a8c5e8a-1351-4807-9f6d-1fb775d14a06',
      kind: 'TEST_LOG',
      message: '\n==============================',
      level: 'INFO',
      test_run_uuid: '1a8c5e8a-1351-4807-9f6d-1fb775d14a06'
    }
  ]
} to 28529:0
2026-02-24T21:19:29.803Z CLI info [testhub:request-queue-handler]  [vedantvankar_WD2nZN]  [srujyhua7le0kbwv6qz2yzcqpznuptkb92dxcer1]  [5be2e400-7dbb-417d-b612-44702b0f7e80]  Added the event {
  event_type: 'LogCreated',
  logs: [
    {
      testFrameworkName: 'pytest',
      testFrameworkVersion: '9.0.2',
      testFrameworkState: 'INIT_TEST',
      timestamp: '2026-02-24T21:18:39.636Z',
      uuid: '1a8c5e8a-1351-4807-9f6d-1fb775d14a06',
      kind: 'TEST_LOG',
      message: 'Scraping article 4',
      level: 'INFO',
      test_run_uuid: '1a8c5e8a-1351-4807-9f6d-1fb775d14a06'
    }
  ]
} to 28529:0
2026-02-24T21:19:31.338Z CLI info [testhub:request-queue-handler]  [vedantvankar_WD2nZN]  [srujyhua7le0kbwv6qz2yzcqpznuptkb92dxcer1]  [5be2e400-7dbb-417d-b612-44702b0f7e80]  Added the event {
  event_type: 'LogCreated',
  logs: [
    {
      testFrameworkName: 'pytest',
      testFrameworkVersion: '9.0.2',
      testFrameworkState: 'INIT_TEST',
      timestamp: '2026-02-24T21:18:39.962Z',
      uuid: '819487dd-188d-4ef5-99c8-dcc5d3d67b38',
      kind: 'TEST_LOG',
      message: '\nTITLE (Spanish):',
      level: 'INFO',
      test_run_uuid: '819487dd-188d-4ef5-99c8-dcc5d3d67b38'
    }
  ]
} to 28529:0
2026-02-24T21:19:31.340Z CLI info [testhub:request-queue-handler]  [vedantvankar_WD2nZN]  [srujyhua7le0kbwv6qz2yzcqpznuptkb92dxcer1]  [5be2e400-7dbb-417d-b612-44702b0f7e80]  Added the event {
  event_type: 'LogCreated',
  logs: [
    {
      testFrameworkName: 'pytest',
      testFrameworkVersion: '9.0.2',
      testFrameworkState: 'INIT_TEST',
      timestamp: '2026-02-24T21:18:39.962Z',
      uuid: '819487dd-188d-4ef5-99c8-dcc5d3d67b38',
      kind: 'TEST_LOG',
      message: 'La conga de los pocholos',
      level: 'INFO',
      test_run_uuid: '819487dd-188d-4ef5-99c8-dcc5d3d67b38'
    }
  ]
} to 28529:0
2026-02-24T21:19:31.341Z CLI info [testhub:request-queue-handler]  [vedantvankar_WD2nZN]  [srujyhua7le0kbwv6qz2yzcqpznuptkb92dxcer1]  [5be2e400-7dbb-417d-b612-44702b0f7e80]  Added the event {
  event_type: 'LogCreated',
  logs: [
    {
      testFrameworkName: 'pytest',
      testFrameworkVersion: '9.0.2',
      testFrameworkState: 'INIT_TEST',
      timestamp: '2026-02-24T21:18:39.962Z',
      uuid: '819487dd-188d-4ef5-99c8-dcc5d3d67b38',
      kind: 'TEST_LOG',
      message: '\nCONTENT PREVIEW:',
      level: 'INFO',
      test_run_uuid: '819487dd-188d-4ef5-99c8-dcc5d3d67b38'
    }
  ]
} to 28529:0
2026-02-24T21:19:31.342Z CLI info [testhub:request-queue-handler]  [vedantvankar_WD2nZN]  [srujyhua7le0kbwv6qz2yzcqpznuptkb92dxcer1]  [5be2e400-7dbb-417d-b612-44702b0f7e80]  Added the event {
  event_type: 'LogCreated',
  logs: [
    {
      testFrameworkName: 'pytest',
      testFrameworkVersion: '9.0.2',
      testFrameworkState: 'INIT_TEST',
      timestamp: '2026-02-24T21:18:39.962Z',
      uuid: '819487dd-188d-4ef5-99c8-dcc5d3d67b38',
      kind: 'TEST_LOG',
      message: 'La clave para ganar en cualquier carrera institucional es no soltarse en ningún momento\n' +
        'A veces me da por pensar en un asesor de un consejero de una presidenta que, al pasar por delante de un edificio muy regio del centro de Madrid, escuchó a quien llevaba al lado decirle: “Un día, tendrás un despacho ahí”. Iba el otro mirando hacia arriba desde la parte trasera de una repulida berlina, brillaban contra los cristales tintados las luces de la gran ciudad, y sus pupilas emitían un destello como de ...',
      level: 'INFO',
      test_run_uuid: '819487dd-188d-4ef5-99c8-dcc5d3d67b38'
    }
  ]
} to 28529:0
2026-02-24T21:19:31.612Z CLI info [testhub:request-queue-handler]  [vedantvankar_WD2nZN]  [srujyhua7le0kbwv6qz2yzcqpznuptkb92dxcer1]  [5be2e400-7dbb-417d-b612-44702b0f7e80]  Processing batch event [
  { event_type: 'LogCreated', logs: [ [Object] ] },
  { event_type: 'LogCreated', logs: [ [Object] ] },
  { event_type: 'LogCreated', logs: [ [Object] ] },
  { event_type: 'LogCreated', logs: [ [Object] ] },
  { event_type: 'LogCreated', logs: [ [Object] ] },
  { event_type: 'LogCreated', logs: [ [Object] ] },
  { event_type: 'LogCreated', logs: [ [Object] ] }
] to 28529:0
2026-02-24T21:19:31.613Z CLI info  [vedantvankar_WD2nZN]  [srujyhua7le0kbwv6qz2yzcqpznuptkb92dxcer1]  [5be2e400-7dbb-417d-b612-44702b0f7e80]  [PRODUCTION] Making POST request to https://collector-observability.browserstack.com
2026-02-24T21:19:31.663Z CLI info [testhub:request-queue-handler]  [vedantvankar_WD2nZN]  [srujyhua7le0kbwv6qz2yzcqpznuptkb92dxcer1]  [5be2e400-7dbb-417d-b612-44702b0f7e80]  Added the event {
  event_type: 'LogCreated',
  logs: [
    {
      testFrameworkName: 'pytest',
      testFrameworkVersion: '9.0.2',
      testFrameworkState: 'INIT_TEST',
      timestamp: '2026-02-24T21:18:39.962Z',
      uuid: '819487dd-188d-4ef5-99c8-dcc5d3d67b38',
      kind: 'TEST_LOG',
      message: 'Image saved: images/article_3.jpg',
      level: 'INFO',
      test_run_uuid: '819487dd-188d-4ef5-99c8-dcc5d3d67b38'
    }
  ]
} to 28529:0
2026-02-24T21:19:31.667Z CLI info [testhub:request-queue-handler]  [vedantvankar_WD2nZN]  [srujyhua7le0kbwv6qz2yzcqpznuptkb92dxcer1]  [5be2e400-7dbb-417d-b612-44702b0f7e80]  Added the event {
  event_type: 'LogCreated',
  logs: [
    {
      testFrameworkName: 'pytest',
      testFrameworkVersion: '9.0.2',
      testFrameworkState: 'INIT_TEST',
      timestamp: '2026-02-24T21:18:39.962Z',
      uuid: '819487dd-188d-4ef5-99c8-dcc5d3d67b38',
      kind: 'TEST_LOG',
      message: '\n==============================',
      level: 'INFO',
      test_run_uuid: '819487dd-188d-4ef5-99c8-dcc5d3d67b38'
    }
  ]
} to 28529:0
2026-02-24T21:19:31.668Z CLI info [testhub:request-queue-handler]  [vedantvankar_WD2nZN]  [srujyhua7le0kbwv6qz2yzcqpznuptkb92dxcer1]  [5be2e400-7dbb-417d-b612-44702b0f7e80]  Added the event {
  event_type: 'LogCreated',
  logs: [
    {
      testFrameworkName: 'pytest',
      testFrameworkVersion: '9.0.2',
      testFrameworkState: 'INIT_TEST',
      timestamp: '2026-02-24T21:18:39.962Z',
      uuid: '819487dd-188d-4ef5-99c8-dcc5d3d67b38',
      kind: 'TEST_LOG',
      message: 'Scraping article 4',
      level: 'INFO',
      test_run_uuid: '819487dd-188d-4ef5-99c8-dcc5d3d67b38'
    }
  ]
} to 28529:0
2026-02-24T21:19:33.613Z CLI info [testhub:request-queue-handler]  [vedantvankar_WD2nZN]  [srujyhua7le0kbwv6qz2yzcqpznuptkb92dxcer1]  [5be2e400-7dbb-417d-b612-44702b0f7e80]  Processing batch event [
  { event_type: 'LogCreated', logs: [ [Object] ] },
  { event_type: 'LogCreated', logs: [ [Object] ] },
  { event_type: 'LogCreated', logs: [ [Object] ] }
] to 28529:0
2026-02-24T21:19:33.614Z CLI info  [vedantvankar_WD2nZN]  [srujyhua7le0kbwv6qz2yzcqpznuptkb92dxcer1]  [5be2e400-7dbb-417d-b612-44702b0f7e80]  [PRODUCTION] Making POST request to https://collector-observability.browserstack.com
2026-02-24T21:19:34.657Z CLI info [testhub:request-queue-handler]  [vedantvankar_WD2nZN]  [srujyhua7le0kbwv6qz2yzcqpznuptkb92dxcer1]  [5be2e400-7dbb-417d-b612-44702b0f7e80]  Added the event {
  event_type: 'LogCreated',
  logs: [
    {
      testFrameworkName: 'pytest',
      testFrameworkVersion: '9.0.2',
      testFrameworkState: 'INIT_TEST',
      timestamp: '2026-02-24T21:18:39.647Z',
      uuid: '288266c0-cfec-4e91-8be5-ecf81df1c4d2',
      kind: 'TEST_LOG',
      message: '\nTITLE (Spanish):',
      level: 'INFO',
      test_run_uuid: '288266c0-cfec-4e91-8be5-ecf81df1c4d2'
    }
  ]
} to 28529:0
2026-02-24T21:19:34.663Z CLI info [testhub:request-queue-handler]  [vedantvankar_WD2nZN]  [srujyhua7le0kbwv6qz2yzcqpznuptkb92dxcer1]  [5be2e400-7dbb-417d-b612-44702b0f7e80]  Added the event {
  event_type: 'LogCreated',
  logs: [
    {
      testFrameworkName: 'pytest',
      testFrameworkVersion: '9.0.2',
      testFrameworkState: 'INIT_TEST',
      timestamp: '2026-02-24T21:18:39.647Z',
      uuid: '288266c0-cfec-4e91-8be5-ecf81df1c4d2',
      kind: 'TEST_LOG',
      message: 'Desconectados del mundo',
      level: 'INFO',
      test_run_uuid: '288266c0-cfec-4e91-8be5-ecf81df1c4d2'
    }
  ]
} to 28529:0
2026-02-24T21:19:34.664Z CLI info [testhub:request-queue-handler]  [vedantvankar_WD2nZN]  [srujyhua7le0kbwv6qz2yzcqpznuptkb92dxcer1]  [5be2e400-7dbb-417d-b612-44702b0f7e80]  Added the event {
  event_type: 'LogCreated',
  logs: [
    {
      testFrameworkName: 'pytest',
      testFrameworkVersion: '9.0.2',
      testFrameworkState: 'INIT_TEST',
      timestamp: '2026-02-24T21:18:39.647Z',
      uuid: '288266c0-cfec-4e91-8be5-ecf81df1c4d2',
      kind: 'TEST_LOG',
      message: '\nCONTENT PREVIEW:',
      level: 'INFO',
      test_run_uuid: '288266c0-cfec-4e91-8be5-ecf81df1c4d2'
    }
  ]
} to 28529:0
2026-02-24T21:19:34.664Z CLI info [testhub:request-queue-handler]  [vedantvankar_WD2nZN]  [srujyhua7le0kbwv6qz2yzcqpznuptkb92dxcer1]  [5be2e400-7dbb-417d-b612-44702b0f7e80]  Added the event {
  event_type: 'LogCreated',
  logs: [
    {
      testFrameworkName: 'pytest',
      testFrameworkVersion: '9.0.2',
      testFrameworkState: 'INIT_TEST',
      timestamp: '2026-02-24T21:18:39.647Z',
      uuid: '288266c0-cfec-4e91-8be5-ecf81df1c4d2',
      kind: 'TEST_LOG',
      message: 'Los lectores y las lectoras escriben sobre el aislamiento social generado por la tecnología, el 23-F, Antonio Castillo Algarra, el jefe de Los Pocholos, y la mercantilización del fútbol\n' +
        'El pasado domingo, visité una sauna. Me sorprendió que casi todos llevaban auriculares. ¡En una sauna! Nadie hablaba. Nadie miraba. Cada cualencerrado en su propio sonido. Entró una mujer con ganas de conversar. Saludó. Preguntó qué tal el día. No obtuvo respuesta. Tras unos minutos, se marchó. Podría parecer que ...',
      level: 'INFO',
      test_run_uuid: '288266c0-cfec-4e91-8be5-ecf81df1c4d2'
    }
  ]
} to 28529:0
2026-02-24T21:19:35.584Z CLI info [testhub:request-queue-handler]  [vedantvankar_WD2nZN]  [srujyhua7le0kbwv6qz2yzcqpznuptkb92dxcer1]  [5be2e400-7dbb-417d-b612-44702b0f7e80]  Added the event {
  event_type: 'LogCreated',
  logs: [
    {
      testFrameworkName: 'pytest',
      testFrameworkVersion: '9.0.2',
      testFrameworkState: 'INIT_TEST',
      timestamp: '2026-02-24T21:18:39.998Z',
      uuid: 'd438c723-c341-4821-a503-c9623a60f888',
      kind: 'TEST_LOG',
      message: '\nTITLE (Spanish):',
      level: 'INFO',
      test_run_uuid: 'd438c723-c341-4821-a503-c9623a60f888'
    }
  ]
} to 28529:0
2026-02-24T21:19:35.591Z CLI info [testhub:request-queue-handler]  [vedantvankar_WD2nZN]  [srujyhua7le0kbwv6qz2yzcqpznuptkb92dxcer1]  [5be2e400-7dbb-417d-b612-44702b0f7e80]  Added the event {
  event_type: 'LogCreated',
  logs: [
    {
      testFrameworkName: 'pytest',
      testFrameworkVersion: '9.0.2',
      testFrameworkState: 'INIT_TEST',
      timestamp: '2026-02-24T21:18:39.998Z',
      uuid: 'd438c723-c341-4821-a503-c9623a60f888',
      kind: 'TEST_LOG',
      message: 'Desconectados del mundo',
      level: 'INFO',
      test_run_uuid: 'd438c723-c341-4821-a503-c9623a60f888'
    }
  ]
} to 28529:0
2026-02-24T21:19:35.594Z CLI info [testhub:request-queue-handler]  [vedantvankar_WD2nZN]  [srujyhua7le0kbwv6qz2yzcqpznuptkb92dxcer1]  [5be2e400-7dbb-417d-b612-44702b0f7e80]  Added the event {
  event_type: 'LogCreated',
  logs: [
    {
      testFrameworkName: 'pytest',
      testFrameworkVersion: '9.0.2',
      testFrameworkState: 'INIT_TEST',
      timestamp: '2026-02-24T21:18:39.998Z',
      uuid: 'd438c723-c341-4821-a503-c9623a60f888',
      kind: 'TEST_LOG',
      message: '\nCONTENT PREVIEW:',
      level: 'INFO',
      test_run_uuid: 'd438c723-c341-4821-a503-c9623a60f888'
    }
  ]
} to 28529:0
2026-02-24T21:19:35.596Z CLI info [testhub:request-queue-handler]  [vedantvankar_WD2nZN]  [srujyhua7le0kbwv6qz2yzcqpznuptkb92dxcer1]  [5be2e400-7dbb-417d-b612-44702b0f7e80]  Added the event {
  event_type: 'LogCreated',
  logs: [
    {
      testFrameworkName: 'pytest',
      testFrameworkVersion: '9.0.2',
      testFrameworkState: 'INIT_TEST',
      timestamp: '2026-02-24T21:18:39.998Z',
      uuid: 'd438c723-c341-4821-a503-c9623a60f888',
      kind: 'TEST_LOG',
      message: 'Los lectores y las lectoras escriben sobre el aislamiento social generado por la tecnología, el 23-F, Antonio Castillo Algarra, el jefe de Los Pocholos, y la mercantilización del fútbol\n' +
        'El pasado domingo, visité una sauna. Me sorprendió que casi todos llevaban auriculares. ¡En una sauna! Nadie hablaba. Nadie miraba. Cada cualencerrado en su propio sonido. Entró una mujer con ganas de conversar. Saludó. Preguntó qué tal el día. No obtuvo respuesta. Tras unos minutos, se marchó. Podría parecer que ...',
      level: 'INFO',
      test_run_uuid: 'd438c723-c341-4821-a503-c9623a60f888'
    }
  ]
} to 28529:0
2026-02-24T21:19:35.613Z CLI info [testhub:request-queue-handler]  [vedantvankar_WD2nZN]  [srujyhua7le0kbwv6qz2yzcqpznuptkb92dxcer1]  [5be2e400-7dbb-417d-b612-44702b0f7e80]  Processing batch event [
  { event_type: 'LogCreated', logs: [ [Object] ] },
  { event_type: 'LogCreated', logs: [ [Object] ] },
  { event_type: 'LogCreated', logs: [ [Object] ] },
  { event_type: 'LogCreated', logs: [ [Object] ] },
  { event_type: 'LogCreated', logs: [ [Object] ] },
  { event_type: 'LogCreated', logs: [ [Object] ] },
  { event_type: 'LogCreated', logs: [ [Object] ] },
  { event_type: 'LogCreated', logs: [ [Object] ] }
] to 28529:0
2026-02-24T21:19:35.614Z CLI info  [vedantvankar_WD2nZN]  [srujyhua7le0kbwv6qz2yzcqpznuptkb92dxcer1]  [5be2e400-7dbb-417d-b612-44702b0f7e80]  [PRODUCTION] Making POST request to https://collector-observability.browserstack.com
2026-02-24T21:19:35.989Z CLI info [testhub:request-queue-handler]  [vedantvankar_WD2nZN]  [srujyhua7le0kbwv6qz2yzcqpznuptkb92dxcer1]  [5be2e400-7dbb-417d-b612-44702b0f7e80]  Added the event {
  event_type: 'LogCreated',
  logs: [
    {
      testFrameworkName: 'pytest',
      testFrameworkVersion: '9.0.2',
      testFrameworkState: 'INIT_TEST',
      timestamp: '2026-02-24T21:18:39.647Z',
      uuid: '288266c0-cfec-4e91-8be5-ecf81df1c4d2',
      kind: 'TEST_LOG',
      message: 'Image saved: images/article_5.jpg',
      level: 'INFO',
      test_run_uuid: '288266c0-cfec-4e91-8be5-ecf81df1c4d2'
    }
  ]
} to 28529:0
2026-02-24T21:19:35.991Z CLI info [testhub:request-queue-handler]  [vedantvankar_WD2nZN]  [srujyhua7le0kbwv6qz2yzcqpznuptkb92dxcer1]  [5be2e400-7dbb-417d-b612-44702b0f7e80]  Added the event {
  event_type: 'LogCreated',
  logs: [
    {
      testFrameworkName: 'pytest',
      testFrameworkVersion: '9.0.2',
      testFrameworkState: 'INIT_TEST',
      timestamp: '2026-02-24T21:18:39.647Z',
      uuid: '288266c0-cfec-4e91-8be5-ecf81df1c4d2',
      kind: 'TEST_LOG',
      message: '\n==============================',
      level: 'INFO',
      test_run_uuid: '288266c0-cfec-4e91-8be5-ecf81df1c4d2'
    }
  ]
} to 28529:0
2026-02-24T21:19:35.994Z CLI info [testhub:request-queue-handler]  [vedantvankar_WD2nZN]  [srujyhua7le0kbwv6qz2yzcqpznuptkb92dxcer1]  [5be2e400-7dbb-417d-b612-44702b0f7e80]  Added the event {
  event_type: 'LogCreated',
  logs: [
    {
      testFrameworkName: 'pytest',
      testFrameworkVersion: '9.0.2',
      testFrameworkState: 'INIT_TEST',
      timestamp: '2026-02-24T21:18:39.647Z',
      uuid: '288266c0-cfec-4e91-8be5-ecf81df1c4d2',
      kind: 'TEST_LOG',
      message: 'TRANSLATING TITLES TO ENGLISH',
      level: 'INFO',
      test_run_uuid: '288266c0-cfec-4e91-8be5-ecf81df1c4d2'
    }
  ]
} to 28529:0
2026-02-24T21:19:35.999Z CLI info [testhub:request-queue-handler]  [vedantvankar_WD2nZN]  [srujyhua7le0kbwv6qz2yzcqpznuptkb92dxcer1]  [5be2e400-7dbb-417d-b612-44702b0f7e80]  Added the event {
  event_type: 'LogCreated',
  logs: [
    {
      testFrameworkName: 'pytest',
      testFrameworkVersion: '9.0.2',
      testFrameworkState: 'INIT_TEST',
      timestamp: '2026-02-24T21:18:39.998Z',
      uuid: 'd438c723-c341-4821-a503-c9623a60f888',
      kind: 'TEST_LOG',
      message: 'Image saved: images/article_5.jpg',
      level: 'INFO',
      test_run_uuid: 'd438c723-c341-4821-a503-c9623a60f888'
    }
  ]
} to 28529:0
2026-02-24T21:19:36.003Z CLI info [testhub:request-queue-handler]  [vedantvankar_WD2nZN]  [srujyhua7le0kbwv6qz2yzcqpznuptkb92dxcer1]  [5be2e400-7dbb-417d-b612-44702b0f7e80]  Added the event {
  event_type: 'LogCreated',
  logs: [
    {
      testFrameworkName: 'pytest',
      testFrameworkVersion: '9.0.2',
      testFrameworkState: 'INIT_TEST',
      timestamp: '2026-02-24T21:18:39.998Z',
      uuid: 'd438c723-c341-4821-a503-c9623a60f888',
      kind: 'TEST_LOG',
      message: '\n==============================',
      level: 'INFO',
      test_run_uuid: 'd438c723-c341-4821-a503-c9623a60f888'
    }
  ]
} to 28529:0
2026-02-24T21:19:36.005Z CLI info [testhub:request-queue-handler]  [vedantvankar_WD2nZN]  [srujyhua7le0kbwv6qz2yzcqpznuptkb92dxcer1]  [5be2e400-7dbb-417d-b612-44702b0f7e80]  Added the event {
  event_type: 'LogCreated',
  logs: [
    {
      testFrameworkName: 'pytest',
      testFrameworkVersion: '9.0.2',
      testFrameworkState: 'INIT_TEST',
      timestamp: '2026-02-24T21:18:39.998Z',
      uuid: 'd438c723-c341-4821-a503-c9623a60f888',
      kind: 'TEST_LOG',
      message: 'TRANSLATING TITLES TO ENGLISH',
      level: 'INFO',
      test_run_uuid: 'd438c723-c341-4821-a503-c9623a60f888'
    }
  ]
} to 28529:0
2026-02-24T21:19:36.123Z CLI info [testhub:request-queue-handler]  [vedantvankar_WD2nZN]  [srujyhua7le0kbwv6qz2yzcqpznuptkb92dxcer1]  [5be2e400-7dbb-417d-b612-44702b0f7e80]  Added the event {
  event_type: 'LogCreated',
  logs: [
    {
      testFrameworkName: 'pytest',
      testFrameworkVersion: '9.0.2',
      testFrameworkState: 'INIT_TEST',
      timestamp: '2026-02-24T21:18:39.636Z',
      uuid: '1a8c5e8a-1351-4807-9f6d-1fb775d14a06',
      kind: 'TEST_LOG',
      message: '\nTITLE (Spanish):',
      level: 'INFO',
      test_run_uuid: '1a8c5e8a-1351-4807-9f6d-1fb775d14a06'
    }
  ]
} to 28529:0
2026-02-24T21:19:36.126Z CLI info [testhub:request-queue-handler]  [vedantvankar_WD2nZN]  [srujyhua7le0kbwv6qz2yzcqpznuptkb92dxcer1]  [5be2e400-7dbb-417d-b612-44702b0f7e80]  Added the event {
  event_type: 'LogCreated',
  logs: [
    {
      testFrameworkName: 'pytest',
      testFrameworkVersion: '9.0.2',
      testFrameworkState: 'INIT_TEST',
      timestamp: '2026-02-24T21:18:39.636Z',
      uuid: '1a8c5e8a-1351-4807-9f6d-1fb775d14a06',
      kind: 'TEST_LOG',
      message: 'Riki Blanco: prohibido',
      level: 'INFO',
      test_run_uuid: '1a8c5e8a-1351-4807-9f6d-1fb775d14a06'
    }
  ]
} to 28529:0
2026-02-24T21:19:36.129Z CLI info [testhub:request-queue-handler]  [vedantvankar_WD2nZN]  [srujyhua7le0kbwv6qz2yzcqpznuptkb92dxcer1]  [5be2e400-7dbb-417d-b612-44702b0f7e80]  Added the event {
  event_type: 'LogCreated',
  logs: [
    {
      testFrameworkName: 'pytest',
      testFrameworkVersion: '9.0.2',
      testFrameworkState: 'INIT_TEST',
      timestamp: '2026-02-24T21:18:39.636Z',
      uuid: '1a8c5e8a-1351-4807-9f6d-1fb775d14a06',
      kind: 'TEST_LOG',
      message: '\nCONTENT PREVIEW:',
      level: 'INFO',
      test_run_uuid: '1a8c5e8a-1351-4807-9f6d-1fb775d14a06'
    }
  ]
} to 28529:0
2026-02-24T21:19:36.133Z CLI info [testhub:request-queue-handler]  [vedantvankar_WD2nZN]  [srujyhua7le0kbwv6qz2yzcqpznuptkb92dxcer1]  [5be2e400-7dbb-417d-b612-44702b0f7e80]  Added the event {
  event_type: 'LogCreated',
  logs: [
    {
      testFrameworkName: 'pytest',
      testFrameworkVersion: '9.0.2',
      testFrameworkState: 'INIT_TEST',
      timestamp: '2026-02-24T21:18:39.636Z',
      uuid: '1a8c5e8a-1351-4807-9f6d-1fb775d14a06',
      kind: 'TEST_LOG',
      message: 'Viñeta del 24 de febrero de 2026\n ...',
      level: 'INFO',
      test_run_uuid: '1a8c5e8a-1351-4807-9f6d-1fb775d14a06'
    }
  ]
} to 28529:0
2026-02-24T21:19:36.562Z CLI info [testhub:request-queue-handler]  [vedantvankar_WD2nZN]  [srujyhua7le0kbwv6qz2yzcqpznuptkb92dxcer1]  [5be2e400-7dbb-417d-b612-44702b0f7e80]  Added the event {
  event_type: 'LogCreated',
  logs: [
    {
      testFrameworkName: 'pytest',
      testFrameworkVersion: '9.0.2',
      testFrameworkState: 'INIT_TEST',
      timestamp: '2026-02-24T21:18:39.636Z',
      uuid: '1a8c5e8a-1351-4807-9f6d-1fb775d14a06',
      kind: 'TEST_LOG',
      message: 'Image saved: images/article_4.jpg',
      level: 'INFO',
      test_run_uuid: '1a8c5e8a-1351-4807-9f6d-1fb775d14a06'
    }
  ]
} to 28529:0
2026-02-24T21:19:36.564Z CLI info [testhub:request-queue-handler]  [vedantvankar_WD2nZN]  [srujyhua7le0kbwv6qz2yzcqpznuptkb92dxcer1]  [5be2e400-7dbb-417d-b612-44702b0f7e80]  Added the event {
  event_type: 'LogCreated',
  logs: [
    {
      testFrameworkName: 'pytest',
      testFrameworkVersion: '9.0.2',
      testFrameworkState: 'INIT_TEST',
      timestamp: '2026-02-24T21:18:39.636Z',
      uuid: '1a8c5e8a-1351-4807-9f6d-1fb775d14a06',
      kind: 'TEST_LOG',
      message: '\n==============================',
      level: 'INFO',
      test_run_uuid: '1a8c5e8a-1351-4807-9f6d-1fb775d14a06'
    }
  ]
} to 28529:0
2026-02-24T21:19:36.567Z CLI info [testhub:request-queue-handler]  [vedantvankar_WD2nZN]  [srujyhua7le0kbwv6qz2yzcqpznuptkb92dxcer1]  [5be2e400-7dbb-417d-b612-44702b0f7e80]  Added the event {
  event_type: 'LogCreated',
  logs: [
    {
      testFrameworkName: 'pytest',
      testFrameworkVersion: '9.0.2',
      testFrameworkState: 'INIT_TEST',
      timestamp: '2026-02-24T21:18:39.636Z',
      uuid: '1a8c5e8a-1351-4807-9f6d-1fb775d14a06',
      kind: 'TEST_LOG',
      message: 'Scraping article 5',
      level: 'INFO',
      test_run_uuid: '1a8c5e8a-1351-4807-9f6d-1fb775d14a06'
    }
  ]
} to 28529:0
2026-02-24T21:19:36.721Z CLI info [testhub:request-queue-handler]  [vedantvankar_WD2nZN]  [srujyhua7le0kbwv6qz2yzcqpznuptkb92dxcer1]  [5be2e400-7dbb-417d-b612-44702b0f7e80]  Added the event {
  event_type: 'LogCreated',
  logs: [
    {
      testFrameworkName: 'pytest',
      testFrameworkVersion: '9.0.2',
      testFrameworkState: 'INIT_TEST',
      timestamp: '2026-02-24T21:18:39.647Z',
      uuid: '288266c0-cfec-4e91-8be5-ecf81df1c4d2',
      kind: 'TEST_LOG',
      message: '\nSpanish: No más secretos del 23-F',
      level: 'INFO',
      test_run_uuid: '288266c0-cfec-4e91-8be5-ecf81df1c4d2'
    }
  ]
} to 28529:0
2026-02-24T21:19:36.724Z CLI info [testhub:request-queue-handler]  [vedantvankar_WD2nZN]  [srujyhua7le0kbwv6qz2yzcqpznuptkb92dxcer1]  [5be2e400-7dbb-417d-b612-44702b0f7e80]  Added the event {
  event_type: 'LogCreated',
  logs: [
    {
      testFrameworkName: 'pytest',
      testFrameworkVersion: '9.0.2',
      testFrameworkState: 'INIT_TEST',
      timestamp: '2026-02-24T21:18:39.647Z',
      uuid: '288266c0-cfec-4e91-8be5-ecf81df1c4d2',
      kind: 'TEST_LOG',
      message: 'English: No more secrets from 23-F',
      level: 'INFO',
      test_run_uuid: '288266c0-cfec-4e91-8be5-ecf81df1c4d2'
    }
  ]
} to 28529:0
2026-02-24T21:19:36.726Z CLI info [testhub:request-queue-handler]  [vedantvankar_WD2nZN]  [srujyhua7le0kbwv6qz2yzcqpznuptkb92dxcer1]  [5be2e400-7dbb-417d-b612-44702b0f7e80]  Added the event {
  event_type: 'LogCreated',
  logs: [
    {
      testFrameworkName: 'pytest',
      testFrameworkVersion: '9.0.2',
      testFrameworkState: 'INIT_TEST',
      timestamp: '2026-02-24T21:18:39.647Z',
      uuid: '288266c0-cfec-4e91-8be5-ecf81df1c4d2',
      kind: 'TEST_LOG',
      message: '\nSpanish: La lenta gestación de la extrema derecha',
      level: 'INFO',
      test_run_uuid: '288266c0-cfec-4e91-8be5-ecf81df1c4d2'
    }
  ]
} to 28529:0
2026-02-24T21:19:36.730Z CLI info [testhub:request-queue-handler]  [vedantvankar_WD2nZN]  [srujyhua7le0kbwv6qz2yzcqpznuptkb92dxcer1]  [5be2e400-7dbb-417d-b612-44702b0f7e80]  Added the event {
  event_type: 'LogCreated',
  logs: [
    {
      testFrameworkName: 'pytest',
      testFrameworkVersion: '9.0.2',
      testFrameworkState: 'INIT_TEST',
      timestamp: '2026-02-24T21:18:39.647Z',
      uuid: '288266c0-cfec-4e91-8be5-ecf81df1c4d2',
      kind: 'TEST_LOG',
      message: 'English: The slow gestation of the extreme right',
      level: 'INFO',
      test_run_uuid: '288266c0-cfec-4e91-8be5-ecf81df1c4d2'
    }
  ]
} to 28529:0
2026-02-24T21:19:36.733Z CLI info [testhub:request-queue-handler]  [vedantvankar_WD2nZN]  [srujyhua7le0kbwv6qz2yzcqpznuptkb92dxcer1]  [5be2e400-7dbb-417d-b612-44702b0f7e80]  Added the event {
  event_type: 'LogCreated',
  logs: [
    {
      testFrameworkName: 'pytest',
      testFrameworkVersion: '9.0.2',
      testFrameworkState: 'INIT_TEST',
      timestamp: '2026-02-24T21:18:39.647Z',
      uuid: '288266c0-cfec-4e91-8be5-ecf81df1c4d2',
      kind: 'TEST_LOG',
      message: '\nSpanish: La conga de los pocholos',
      level: 'INFO',
      test_run_uuid: '288266c0-cfec-4e91-8be5-ecf81df1c4d2'
    }
  ]
} to 28529:0
2026-02-24T21:19:36.736Z CLI info [testhub:request-queue-handler]  [vedantvankar_WD2nZN]  [srujyhua7le0kbwv6qz2yzcqpznuptkb92dxcer1]  [5be2e400-7dbb-417d-b612-44702b0f7e80]  Added the event {
  event_type: 'LogCreated',
  logs: [
    {
      testFrameworkName: 'pytest',
      testFrameworkVersion: '9.0.2',
      testFrameworkState: 'INIT_TEST',
      timestamp: '2026-02-24T21:18:39.647Z',
      uuid: '288266c0-cfec-4e91-8be5-ecf81df1c4d2',
      kind: 'TEST_LOG',
      message: 'English: The conga of the pocholos',
      level: 'INFO',
      test_run_uuid: '288266c0-cfec-4e91-8be5-ecf81df1c4d2'
    }
  ]
} to 28529:0
2026-02-24T21:19:36.738Z CLI info [testhub:request-queue-handler]  [vedantvankar_WD2nZN]  [srujyhua7le0kbwv6qz2yzcqpznuptkb92dxcer1]  [5be2e400-7dbb-417d-b612-44702b0f7e80]  Added the event {
  event_type: 'LogCreated',
  logs: [
    {
      testFrameworkName: 'pytest',
      testFrameworkVersion: '9.0.2',
      testFrameworkState: 'INIT_TEST',
      timestamp: '2026-02-24T21:18:39.647Z',
      uuid: '288266c0-cfec-4e91-8be5-ecf81df1c4d2',
      kind: 'TEST_LOG',
      message: '\nSpanish: Riki Blanco: prohibido',
      level: 'INFO',
      test_run_uuid: '288266c0-cfec-4e91-8be5-ecf81df1c4d2'
    }
  ]
} to 28529:0
2026-02-24T21:19:36.741Z CLI info [testhub:request-queue-handler]  [vedantvankar_WD2nZN]  [srujyhua7le0kbwv6qz2yzcqpznuptkb92dxcer1]  [5be2e400-7dbb-417d-b612-44702b0f7e80]  Added the event {
  event_type: 'LogCreated',
  logs: [
    {
      testFrameworkName: 'pytest',
      testFrameworkVersion: '9.0.2',
      testFrameworkState: 'INIT_TEST',
      timestamp: '2026-02-24T21:18:39.647Z',
      uuid: '288266c0-cfec-4e91-8be5-ecf81df1c4d2',
      kind: 'TEST_LOG',
      message: 'English: Riki Blanco: prohibited',
      level: 'INFO',
      test_run_uuid: '288266c0-cfec-4e91-8be5-ecf81df1c4d2'
    }
  ]
} to 28529:0
2026-02-24T21:19:36.743Z CLI info [testhub:request-queue-handler]  [vedantvankar_WD2nZN]  [srujyhua7le0kbwv6qz2yzcqpznuptkb92dxcer1]  [5be2e400-7dbb-417d-b612-44702b0f7e80]  Added the event {
  event_type: 'LogCreated',
  logs: [
    {
      testFrameworkName: 'pytest',
      testFrameworkVersion: '9.0.2',
      testFrameworkState: 'INIT_TEST',
      timestamp: '2026-02-24T21:18:39.647Z',
      uuid: '288266c0-cfec-4e91-8be5-ecf81df1c4d2',
      kind: 'TEST_LOG',
      message: '\nSpanish: Desconectados del mundo',
      level: 'INFO',
      test_run_uuid: '288266c0-cfec-4e91-8be5-ecf81df1c4d2'
    }
  ]
} to 28529:0
2026-02-24T21:19:36.770Z CLI info [testhub:request-queue-handler]  [vedantvankar_WD2nZN]  [srujyhua7le0kbwv6qz2yzcqpznuptkb92dxcer1]  [5be2e400-7dbb-417d-b612-44702b0f7e80]  Added the event {
  event_type: 'LogCreated',
  logs: [
    {
      testFrameworkName: 'pytest',
      testFrameworkVersion: '9.0.2',
      testFrameworkState: 'INIT_TEST',
      timestamp: '2026-02-24T21:18:39.647Z',
      uuid: '288266c0-cfec-4e91-8be5-ecf81df1c4d2',
      kind: 'TEST_LOG',
      message: 'English: Disconnected from the world',
      level: 'INFO',
      test_run_uuid: '288266c0-cfec-4e91-8be5-ecf81df1c4d2'
    }
  ]
} to 28529:0
2026-02-24T21:19:36.771Z CLI info [testhub:request-queue-handler]  [vedantvankar_WD2nZN]  [srujyhua7le0kbwv6qz2yzcqpznuptkb92dxcer1]  [5be2e400-7dbb-417d-b612-44702b0f7e80]  Added the event {
  event_type: 'LogCreated',
  logs: [
    {
      testFrameworkName: 'pytest',
      testFrameworkVersion: '9.0.2',
      testFrameworkState: 'INIT_TEST',
      timestamp: '2026-02-24T21:18:39.647Z',
      uuid: '288266c0-cfec-4e91-8be5-ecf81df1c4d2',
      kind: 'TEST_LOG',
      message: 'REPEATED WORDS (count > 2)',
      level: 'INFO',
      test_run_uuid: '288266c0-cfec-4e91-8be5-ecf81df1c4d2'
    }
  ]
} to 28529:0
2026-02-24T21:19:36.771Z CLI info [testhub:request-queue-handler]  [vedantvankar_WD2nZN]  [srujyhua7le0kbwv6qz2yzcqpznuptkb92dxcer1]  [5be2e400-7dbb-417d-b612-44702b0f7e80]  Added the event {
  event_type: 'LogCreated',
  logs: [
    {
      testFrameworkName: 'pytest',
      testFrameworkVersion: '9.0.2',
      testFrameworkState: 'INIT_TEST',
      timestamp: '2026-02-24T21:18:39.647Z',
      uuid: '288266c0-cfec-4e91-8be5-ecf81df1c4d2',
      kind: 'TEST_LOG',
      message: '\nPART 2 COMPLETE',
      level: 'INFO',
      test_run_uuid: '288266c0-cfec-4e91-8be5-ecf81df1c4d2'
    }
  ]
} to 28529:0
2026-02-24T21:19:36.772Z CLI info [testhub:request-queue-handler]  [vedantvankar_WD2nZN]  [srujyhua7le0kbwv6qz2yzcqpznuptkb92dxcer1]  [5be2e400-7dbb-417d-b612-44702b0f7e80]  Added the event {
  event_type: 'LogCreated',
  logs: [
    {
      testFrameworkName: 'pytest',
      testFrameworkVersion: '9.0.2',
      testFrameworkState: 'INIT_TEST',
      timestamp: '2026-02-24T21:18:39.647Z',
      uuid: '288266c0-cfec-4e91-8be5-ecf81df1c4d2',
      kind: 'TEST_LOG',
      message: 'Test passed:',
      level: 'INFO',
      test_run_uuid: '288266c0-cfec-4e91-8be5-ecf81df1c4d2'
    }
  ]
} to 28529:0
2026-02-24T21:19:36.773Z CLI info [testhub:request-queue-handler]  [vedantvankar_WD2nZN]  [srujyhua7le0kbwv6qz2yzcqpznuptkb92dxcer1]  [5be2e400-7dbb-417d-b612-44702b0f7e80]  Added the event {
  event_type: 'LogCreated',
  logs: [
    {
      testFrameworkName: 'pytest',
      testFrameworkVersion: '9.0.2',
      testFrameworkState: 'INIT_TEST',
      timestamp: '2026-02-24T21:18:39.647Z',
      uuid: '288266c0-cfec-4e91-8be5-ecf81df1c4d2',
      kind: 'TEST_LOG',
      message: '\n==============================',
      level: 'INFO',
      test_run_uuid: '288266c0-cfec-4e91-8be5-ecf81df1c4d2'
    }
  ]
} to 28529:0
2026-02-24T21:19:36.774Z CLI info [testhub:request-queue-handler]  [vedantvankar_WD2nZN]  [srujyhua7le0kbwv6qz2yzcqpznuptkb92dxcer1]  [5be2e400-7dbb-417d-b612-44702b0f7e80]  Added the event {
  event_type: 'LogCreated',
  logs: [
    {
      testFrameworkName: 'pytest',
      testFrameworkVersion: '9.0.2',
      testFrameworkState: 'INIT_TEST',
      timestamp: '2026-02-24T21:18:39.647Z',
      uuid: '288266c0-cfec-4e91-8be5-ecf81df1c4d2',
      kind: 'TEST_LOG',
      message: 'No words repeated more than twice.',
      level: 'INFO',
      test_run_uuid: '288266c0-cfec-4e91-8be5-ecf81df1c4d2'
    }
  ]
} to 28529:0
2026-02-24T21:19:36.775Z CLI info [testhub:request-queue-handler]  [vedantvankar_WD2nZN]  [srujyhua7le0kbwv6qz2yzcqpznuptkb92dxcer1]  [5be2e400-7dbb-417d-b612-44702b0f7e80]  Added the event {
  event_type: 'LogCreated',
  logs: [
    {
      testFrameworkName: 'pytest',
      testFrameworkVersion: '9.0.2',
      testFrameworkState: 'INIT_TEST',
      timestamp: '2026-02-24T21:18:39.647Z',
      uuid: '288266c0-cfec-4e91-8be5-ecf81df1c4d2',
      kind: 'TEST_LOG',
      message: 'main.py::test_elpais_scraper',
      level: 'INFO',
      test_run_uuid: '288266c0-cfec-4e91-8be5-ecf81df1c4d2'
    }
  ]
} to 28529:0
2026-02-24T21:19:36.777Z CLI info [testhub:request-queue-handler]  [vedantvankar_WD2nZN]  [srujyhua7le0kbwv6qz2yzcqpznuptkb92dxcer1]  [5be2e400-7dbb-417d-b612-44702b0f7e80]  Added the event {
  event_type: 'LogCreated',
  logs: [
    {
      testFrameworkName: 'pytest',
      testFrameworkVersion: '9.0.2',
      testFrameworkState: 'INIT_TEST',
      timestamp: '2026-02-24T21:18:39.647Z',
      uuid: '288266c0-cfec-4e91-8be5-ecf81df1c4d2',
      kind: 'TEST_LOG',
      message: 'srujyhua7le0kbwv6qz2yzcqpznuptkb92dxcer1',
      level: 'INFO',
      test_run_uuid: '288266c0-cfec-4e91-8be5-ecf81df1c4d2'
    }
  ]
} to 28529:0
2026-02-24T21:19:36.779Z CLI info [testhub:request-queue-handler]  [vedantvankar_WD2nZN]  [srujyhua7le0kbwv6qz2yzcqpznuptkb92dxcer1]  [5be2e400-7dbb-417d-b612-44702b0f7e80]  Added the event {
  event_type: 'LogCreated',
  logs: [
    {
      testFrameworkName: 'pytest',
      testFrameworkVersion: '9.0.2',
      testFrameworkState: 'INIT_TEST',
      timestamp: '2026-02-24T21:18:39.647Z',
      uuid: '288266c0-cfec-4e91-8be5-ecf81df1c4d2',
      kind: 'TEST_LOG',
      message: 'Test passed:  main.py::test_elpais_scraper srujyhua7le0kbwv6qz2yzcqpznuptkb92dxcer1',
      level: 'INFO',
      test_run_uuid: '288266c0-cfec-4e91-8be5-ecf81df1c4d2'
    }
  ]
} to 28529:0
2026-02-24T21:19:36.780Z CLI info [testhub:request-queue-handler]  [vedantvankar_WD2nZN]  [srujyhua7le0kbwv6qz2yzcqpznuptkb92dxcer1]  [5be2e400-7dbb-417d-b612-44702b0f7e80]  Added the event {
  event_type: 'LogCreated',
  logs: [
    {
      testFrameworkName: 'pytest',
      testFrameworkVersion: '9.0.2',
      testFrameworkState: 'INIT_TEST',
      timestamp: '2026-02-24T21:18:39.647Z',
      uuid: '288266c0-cfec-4e91-8be5-ecf81df1c4d2',
      kind: 'TEST_LOG',
      message: '\x1B[32m                                  [100%]\x1B[0m',
      level: 'INFO',
      test_run_uuid: '288266c0-cfec-4e91-8be5-ecf81df1c4d2'
    }
  ]
} to 28529:0
2026-02-24T21:19:36.781Z CLI info [testhub:request-queue-handler]  [vedantvankar_WD2nZN]  [srujyhua7le0kbwv6qz2yzcqpznuptkb92dxcer1]  [5be2e400-7dbb-417d-b612-44702b0f7e80]  Added the event {
  event_type: 'LogCreated',
  logs: [
    {
      testFrameworkName: 'pytest',
      testFrameworkVersion: '9.0.2',
      testFrameworkState: 'INIT_TEST',
      timestamp: '2026-02-24T21:18:39.647Z',
      uuid: '288266c0-cfec-4e91-8be5-ecf81df1c4d2',
      kind: 'TEST_LOG',
      message: '\x1B[32mPASSED\x1B[0m',
      level: 'INFO',
      test_run_uuid: '288266c0-cfec-4e91-8be5-ecf81df1c4d2'
    }
  ]
} to 28529:0
2026-02-24T21:19:36.845Z CLI info [testhub:request-queue-handler]  [vedantvankar_WD2nZN]  [srujyhua7le0kbwv6qz2yzcqpznuptkb92dxcer1]  [5be2e400-7dbb-417d-b612-44702b0f7e80]  Added the event {
  event_type: 'LogCreated',
  logs: [
    {
      testFrameworkName: 'pytest',
      testFrameworkVersion: '9.0.2',
      testFrameworkState: 'INIT_TEST',
      timestamp: '2026-02-24T21:18:39.998Z',
      uuid: 'd438c723-c341-4821-a503-c9623a60f888',
      kind: 'TEST_LOG',
      message: '\nSpanish: No más secretos del 23-F',
      level: 'INFO',
      test_run_uuid: 'd438c723-c341-4821-a503-c9623a60f888'
    }
  ]
} to 28529:0
2026-02-24T21:19:36.848Z CLI info [testhub:request-queue-handler]  [vedantvankar_WD2nZN]  [srujyhua7le0kbwv6qz2yzcqpznuptkb92dxcer1]  [5be2e400-7dbb-417d-b612-44702b0f7e80]  Added the event {
  event_type: 'LogCreated',
  logs: [
    {
      testFrameworkName: 'pytest',
      testFrameworkVersion: '9.0.2',
      testFrameworkState: 'INIT_TEST',
      timestamp: '2026-02-24T21:18:39.998Z',
      uuid: 'd438c723-c341-4821-a503-c9623a60f888',
      kind: 'TEST_LOG',
      message: 'English: No more secrets from 23-F',
      level: 'INFO',
      test_run_uuid: 'd438c723-c341-4821-a503-c9623a60f888'
    }
  ]
} to 28529:0
2026-02-24T21:19:36.851Z CLI info [testhub:request-queue-handler]  [vedantvankar_WD2nZN]  [srujyhua7le0kbwv6qz2yzcqpznuptkb92dxcer1]  [5be2e400-7dbb-417d-b612-44702b0f7e80]  Added the event {
  event_type: 'LogCreated',
  logs: [
    {
      testFrameworkName: 'pytest',
      testFrameworkVersion: '9.0.2',
      testFrameworkState: 'INIT_TEST',
      timestamp: '2026-02-24T21:18:39.998Z',
      uuid: 'd438c723-c341-4821-a503-c9623a60f888',
      kind: 'TEST_LOG',
      message: '\nSpanish: La lenta gestación de la extrema derecha',
      level: 'INFO',
      test_run_uuid: 'd438c723-c341-4821-a503-c9623a60f888'
    }
  ]
} to 28529:0
2026-02-24T21:19:36.855Z CLI info [testhub:request-queue-handler]  [vedantvankar_WD2nZN]  [srujyhua7le0kbwv6qz2yzcqpznuptkb92dxcer1]  [5be2e400-7dbb-417d-b612-44702b0f7e80]  Added the event {
  event_type: 'LogCreated',
  logs: [
    {
      testFrameworkName: 'pytest',
      testFrameworkVersion: '9.0.2',
      testFrameworkState: 'INIT_TEST',
      timestamp: '2026-02-24T21:18:39.998Z',
      uuid: 'd438c723-c341-4821-a503-c9623a60f888',
      kind: 'TEST_LOG',
      message: 'English: The slow gestation of the extreme right',
      level: 'INFO',
      test_run_uuid: 'd438c723-c341-4821-a503-c9623a60f888'
    }
  ]
} to 28529:0
2026-02-24T21:19:36.856Z CLI info [testhub:request-queue-handler]  [vedantvankar_WD2nZN]  [srujyhua7le0kbwv6qz2yzcqpznuptkb92dxcer1]  [5be2e400-7dbb-417d-b612-44702b0f7e80]  Added the event {
  event_type: 'LogCreated',
  logs: [
    {
      testFrameworkName: 'pytest',
      testFrameworkVersion: '9.0.2',
      testFrameworkState: 'INIT_TEST',
      timestamp: '2026-02-24T21:18:39.998Z',
      uuid: 'd438c723-c341-4821-a503-c9623a60f888',
      kind: 'TEST_LOG',
      message: '\nSpanish: La conga de los pocholos',
      level: 'INFO',
      test_run_uuid: 'd438c723-c341-4821-a503-c9623a60f888'
    }
  ]
} to 28529:0
2026-02-24T21:19:36.859Z CLI info [testhub:request-queue-handler]  [vedantvankar_WD2nZN]  [srujyhua7le0kbwv6qz2yzcqpznuptkb92dxcer1]  [5be2e400-7dbb-417d-b612-44702b0f7e80]  Added the event {
  event_type: 'LogCreated',
  logs: [
    {
      testFrameworkName: 'pytest',
      testFrameworkVersion: '9.0.2',
      testFrameworkState: 'INIT_TEST',
      timestamp: '2026-02-24T21:18:39.998Z',
      uuid: 'd438c723-c341-4821-a503-c9623a60f888',
      kind: 'TEST_LOG',
      message: 'English: The conga of the pocholos',
      level: 'INFO',
      test_run_uuid: 'd438c723-c341-4821-a503-c9623a60f888'
    }
  ]
} to 28529:0
2026-02-24T21:19:36.861Z CLI info [testhub:request-queue-handler]  [vedantvankar_WD2nZN]  [srujyhua7le0kbwv6qz2yzcqpznuptkb92dxcer1]  [5be2e400-7dbb-417d-b612-44702b0f7e80]  Added the event {
  event_type: 'LogCreated',
  logs: [
    {
      testFrameworkName: 'pytest',
      testFrameworkVersion: '9.0.2',
      testFrameworkState: 'INIT_TEST',
      timestamp: '2026-02-24T21:18:39.998Z',
      uuid: 'd438c723-c341-4821-a503-c9623a60f888',
      kind: 'TEST_LOG',
      message: '\nSpanish: Riki Blanco: prohibido',
      level: 'INFO',
      test_run_uuid: 'd438c723-c341-4821-a503-c9623a60f888'
    }
  ]
} to 28529:0
2026-02-24T21:19:36.864Z CLI info [testhub:request-queue-handler]  [vedantvankar_WD2nZN]  [srujyhua7le0kbwv6qz2yzcqpznuptkb92dxcer1]  [5be2e400-7dbb-417d-b612-44702b0f7e80]  Added the event {
  event_type: 'LogCreated',
  logs: [
    {
      testFrameworkName: 'pytest',
      testFrameworkVersion: '9.0.2',
      testFrameworkState: 'INIT_TEST',
      timestamp: '2026-02-24T21:18:39.998Z',
      uuid: 'd438c723-c341-4821-a503-c9623a60f888',
      kind: 'TEST_LOG',
      message: 'English: Riki Blanco: prohibited',
      level: 'INFO',
      test_run_uuid: 'd438c723-c341-4821-a503-c9623a60f888'
    }
  ]
} to 28529:0
2026-02-24T21:19:36.866Z CLI info [testhub:request-queue-handler]  [vedantvankar_WD2nZN]  [srujyhua7le0kbwv6qz2yzcqpznuptkb92dxcer1]  [5be2e400-7dbb-417d-b612-44702b0f7e80]  Added the event {
  event_type: 'LogCreated',
  logs: [
    {
      testFrameworkName: 'pytest',
      testFrameworkVersion: '9.0.2',
      testFrameworkState: 'INIT_TEST',
      timestamp: '2026-02-24T21:18:39.998Z',
      uuid: 'd438c723-c341-4821-a503-c9623a60f888',
      kind: 'TEST_LOG',
      message: '\nSpanish: Desconectados del mundo',
      level: 'INFO',
      test_run_uuid: 'd438c723-c341-4821-a503-c9623a60f888'
    }
  ]
} to 28529:0
2026-02-24T21:19:36.871Z CLI info [testhub:request-queue-handler]  [vedantvankar_WD2nZN]  [srujyhua7le0kbwv6qz2yzcqpznuptkb92dxcer1]  [5be2e400-7dbb-417d-b612-44702b0f7e80]  Added the event {
  event_type: 'LogCreated',
  logs: [
    {
      testFrameworkName: 'pytest',
      testFrameworkVersion: '9.0.2',
      testFrameworkState: 'INIT_TEST',
      timestamp: '2026-02-24T21:18:39.998Z',
      uuid: 'd438c723-c341-4821-a503-c9623a60f888',
      kind: 'TEST_LOG',
      message: 'English: Disconnected from the world',
      level: 'INFO',
      test_run_uuid: 'd438c723-c341-4821-a503-c9623a60f888'
    }
  ]
} to 28529:0
2026-02-24T21:19:36.873Z CLI info [testhub:request-queue-handler]  [vedantvankar_WD2nZN]  [srujyhua7le0kbwv6qz2yzcqpznuptkb92dxcer1]  [5be2e400-7dbb-417d-b612-44702b0f7e80]  Added the event {
  event_type: 'LogCreated',
  logs: [
    {
      testFrameworkName: 'pytest',
      testFrameworkVersion: '9.0.2',
      testFrameworkState: 'INIT_TEST',
      timestamp: '2026-02-24T21:18:39.998Z',
      uuid: 'd438c723-c341-4821-a503-c9623a60f888',
      kind: 'TEST_LOG',
      message: '\n==============================',
      level: 'INFO',
      test_run_uuid: 'd438c723-c341-4821-a503-c9623a60f888'
    }
  ]
} to 28529:0
2026-02-24T21:19:36.874Z CLI info [testhub:request-queue-handler]  [vedantvankar_WD2nZN]  [srujyhua7le0kbwv6qz2yzcqpznuptkb92dxcer1]  [5be2e400-7dbb-417d-b612-44702b0f7e80]  Added the event {
  event_type: 'LogCreated',
  logs: [
    {
      testFrameworkName: 'pytest',
      testFrameworkVersion: '9.0.2',
      testFrameworkState: 'INIT_TEST',
      timestamp: '2026-02-24T21:18:39.998Z',
      uuid: 'd438c723-c341-4821-a503-c9623a60f888',
      kind: 'TEST_LOG',
      message: 'No words repeated more than twice.',
      level: 'INFO',
      test_run_uuid: 'd438c723-c341-4821-a503-c9623a60f888'
    }
  ]
} to 28529:0
2026-02-24T21:19:36.912Z CLI info [testhub:request-queue-handler]  [vedantvankar_WD2nZN]  [srujyhua7le0kbwv6qz2yzcqpznuptkb92dxcer1]  [5be2e400-7dbb-417d-b612-44702b0f7e80]  Added the event {
  event_type: 'LogCreated',
  logs: [
    {
      testFrameworkName: 'pytest',
      testFrameworkVersion: '9.0.2',
      testFrameworkState: 'INIT_TEST',
      timestamp: '2026-02-24T21:18:39.998Z',
      uuid: 'd438c723-c341-4821-a503-c9623a60f888',
      kind: 'TEST_LOG',
      message: 'REPEATED WORDS (count > 2)',
      level: 'INFO',
      test_run_uuid: 'd438c723-c341-4821-a503-c9623a60f888'
    }
  ]
} to 28529:0
2026-02-24T21:19:36.922Z CLI info [testhub:request-queue-handler]  [vedantvankar_WD2nZN]  [srujyhua7le0kbwv6qz2yzcqpznuptkb92dxcer1]  [5be2e400-7dbb-417d-b612-44702b0f7e80]  Added the event {
  event_type: 'LogCreated',
  logs: [
    {
      testFrameworkName: 'pytest',
      testFrameworkVersion: '9.0.2',
      testFrameworkState: 'INIT_TEST',
      timestamp: '2026-02-24T21:18:39.998Z',
      uuid: 'd438c723-c341-4821-a503-c9623a60f888',
      kind: 'TEST_LOG',
      message: '\nPART 2 COMPLETE',
      level: 'INFO',
      test_run_uuid: 'd438c723-c341-4821-a503-c9623a60f888'
    }
  ]
} to 28529:0
2026-02-24T21:19:36.923Z CLI info [testhub:request-queue-handler]  [vedantvankar_WD2nZN]  [srujyhua7le0kbwv6qz2yzcqpznuptkb92dxcer1]  [5be2e400-7dbb-417d-b612-44702b0f7e80]  Added the event {
  event_type: 'LogCreated',
  logs: [
    {
      testFrameworkName: 'pytest',
      testFrameworkVersion: '9.0.2',
      testFrameworkState: 'INIT_TEST',
      timestamp: '2026-02-24T21:18:39.998Z',
      uuid: 'd438c723-c341-4821-a503-c9623a60f888',
      kind: 'TEST_LOG',
      message: 'main.py::test_elpais_scraper',
      level: 'INFO',
      test_run_uuid: 'd438c723-c341-4821-a503-c9623a60f888'
    }
  ]
} to 28529:0
2026-02-24T21:19:36.925Z CLI info [testhub:request-queue-handler]  [vedantvankar_WD2nZN]  [srujyhua7le0kbwv6qz2yzcqpznuptkb92dxcer1]  [5be2e400-7dbb-417d-b612-44702b0f7e80]  Added the event {
  event_type: 'LogCreated',
  logs: [
    {
      testFrameworkName: 'pytest',
      testFrameworkVersion: '9.0.2',
      testFrameworkState: 'INIT_TEST',
      timestamp: '2026-02-24T21:18:39.998Z',
      uuid: 'd438c723-c341-4821-a503-c9623a60f888',
      kind: 'TEST_LOG',
      message: 'Test passed:  main.py::test_elpais_scraper srujyhua7le0kbwv6qz2yzcqpznuptkb92dxcer1',
      level: 'INFO',
      test_run_uuid: 'd438c723-c341-4821-a503-c9623a60f888'
    }
  ]
} to 28529:0
2026-02-24T21:19:36.926Z CLI info [testhub:request-queue-handler]  [vedantvankar_WD2nZN]  [srujyhua7le0kbwv6qz2yzcqpznuptkb92dxcer1]  [5be2e400-7dbb-417d-b612-44702b0f7e80]  Added the event {
  event_type: 'LogCreated',
  logs: [
    {
      testFrameworkName: 'pytest',
      testFrameworkVersion: '9.0.2',
      testFrameworkState: 'INIT_TEST',
      timestamp: '2026-02-24T21:18:39.998Z',
      uuid: 'd438c723-c341-4821-a503-c9623a60f888',
      kind: 'TEST_LOG',
      message: 'srujyhua7le0kbwv6qz2yzcqpznuptkb92dxcer1',
      level: 'INFO',
      test_run_uuid: 'd438c723-c341-4821-a503-c9623a60f888'
    }
  ]
} to 28529:0
2026-02-24T21:19:36.928Z CLI info [testhub:request-queue-handler]  [vedantvankar_WD2nZN]  [srujyhua7le0kbwv6qz2yzcqpznuptkb92dxcer1]  [5be2e400-7dbb-417d-b612-44702b0f7e80]  Added the event {
  event_type: 'LogCreated',
  logs: [
    {
      testFrameworkName: 'pytest',
      testFrameworkVersion: '9.0.2',
      testFrameworkState: 'INIT_TEST',
      timestamp: '2026-02-24T21:18:39.998Z',
      uuid: 'd438c723-c341-4821-a503-c9623a60f888',
      kind: 'TEST_LOG',
      message: 'Test passed:',
      level: 'INFO',
      test_run_uuid: 'd438c723-c341-4821-a503-c9623a60f888'
    }
  ]
} to 28529:0
2026-02-24T21:19:36.929Z CLI info [testhub:request-queue-handler]  [vedantvankar_WD2nZN]  [srujyhua7le0kbwv6qz2yzcqpznuptkb92dxcer1]  [5be2e400-7dbb-417d-b612-44702b0f7e80]  Added the event {
  event_type: 'LogCreated',
  logs: [
    {
      testFrameworkName: 'pytest',
      testFrameworkVersion: '9.0.2',
      testFrameworkState: 'INIT_TEST',
      timestamp: '2026-02-24T21:18:39.998Z',
      uuid: 'd438c723-c341-4821-a503-c9623a60f888',
      kind: 'TEST_LOG',
      message: '\x1B[32mPASSED\x1B[0m',
      level: 'INFO',
      test_run_uuid: 'd438c723-c341-4821-a503-c9623a60f888'
    }
  ]
} to 28529:0
2026-02-24T21:19:36.934Z CLI info [testhub:request-queue-handler]  [vedantvankar_WD2nZN]  [srujyhua7le0kbwv6qz2yzcqpznuptkb92dxcer1]  [5be2e400-7dbb-417d-b612-44702b0f7e80]  Added the event {
  event_type: 'LogCreated',
  logs: [
    {
      testFrameworkName: 'pytest',
      testFrameworkVersion: '9.0.2',
      testFrameworkState: 'INIT_TEST',
      timestamp: '2026-02-24T21:18:39.998Z',
      uuid: 'd438c723-c341-4821-a503-c9623a60f888',
      kind: 'TEST_LOG',
      message: '\x1B[32m                                  [100%]\x1B[0m',
      level: 'INFO',
      test_run_uuid: 'd438c723-c341-4821-a503-c9623a60f888'
    }
  ]
} to 28529:0
2026-02-24T21:19:37.205Z CLI info [testhub:request-queue-handler]  [vedantvankar_WD2nZN]  [srujyhua7le0kbwv6qz2yzcqpznuptkb92dxcer1]  [5be2e400-7dbb-417d-b612-44702b0f7e80]  Added the event {
  event_type: 'TestRunFinished',
  test_run: {
    type: 'test',
    framework: 'pytest',
    uuid: '288266c0-cfec-4e91-8be5-ecf81df1c4d2',
    name: 'test_elpais_scraper',
    body: {
      lang: 'python',
      code: 'def test_elpais_scraper(driver):\n' +
        '\n' +
        '    # --- Step 1: visit El País, verify Spanish ---\n' +
        '    driver.get("https://elpais.com/")\n' +
        '    time.sleep(5)\n' +
        '\n' +
        '    soup = BeautifulSoup(driver.page_source, "lxml")\n' +
        '\n' +
        '    html_tag = soup.find("html")\n' +
        '    lang = html_tag.get("lang", "") if html_tag else ""\n' +
        `    assert "es" in lang, f"Expected Spanish language tag, got: '{lang}'"\n` +
        '\n' +
        '    print(f"\\nLanguage confirmed: {lang}")\n' +
        '\n' +
        '    # --- Step 2: scrape opinion articles ---\n' +
        '    all_urls = extract_opinion_urls(soup)\n' +
        '\n' +
        '    article_urls = [\n' +
        '        u for u in all_urls\n' +
        '        if "/opinion/" in u and not u.rstrip("/").endswith("/opinion")\n' +
        '    ][:5]\n' +
        '\n' +
        '    assert len(article_urls) > 0, "No opinion article URLs found on homepage"\n' +
        '\n' +
        '    print(f"\\nFound {len(article_urls)} opinion articles:")\n' +
        '    for url in article_urls:\n' +
        '        print(url)\n' +
        '\n' +
        '    spanish_titles = scrape_articles(driver, article_urls)\n' +
        '\n' +
        '    assert len(spanish_titles) == len(article_urls), (\n' +
        '        f"Expected {len(article_urls)} titles, got {len(spanish_titles)}"\n' +
        '    )\n' +
        '\n' +
        '    # --- Step 3: translate titles ---\n' +
        '    print("\\n==============================")\n' +
        '    print("TRANSLATING TITLES TO ENGLISH")\n' +
        '\n' +
        '    translated_titles = translate_titles_to_english(spanish_titles)\n' +
        '\n' +
        '    assert len(translated_titles) == len(spanish_titles), (\n' +
        '        "Translation API returned fewer results than expected"\n' +
        '    )\n' +
        '\n' +
        '    for es, en in zip(spanish_titles, translated_titles):\n' +
        '        print(f"\\nSpanish: {es}")\n' +
        '        print(f"English: {en}")\n' +
        '\n' +
        '    # --- Step 4: word analysis ---\n' +
        '    print("\\n==============================")\n' +
        '    print("REPEATED WORDS (count > 2)")\n' +
        '\n' +
        '    repeated_words = find_repeated_words(translated_titles, min_count=3)\n' +
        '\n' +
        '    if repeated_words:\n' +
        '        for word, count in repeated_words.items():\n' +
        '            print(f"{word} -> {count}")\n' +
        '    else:\n' +
        '        print("No words repeated more than twice.")\n' +
        '\n' +
        '    print("\\nPART 2 COMPLETE")\n'
    },
    identifier: 'test_elpais_scraper',
    scope: 'test_elpais_scraper',
    scopes: [ 'main.py' ],
    file_name: 'main.py',
    vc_filepath: 'main.py',
    location: 'main.py',
    result: 'passed',
    duration_in_ms: 43470,
    started_at: '2026-02-24T21:18:53.296Z',
    finished_at: '2026-02-24T21:19:36.766Z',
    failure: null,
    failure_type: null,
    failure_reason: null,
    retry_of: null,
    custom_metadata: {},
    tags: [],
    customRerunParam: { rerun_name: 'main.py::test_elpais_scraper' },
    hooks: [ '012f1450-e27f-40d7-8376-3d7edd0e7f1e' ],
    product_map: {
      observability: true,
      accessibility: false,
      percy: false,
      automate: true,
      app_automate: false
    }
  },
  logs: []
} to 28529:0
2026-02-24T21:19:37.210Z CLI info [testhub:request-queue-handler]  [vedantvankar_WD2nZN]  [srujyhua7le0kbwv6qz2yzcqpznuptkb92dxcer1]  [5be2e400-7dbb-417d-b612-44702b0f7e80]  Added the event {
  event_type: 'HookRunStarted',
  hook_run: {
    type: 'hook',
    hook_type: 'AFTER_EACH',
    framework: 'pytest',
    uuid: '2325f6b6-41c8-453a-b030-6eba2f8b2953',
    name: 'teardown',
    result: 'pending',
    test_run_id: '288266c0-cfec-4e91-8be5-ecf81df1c4d2',
    body: { lang: 'python', code: null },
    scope: 'test_elpais_scraper',
    custom_metadata: {},
    tags: [],
    scopes: [ 'main.py' ],
    file_name: 'main.py',
    location: 'main.py',
    vc_filepath: 'main.py',
    started_at: '2026-02-24T21:19:37.194Z'
  },
  logs: []
} to 28529:0
2026-02-24T21:19:37.252Z CLI info [testhub:request-queue-handler]  [vedantvankar_WD2nZN]  [srujyhua7le0kbwv6qz2yzcqpznuptkb92dxcer1]  [5be2e400-7dbb-417d-b612-44702b0f7e80]  Added the event {
  event_type: 'LogCreated',
  logs: [
    {
      testFrameworkName: 'pytest',
      testFrameworkVersion: '9.0.2',
      testFrameworkState: 'INIT_TEST',
      timestamp: '2026-02-24T21:18:39.477Z',
      uuid: '68529219-2f00-4bd6-9a24-a597a7326465',
      kind: 'TEST_LOG',
      message: '\nTITLE (Spanish):',
      level: 'INFO',
      test_run_uuid: '68529219-2f00-4bd6-9a24-a597a7326465'
    }
  ]
} to 28529:0
2026-02-24T21:19:37.257Z CLI info [testhub:request-queue-handler]  [vedantvankar_WD2nZN]  [srujyhua7le0kbwv6qz2yzcqpznuptkb92dxcer1]  [5be2e400-7dbb-417d-b612-44702b0f7e80]  Added the event {
  event_type: 'LogCreated',
  logs: [
    {
      testFrameworkName: 'pytest',
      testFrameworkVersion: '9.0.2',
      testFrameworkState: 'INIT_TEST',
      timestamp: '2026-02-24T21:18:39.477Z',
      uuid: '68529219-2f00-4bd6-9a24-a597a7326465',
      kind: 'TEST_LOG',
      message: 'La conga de los pocholos',
      level: 'INFO',
      test_run_uuid: '68529219-2f00-4bd6-9a24-a597a7326465'
    }
  ]
} to 28529:0
2026-02-24T21:19:37.261Z CLI info [testhub:request-queue-handler]  [vedantvankar_WD2nZN]  [srujyhua7le0kbwv6qz2yzcqpznuptkb92dxcer1]  [5be2e400-7dbb-417d-b612-44702b0f7e80]  Added the event {
  event_type: 'LogCreated',
  logs: [
    {
      testFrameworkName: 'pytest',
      testFrameworkVersion: '9.0.2',
      testFrameworkState: 'INIT_TEST',
      timestamp: '2026-02-24T21:18:39.477Z',
      uuid: '68529219-2f00-4bd6-9a24-a597a7326465',
      kind: 'TEST_LOG',
      message: '\nCONTENT PREVIEW:',
      level: 'INFO',
      test_run_uuid: '68529219-2f00-4bd6-9a24-a597a7326465'
    }
  ]
} to 28529:0
2026-02-24T21:19:37.262Z CLI info [testhub:request-queue-handler]  [vedantvankar_WD2nZN]  [srujyhua7le0kbwv6qz2yzcqpznuptkb92dxcer1]  [5be2e400-7dbb-417d-b612-44702b0f7e80]  Added the event {
  event_type: 'LogCreated',
  logs: [
    {
      testFrameworkName: 'pytest',
      testFrameworkVersion: '9.0.2',
      testFrameworkState: 'INIT_TEST',
      timestamp: '2026-02-24T21:18:39.477Z',
      uuid: '68529219-2f00-4bd6-9a24-a597a7326465',
      kind: 'TEST_LOG',
      message: 'La clave para ganar en cualquier carrera institucional es no soltarse en ningún momento\n' +
        'A veces me da por pensar en un asesor de un consejero de una presidenta que, al pasar por delante de un edificio muy regio del centro de Madrid, escuchó a quien llevaba al lado decirle: “Un día, tendrás un despacho ahí”. Iba el otro mirando hacia arriba desde la parte trasera de una repulida berlina, brillaban contra los cristales tintados las luces de la gran ciudad, y sus pupilas emitían un destello como de ...',
      level: 'INFO',
      test_run_uuid: '68529219-2f00-4bd6-9a24-a597a7326465'
    }
  ]
} to 28529:0
2026-02-24T21:19:37.428Z CLI info [testhub:request-queue-handler]  [vedantvankar_WD2nZN]  [srujyhua7le0kbwv6qz2yzcqpznuptkb92dxcer1]  [5be2e400-7dbb-417d-b612-44702b0f7e80]  Added the event {
  event_type: 'TestRunFinished',
  test_run: {
    type: 'test',
    framework: 'pytest',
    uuid: 'd438c723-c341-4821-a503-c9623a60f888',
    name: 'test_elpais_scraper',
    body: {
      lang: 'python',
      code: 'def test_elpais_scraper(driver):\n' +
        '\n' +
        '    # --- Step 1: visit El País, verify Spanish ---\n' +
        '    driver.get("https://elpais.com/")\n' +
        '    time.sleep(5)\n' +
        '\n' +
        '    soup = BeautifulSoup(driver.page_source, "lxml")\n' +
        '\n' +
        '    html_tag = soup.find("html")\n' +
        '    lang = html_tag.get("lang", "") if html_tag else ""\n' +
        `    assert "es" in lang, f"Expected Spanish language tag, got: '{lang}'"\n` +
        '\n' +
        '    print(f"\\nLanguage confirmed: {lang}")\n' +
        '\n' +
        '    # --- Step 2: scrape opinion articles ---\n' +
        '    all_urls = extract_opinion_urls(soup)\n' +
        '\n' +
        '    article_urls = [\n' +
        '        u for u in all_urls\n' +
        '        if "/opinion/" in u and not u.rstrip("/").endswith("/opinion")\n' +
        '    ][:5]\n' +
        '\n' +
        '    assert len(article_urls) > 0, "No opinion article URLs found on homepage"\n' +
        '\n' +
        '    print(f"\\nFound {len(article_urls)} opinion articles:")\n' +
        '    for url in article_urls:\n' +
        '        print(url)\n' +
        '\n' +
        '    spanish_titles = scrape_articles(driver, article_urls)\n' +
        '\n' +
        '    assert len(spanish_titles) == len(article_urls), (\n' +
        '        f"Expected {len(article_urls)} titles, got {len(spanish_titles)}"\n' +
        '    )\n' +
        '\n' +
        '    # --- Step 3: translate titles ---\n' +
        '    print("\\n==============================")\n' +
        '    print("TRANSLATING TITLES TO ENGLISH")\n' +
        '\n' +
        '    translated_titles = translate_titles_to_english(spanish_titles)\n' +
        '\n' +
        '    assert len(translated_titles) == len(spanish_titles), (\n' +
        '        "Translation API returned fewer results than expected"\n' +
        '    )\n' +
        '\n' +
        '    for es, en in zip(spanish_titles, translated_titles):\n' +
        '        print(f"\\nSpanish: {es}")\n' +
        '        print(f"English: {en}")\n' +
        '\n' +
        '    # --- Step 4: word analysis ---\n' +
        '    print("\\n==============================")\n' +
        '    print("REPEATED WORDS (count > 2)")\n' +
        '\n' +
        '    repeated_words = find_repeated_words(translated_titles, min_count=3)\n' +
        '\n' +
        '    if repeated_words:\n' +
        '        for word, count in repeated_words.items():\n' +
        '            print(f"{word} -> {count}")\n' +
        '    else:\n' +
        '        print("No words repeated more than twice.")\n' +
        '\n' +
        '    print("\\nPART 2 COMPLETE")\n'
    },
    identifier: 'test_elpais_scraper',
    scope: 'test_elpais_scraper',
    scopes: [ 'main.py' ],
    file_name: 'main.py',
    vc_filepath: 'main.py',
    location: 'main.py',
    result: 'passed',
    duration_in_ms: 51102,
    started_at: '2026-02-24T21:18:45.813Z',
    finished_at: '2026-02-24T21:19:36.915Z',
    failure: null,
    failure_type: null,
    failure_reason: null,
    retry_of: null,
    custom_metadata: {},
    tags: [],
    customRerunParam: { rerun_name: 'main.py::test_elpais_scraper' },
    hooks: [ '632369da-c7fa-4c37-a24e-1459cde5b64a' ],
    product_map: {
      observability: true,
      accessibility: false,
      percy: false,
      automate: true,
      app_automate: false
    }
  },
  logs: []
} to 28529:0
2026-02-24T21:19:37.430Z CLI info [testhub:request-queue-handler]  [vedantvankar_WD2nZN]  [srujyhua7le0kbwv6qz2yzcqpznuptkb92dxcer1]  [5be2e400-7dbb-417d-b612-44702b0f7e80]  Added the event {
  event_type: 'HookRunStarted',
  hook_run: {
    type: 'hook',
    hook_type: 'AFTER_EACH',
    framework: 'pytest',
    uuid: 'f949313b-4dd2-442d-a147-5830d0b91126',
    name: 'teardown',
    result: 'pending',
    test_run_id: 'd438c723-c341-4821-a503-c9623a60f888',
    body: { lang: 'python', code: null },
    scope: 'test_elpais_scraper',
    custom_metadata: {},
    tags: [],
    scopes: [ 'main.py' ],
    file_name: 'main.py',
    location: 'main.py',
    vc_filepath: 'main.py',
    started_at: '2026-02-24T21:19:37.418Z'
  },
  logs: []
} to 28529:0
2026-02-24T21:19:37.585Z CLI info [testhub:request-queue-handler]  [vedantvankar_WD2nZN]  [srujyhua7le0kbwv6qz2yzcqpznuptkb92dxcer1]  [5be2e400-7dbb-417d-b612-44702b0f7e80]  Added the event {
  event_type: 'LogCreated',
  logs: [
    {
      testFrameworkName: 'pytest',
      testFrameworkVersion: '9.0.2',
      testFrameworkState: 'INIT_TEST',
      timestamp: '2026-02-24T21:18:39.962Z',
      uuid: '819487dd-188d-4ef5-99c8-dcc5d3d67b38',
      kind: 'TEST_LOG',
      message: '\nTITLE (Spanish):',
      level: 'INFO',
      test_run_uuid: '819487dd-188d-4ef5-99c8-dcc5d3d67b38'
    }
  ]
} to 28529:0
2026-02-24T21:19:37.589Z CLI info [testhub:request-queue-handler]  [vedantvankar_WD2nZN]  [srujyhua7le0kbwv6qz2yzcqpznuptkb92dxcer1]  [5be2e400-7dbb-417d-b612-44702b0f7e80]  Added the event {
  event_type: 'LogCreated',
  logs: [
    {
      testFrameworkName: 'pytest',
      testFrameworkVersion: '9.0.2',
      testFrameworkState: 'INIT_TEST',
      timestamp: '2026-02-24T21:18:39.962Z',
      uuid: '819487dd-188d-4ef5-99c8-dcc5d3d67b38',
      kind: 'TEST_LOG',
      message: 'Riki Blanco: prohibido',
      level: 'INFO',
      test_run_uuid: '819487dd-188d-4ef5-99c8-dcc5d3d67b38'
    }
  ]
} to 28529:0
2026-02-24T21:19:37.591Z CLI info [testhub:request-queue-handler]  [vedantvankar_WD2nZN]  [srujyhua7le0kbwv6qz2yzcqpznuptkb92dxcer1]  [5be2e400-7dbb-417d-b612-44702b0f7e80]  Added the event {
  event_type: 'LogCreated',
  logs: [
    {
      testFrameworkName: 'pytest',
      testFrameworkVersion: '9.0.2',
      testFrameworkState: 'INIT_TEST',
      timestamp: '2026-02-24T21:18:39.962Z',
      uuid: '819487dd-188d-4ef5-99c8-dcc5d3d67b38',
      kind: 'TEST_LOG',
      message: '\nCONTENT PREVIEW:',
      level: 'INFO',
      test_run_uuid: '819487dd-188d-4ef5-99c8-dcc5d3d67b38'
    }
  ]
} to 28529:0
2026-02-24T21:19:37.594Z CLI info [testhub:request-queue-handler]  [vedantvankar_WD2nZN]  [srujyhua7le0kbwv6qz2yzcqpznuptkb92dxcer1]  [5be2e400-7dbb-417d-b612-44702b0f7e80]  Added the event {
  event_type: 'LogCreated',
  logs: [
    {
      testFrameworkName: 'pytest',
      testFrameworkVersion: '9.0.2',
      testFrameworkState: 'INIT_TEST',
      timestamp: '2026-02-24T21:18:39.962Z',
      uuid: '819487dd-188d-4ef5-99c8-dcc5d3d67b38',
      kind: 'TEST_LOG',
      message: 'Viñeta del 24 de febrero de 2026\n ...',
      level: 'INFO',
      test_run_uuid: '819487dd-188d-4ef5-99c8-dcc5d3d67b38'
    }
  ]
} to 28529:0
2026-02-24T21:19:37.615Z CLI info [testhub:request-queue-handler]  [vedantvankar_WD2nZN]  [srujyhua7le0kbwv6qz2yzcqpznuptkb92dxcer1]  [5be2e400-7dbb-417d-b612-44702b0f7e80]  Processing batch event [
  { event_type: 'LogCreated', logs: [ [Object] ] },
  { event_type: 'LogCreated', logs: [ [Object] ] },
  { event_type: 'LogCreated', logs: [ [Object] ] },
  { event_type: 'LogCreated', logs: [ [Object] ] },
  { event_type: 'LogCreated', logs: [ [Object] ] },
  { event_type: 'LogCreated', logs: [ [Object] ] },
  { event_type: 'LogCreated', logs: [ [Object] ] },
  { event_type: 'LogCreated', logs: [ [Object] ] },
  { event_type: 'LogCreated', logs: [ [Object] ] },
  { event_type: 'LogCreated', logs: [ [Object] ] },
  { event_type: 'LogCreated', logs: [ [Object] ] },
  { event_type: 'LogCreated', logs: [ [Object] ] },
  { event_type: 'LogCreated', logs: [ [Object] ] },
  { event_type: 'LogCreated', logs: [ [Object] ] },
  { event_type: 'LogCreated', logs: [ [Object] ] },
  { event_type: 'LogCreated', logs: [ [Object] ] },
  { event_type: 'LogCreated', logs: [ [Object] ] },
  { event_type: 'LogCreated', logs: [ [Object] ] },
  { event_type: 'LogCreated', logs: [ [Object] ] },
  { event_type: 'LogCreated', logs: [ [Object] ] },
  { event_type: 'LogCreated', logs: [ [Object] ] },
  { event_type: 'LogCreated', logs: [ [Object] ] },
  { event_type: 'LogCreated', logs: [ [Object] ] },
  { event_type: 'LogCreated', logs: [ [Object] ] },
  { event_type: 'LogCreated', logs: [ [Object] ] },
  { event_type: 'LogCreated', logs: [ [Object] ] },
  { event_type: 'LogCreated', logs: [ [Object] ] },
  { event_type: 'LogCreated', logs: [ [Object] ] },
  { event_type: 'LogCreated', logs: [ [Object] ] },
  { event_type: 'LogCreated', logs: [ [Object] ] },
  { event_type: 'LogCreated', logs: [ [Object] ] },
  { event_type: 'LogCreated', logs: [ [Object] ] },
  { event_type: 'LogCreated', logs: [ [Object] ] },
  { event_type: 'LogCreated', logs: [ [Object] ] },
  { event_type: 'LogCreated', logs: [ [Object] ] },
  { event_type: 'LogCreated', logs: [ [Object] ] },
  { event_type: 'LogCreated', logs: [ [Object] ] },
  { event_type: 'LogCreated', logs: [ [Object] ] },
  { event_type: 'LogCreated', logs: [ [Object] ] },
  { event_type: 'LogCreated', logs: [ [Object] ] },
  { event_type: 'LogCreated', logs: [ [Object] ] },
  { event_type: 'LogCreated', logs: [ [Object] ] },
  { event_type: 'LogCreated', logs: [ [Object] ] },
  { event_type: 'LogCreated', logs: [ [Object] ] },
  { event_type: 'LogCreated', logs: [ [Object] ] },
  { event_type: 'LogCreated', logs: [ [Object] ] },
  { event_type: 'LogCreated', logs: [ [Object] ] },
  { event_type: 'LogCreated', logs: [ [Object] ] },
  { event_type: 'LogCreated', logs: [ [Object] ] },
  { event_type: 'LogCreated', logs: [ [Object] ] },
  { event_type: 'LogCreated', logs: [ [Object] ] },
  { event_type: 'LogCreated', logs: [ [Object] ] },
  { event_type: 'LogCreated', logs: [ [Object] ] },
  {
    event_type: 'TestRunFinished',
    test_run: {
      type: 'test',
      framework: 'pytest',
      uuid: '288266c0-cfec-4e91-8be5-ecf81df1c4d2',
      name: 'test_elpais_scraper',
      body: [Object],
      identifier: 'test_elpais_scraper',
      scope: 'test_elpais_scraper',
      scopes: [Array],
      file_name: 'main.py',
      vc_filepath: 'main.py',
      location: 'main.py',
      result: 'passed',
      duration_in_ms: 43470,
      started_at: '2026-02-24T21:18:53.296Z',
      finished_at: '2026-02-24T21:19:36.766Z',
      failure: null,
      failure_type: null,
      failure_reason: null,
      retry_of: null,
      custom_metadata: {},
      tags: [],
      customRerunParam: [Object],
      hooks: [Array],
      product_map: [Object]
    },
    logs: []
  },
  {
    event_type: 'HookRunStarted',
    hook_run: {
      type: 'hook',
      hook_type: 'AFTER_EACH',
      framework: 'pytest',
      uuid: '2325f6b6-41c8-453a-b030-6eba2f8b2953',
      name: 'teardown',
      result: 'pending',
      test_run_id: '288266c0-cfec-4e91-8be5-ecf81df1c4d2',
      body: [Object],
      scope: 'test_elpais_scraper',
      custom_metadata: {},
      tags: [],
      scopes: [Array],
      file_name: 'main.py',
      location: 'main.py',
      vc_filepath: 'main.py',
      started_at: '2026-02-24T21:19:37.194Z'
    },
    logs: []
  },
  { event_type: 'LogCreated', logs: [ [Object] ] },
  { event_type: 'LogCreated', logs: [ [Object] ] },
  { event_type: 'LogCreated', logs: [ [Object] ] },
  { event_type: 'LogCreated', logs: [ [Object] ] },
  {
    event_type: 'TestRunFinished',
    test_run: {
      type: 'test',
      framework: 'pytest',
      uuid: 'd438c723-c341-4821-a503-c9623a60f888',
      name: 'test_elpais_scraper',
      body: [Object],
      identifier: 'test_elpais_scraper',
      scope: 'test_elpais_scraper',
      scopes: [Array],
      file_name: 'main.py',
      vc_filepath: 'main.py',
      location: 'main.py',
      result: 'passed',
      duration_in_ms: 51102,
      started_at: '2026-02-24T21:18:45.813Z',
      finished_at: '2026-02-24T21:19:36.915Z',
      failure: null,
      failure_type: null,
      failure_reason: null,
      retry_of: null,
      custom_metadata: {},
      tags: [],
      customRerunParam: [Object],
      hooks: [Array],
      product_map: [Object]
    },
    logs: []
  },
  {
    event_type: 'HookRunStarted',
    hook_run: {
      type: 'hook',
      hook_type: 'AFTER_EACH',
      framework: 'pytest',
      uuid: 'f949313b-4dd2-442d-a147-5830d0b91126',
      name: 'teardown',
      result: 'pending',
      test_run_id: 'd438c723-c341-4821-a503-c9623a60f888',
      body: [Object],
      scope: 'test_elpais_scraper',
      custom_metadata: {},
      tags: [],
      scopes: [Array],
      file_name: 'main.py',
      location: 'main.py',
      vc_filepath: 'main.py',
      started_at: '2026-02-24T21:19:37.418Z'
    },
    logs: []
  },
  { event_type: 'LogCreated', logs: [ [Object] ] },
  { event_type: 'LogCreated', logs: [ [Object] ] },
  { event_type: 'LogCreated', logs: [ [Object] ] },
  { event_type: 'LogCreated', logs: [ [Object] ] }
] to 28529:0
2026-02-24T21:19:37.618Z CLI info  [vedantvankar_WD2nZN]  [srujyhua7le0kbwv6qz2yzcqpznuptkb92dxcer1]  [5be2e400-7dbb-417d-b612-44702b0f7e80]  [PRODUCTION] Making POST request to https://collector-observability.browserstack.com
2026-02-24T21:19:37.651Z CLI info [testhub:request-queue-handler]  [vedantvankar_WD2nZN]  [srujyhua7le0kbwv6qz2yzcqpznuptkb92dxcer1]  [5be2e400-7dbb-417d-b612-44702b0f7e80]  Added the event {
  event_type: 'LogCreated',
  logs: [
    {
      testFrameworkName: 'pytest',
      testFrameworkVersion: '9.0.2',
      testFrameworkState: 'INIT_TEST',
      timestamp: '2026-02-24T21:18:39.477Z',
      uuid: '68529219-2f00-4bd6-9a24-a597a7326465',
      kind: 'TEST_LOG',
      message: 'Image saved: images/article_3.jpg',
      level: 'INFO',
      test_run_uuid: '68529219-2f00-4bd6-9a24-a597a7326465'
    }
  ]
} to 28529:0
2026-02-24T21:19:37.654Z CLI info [testhub:request-queue-handler]  [vedantvankar_WD2nZN]  [srujyhua7le0kbwv6qz2yzcqpznuptkb92dxcer1]  [5be2e400-7dbb-417d-b612-44702b0f7e80]  Added the event {
  event_type: 'LogCreated',
  logs: [
    {
      testFrameworkName: 'pytest',
      testFrameworkVersion: '9.0.2',
      testFrameworkState: 'INIT_TEST',
      timestamp: '2026-02-24T21:18:39.477Z',
      uuid: '68529219-2f00-4bd6-9a24-a597a7326465',
      kind: 'TEST_LOG',
      message: '\n==============================',
      level: 'INFO',
      test_run_uuid: '68529219-2f00-4bd6-9a24-a597a7326465'
    }
  ]
} to 28529:0
2026-02-24T21:19:37.657Z CLI info [testhub:request-queue-handler]  [vedantvankar_WD2nZN]  [srujyhua7le0kbwv6qz2yzcqpznuptkb92dxcer1]  [5be2e400-7dbb-417d-b612-44702b0f7e80]  Added the event {
  event_type: 'LogCreated',
  logs: [
    {
      testFrameworkName: 'pytest',
      testFrameworkVersion: '9.0.2',
      testFrameworkState: 'INIT_TEST',
      timestamp: '2026-02-24T21:18:39.477Z',
      uuid: '68529219-2f00-4bd6-9a24-a597a7326465',
      kind: 'TEST_LOG',
      message: 'Scraping article 4',
      level: 'INFO',
      test_run_uuid: '68529219-2f00-4bd6-9a24-a597a7326465'
    }
  ]
} to 28529:0
2026-02-24T21:19:38.111Z CLI info [testhub:request-queue-handler]  [vedantvankar_WD2nZN]  [srujyhua7le0kbwv6qz2yzcqpznuptkb92dxcer1]  [5be2e400-7dbb-417d-b612-44702b0f7e80]  Added the event {
  event_type: 'LogCreated',
  logs: [
    {
      testFrameworkName: 'pytest',
      testFrameworkVersion: '9.0.2',
      testFrameworkState: 'INIT_TEST',
      timestamp: '2026-02-24T21:18:39.962Z',
      uuid: '819487dd-188d-4ef5-99c8-dcc5d3d67b38',
      kind: 'TEST_LOG',
      message: 'Image saved: images/article_4.jpg',
      level: 'INFO',
      test_run_uuid: '819487dd-188d-4ef5-99c8-dcc5d3d67b38'
    }
  ]
} to 28529:0
2026-02-24T21:19:38.115Z CLI info [testhub:request-queue-handler]  [vedantvankar_WD2nZN]  [srujyhua7le0kbwv6qz2yzcqpznuptkb92dxcer1]  [5be2e400-7dbb-417d-b612-44702b0f7e80]  Added the event {
  event_type: 'LogCreated',
  logs: [
    {
      testFrameworkName: 'pytest',
      testFrameworkVersion: '9.0.2',
      testFrameworkState: 'INIT_TEST',
      timestamp: '2026-02-24T21:18:39.962Z',
      uuid: '819487dd-188d-4ef5-99c8-dcc5d3d67b38',
      kind: 'TEST_LOG',
      message: '\n==============================',
      level: 'INFO',
      test_run_uuid: '819487dd-188d-4ef5-99c8-dcc5d3d67b38'
    }
  ]
} to 28529:0
2026-02-24T21:19:38.118Z CLI info [testhub:request-queue-handler]  [vedantvankar_WD2nZN]  [srujyhua7le0kbwv6qz2yzcqpznuptkb92dxcer1]  [5be2e400-7dbb-417d-b612-44702b0f7e80]  Added the event {
  event_type: 'LogCreated',
  logs: [
    {
      testFrameworkName: 'pytest',
      testFrameworkVersion: '9.0.2',
      testFrameworkState: 'INIT_TEST',
      timestamp: '2026-02-24T21:18:39.962Z',
      uuid: '819487dd-188d-4ef5-99c8-dcc5d3d67b38',
      kind: 'TEST_LOG',
      message: 'Scraping article 5',
      level: 'INFO',
      test_run_uuid: '819487dd-188d-4ef5-99c8-dcc5d3d67b38'
    }
  ]
} to 28529:0
2026-02-24T21:19:38.971Z CLI info [testhub:request-queue-handler]  [vedantvankar_WD2nZN]  [srujyhua7le0kbwv6qz2yzcqpznuptkb92dxcer1]  [5be2e400-7dbb-417d-b612-44702b0f7e80]  Added the event {
  event_type: 'HookRunFinished',
  hook_run: {
    type: 'hook',
    hook_type: 'AFTER_EACH',
    framework: 'pytest',
    uuid: '2325f6b6-41c8-453a-b030-6eba2f8b2953',
    name: 'teardown',
    result: 'passed',
    test_run_id: '288266c0-cfec-4e91-8be5-ecf81df1c4d2',
    body: { lang: 'python', code: null },
    scope: 'test_elpais_scraper',
    custom_metadata: {},
    tags: [],
    scopes: [ 'main.py' ],
    file_name: 'main.py',
    location: 'main.py',
    vc_filepath: 'main.py',
    started_at: '2026-02-24T21:19:37.194Z',
    finished_at: '2026-02-24T21:19:38.957Z'
  },
  logs: []
} to 28529:0
2026-02-24T21:19:39.033Z CLI info [testhub:request-queue-handler]  [vedantvankar_WD2nZN]  [srujyhua7le0kbwv6qz2yzcqpznuptkb92dxcer1]  [5be2e400-7dbb-417d-b612-44702b0f7e80]  Added the event {
  event_type: 'LogCreated',
  logs: [
    {
      testFrameworkName: 'pytest',
      testFrameworkVersion: '9.0.2',
      testFrameworkState: 'INIT_TEST',
      timestamp: '2026-02-24T21:19:36.767Z',
      uuid: '288266c0-cfec-4e91-8be5-ecf81df1c4d2',
      kind: 'TEST_LOG',
      message: `POST https://hub-aps.browserstack.com/wd/hub/session/24028a9178e831ed0f4949f82837edb2c3427837/execute/sync {'script': 'browserstack_executor: {"action": "setSessionStatus", "arguments": {"status": "passed"}}', 'args': []}`,
      level: 'DEBUG',
      test_run_uuid: '288266c0-cfec-4e91-8be5-ecf81df1c4d2'
    }
  ]
} to 28529:0
2026-02-24T21:19:39.033Z CLI info [testhub:request-queue-handler]  [vedantvankar_WD2nZN]  [srujyhua7le0kbwv6qz2yzcqpznuptkb92dxcer1]  [5be2e400-7dbb-417d-b612-44702b0f7e80]  Added the event {
  event_type: 'LogCreated',
  logs: [
    {
      testFrameworkName: 'pytest',
      testFrameworkVersion: '9.0.2',
      testFrameworkState: 'INIT_TEST',
      timestamp: '2026-02-24T21:19:37.184Z',
      uuid: '288266c0-cfec-4e91-8be5-ecf81df1c4d2',
      kind: 'TEST_LOG',
      message: 'https://hub-aps.browserstack.com:443 "POST /wd/hub/session/24028a9178e831ed0f4949f82837edb2c3427837/execute/sync HTTP/1.1" 200 None',
      level: 'DEBUG',
      test_run_uuid: '288266c0-cfec-4e91-8be5-ecf81df1c4d2'
    }
  ]
} to 28529:0
2026-02-24T21:19:39.034Z CLI info [testhub:request-queue-handler]  [vedantvankar_WD2nZN]  [srujyhua7le0kbwv6qz2yzcqpznuptkb92dxcer1]  [5be2e400-7dbb-417d-b612-44702b0f7e80]  Added the event {
  event_type: 'LogCreated',
  logs: [
    {
      testFrameworkName: 'pytest',
      testFrameworkVersion: '9.0.2',
      testFrameworkState: 'INIT_TEST',
      timestamp: '2026-02-24T21:19:37.184Z',
      uuid: '288266c0-cfec-4e91-8be5-ecf81df1c4d2',
      kind: 'TEST_LOG',
      message: `Remote response: status=200 | data={"sessionId":"24028a9178e831ed0f4949f82837edb2c3427837","status":0,"value":"{\\"automation_session\\":{\\"hashed_id\\":\\"24028a9178e831ed0f4949f82837edb2c3427837\\",\\"name\\":\\"main.py::test_elpais_scraper\\",\\"status\\":\\"passed\\",\\"os\\":\\"Windows\\",\\"os_version\\":\\"11\\",\\"browser\\":\\"edge\\",\\"browser_version\\":\\"145.0\\",\\"device\\":null,\\"duration\\":null,\\"reason\\":null,\\"build_name\\":\\"Selenium Multi Platform Run  3\\",\\"project_name\\":\\"EL Pais Opinion Scraper\\",\\"build_hashed_id\\":\\"e4ec08de515af733305da0e377e351cc70e0b37c\\",\\"test_priority\\":null}}"} | headers=HTTPHeaderDict({'Server': 'nginx', 'Date': 'Tue, 24 Feb 2026 21:19:37 GMT', 'Content-Type': 'application/json; charset=utf-8', 'Transfer-Encoding': 'chunked', 'Connection': 'keep-alive', 'Source-From': '02', 'cache-control': 'no-cache'})`,
      level: 'DEBUG',
      test_run_uuid: '288266c0-cfec-4e91-8be5-ecf81df1c4d2'
    }
  ]
} to 28529:0
2026-02-24T21:19:39.035Z CLI info [testhub:request-queue-handler]  [vedantvankar_WD2nZN]  [srujyhua7le0kbwv6qz2yzcqpznuptkb92dxcer1]  [5be2e400-7dbb-417d-b612-44702b0f7e80]  Added the event {
  event_type: 'LogCreated',
  logs: [
    {
      testFrameworkName: 'pytest',
      testFrameworkVersion: '9.0.2',
      testFrameworkState: 'INIT_TEST',
      timestamp: '2026-02-24T21:19:37.185Z',
      uuid: '288266c0-cfec-4e91-8be5-ecf81df1c4d2',
      kind: 'TEST_LOG',
      message: 'Finished Request',
      level: 'DEBUG',
      test_run_uuid: '288266c0-cfec-4e91-8be5-ecf81df1c4d2'
    }
  ]
} to 28529:0
2026-02-24T21:19:39.037Z CLI info [testhub:request-queue-handler]  [vedantvankar_WD2nZN]  [srujyhua7le0kbwv6qz2yzcqpznuptkb92dxcer1]  [5be2e400-7dbb-417d-b612-44702b0f7e80]  Added the event {
  event_type: 'LogCreated',
  logs: [
    {
      testFrameworkName: 'pytest',
      testFrameworkVersion: '9.0.2',
      testFrameworkState: 'INIT_TEST',
      timestamp: '2026-02-24T21:19:37.200Z',
      uuid: '288266c0-cfec-4e91-8be5-ecf81df1c4d2',
      kind: 'TEST_LOG',
      message: 'DELETE https://hub-aps.browserstack.com/wd/hub/session/24028a9178e831ed0f4949f82837edb2c3427837 {}',
      level: 'DEBUG',
      test_run_uuid: '288266c0-cfec-4e91-8be5-ecf81df1c4d2'
    }
  ]
} to 28529:0
2026-02-24T21:19:39.037Z CLI info [testhub:request-queue-handler]  [vedantvankar_WD2nZN]  [srujyhua7le0kbwv6qz2yzcqpznuptkb92dxcer1]  [5be2e400-7dbb-417d-b612-44702b0f7e80]  Added the event {
  event_type: 'LogCreated',
  logs: [
    {
      testFrameworkName: 'pytest',
      testFrameworkVersion: '9.0.2',
      testFrameworkState: 'INIT_TEST',
      timestamp: '2026-02-24T21:19:38.909Z',
      uuid: '288266c0-cfec-4e91-8be5-ecf81df1c4d2',
      kind: 'TEST_LOG',
      message: 'https://hub-aps.browserstack.com:443 "DELETE /wd/hub/session/24028a9178e831ed0f4949f82837edb2c3427837 HTTP/1.1" 200 None',
      level: 'DEBUG',
      test_run_uuid: '288266c0-cfec-4e91-8be5-ecf81df1c4d2'
    }
  ]
} to 28529:0
2026-02-24T21:19:39.038Z CLI info [testhub:request-queue-handler]  [vedantvankar_WD2nZN]  [srujyhua7le0kbwv6qz2yzcqpznuptkb92dxcer1]  [5be2e400-7dbb-417d-b612-44702b0f7e80]  Added the event {
  event_type: 'LogCreated',
  logs: [
    {
      testFrameworkName: 'pytest',
      testFrameworkVersion: '9.0.2',
      testFrameworkState: 'INIT_TEST',
      timestamp: '2026-02-24T21:19:38.910Z',
      uuid: '288266c0-cfec-4e91-8be5-ecf81df1c4d2',
      kind: 'TEST_LOG',
      message: `Remote response: status=200 | data={"state":"success","status":0,"value":""} | headers=HTTPHeaderDict({'Server': 'nginx', 'Date': 'Tue, 24 Feb 2026 21:19:38 GMT', 'Content-Type': 'application/json; charset=utf-8', 'Transfer-Encoding': 'chunked', 'Connection': 'keep-alive', 'Source-From': '02', 'cache-control': 'no-cache'})`,
      level: 'DEBUG',
      test_run_uuid: '288266c0-cfec-4e91-8be5-ecf81df1c4d2'
    }
  ]
} to 28529:0
2026-02-24T21:19:39.039Z CLI info [testhub:request-queue-handler]  [vedantvankar_WD2nZN]  [srujyhua7le0kbwv6qz2yzcqpznuptkb92dxcer1]  [5be2e400-7dbb-417d-b612-44702b0f7e80]  Added the event {
  event_type: 'LogCreated',
  logs: [
    {
      testFrameworkName: 'pytest',
      testFrameworkVersion: '9.0.2',
      testFrameworkState: 'INIT_TEST',
      timestamp: '2026-02-24T21:19:38.910Z',
      uuid: '288266c0-cfec-4e91-8be5-ecf81df1c4d2',
      kind: 'TEST_LOG',
      message: 'Finished Request',
      level: 'DEBUG',
      test_run_uuid: '288266c0-cfec-4e91-8be5-ecf81df1c4d2'
    }
  ]
} to 28529:0
2026-02-24T21:19:39.039Z CLI info [testhub:request-queue-handler]  [vedantvankar_WD2nZN]  [srujyhua7le0kbwv6qz2yzcqpznuptkb92dxcer1]  [5be2e400-7dbb-417d-b612-44702b0f7e80]  Added the event {
  event_type: 'LogCreated',
  logs: [
    {
      testFrameworkName: 'pytest',
      testFrameworkVersion: '9.0.2',
      testFrameworkState: 'INIT_TEST',
      timestamp: '2026-02-24T21:18:53.297Z',
      uuid: '288266c0-cfec-4e91-8be5-ecf81df1c4d2',
      kind: 'TEST_LOG',
      message: `POST https://hub-aps.browserstack.com/wd/hub/session/24028a9178e831ed0f4949f82837edb2c3427837/execute/sync {'script': 'browserstack_executor: {"action": "setSessionName", "arguments": {"name": "main.py::test_elpais_scra...', 'args': []}`,
      level: 'DEBUG',
      test_run_uuid: '288266c0-cfec-4e91-8be5-ecf81df1c4d2'
    }
  ]
} to 28529:0
2026-02-24T21:19:39.040Z CLI info [testhub:request-queue-handler]  [vedantvankar_WD2nZN]  [srujyhua7le0kbwv6qz2yzcqpznuptkb92dxcer1]  [5be2e400-7dbb-417d-b612-44702b0f7e80]  Added the event {
  event_type: 'LogCreated',
  logs: [
    {
      testFrameworkName: 'pytest',
      testFrameworkVersion: '9.0.2',
      testFrameworkState: 'INIT_TEST',
      timestamp: '2026-02-24T21:18:53.738Z',
      uuid: '288266c0-cfec-4e91-8be5-ecf81df1c4d2',
      kind: 'TEST_LOG',
      message: 'https://hub-aps.browserstack.com:443 "POST /wd/hub/session/24028a9178e831ed0f4949f82837edb2c3427837/execute/sync HTTP/1.1" 200 None',
      level: 'DEBUG',
      test_run_uuid: '288266c0-cfec-4e91-8be5-ecf81df1c4d2'
    }
  ]
} to 28529:0
2026-02-24T21:19:39.040Z CLI info [testhub:request-queue-handler]  [vedantvankar_WD2nZN]  [srujyhua7le0kbwv6qz2yzcqpznuptkb92dxcer1]  [5be2e400-7dbb-417d-b612-44702b0f7e80]  Added the event {
  event_type: 'LogCreated',
  logs: [
    {
      testFrameworkName: 'pytest',
      testFrameworkVersion: '9.0.2',
      testFrameworkState: 'INIT_TEST',
      timestamp: '2026-02-24T21:18:53.738Z',
      uuid: '288266c0-cfec-4e91-8be5-ecf81df1c4d2',
      kind: 'TEST_LOG',
      message: `Remote response: status=200 | data={"sessionId":"24028a9178e831ed0f4949f82837edb2c3427837","status":0,"value":"{\\"automation_session\\":{\\"name\\":\\"main.py::test_elpais_scraper\\",\\"duration\\":null,\\"os\\":\\"Windows\\",\\"os_version\\":\\"11\\",\\"browser_version\\":\\"145.0\\",\\"browser\\":\\"edge\\",\\"device\\":null,\\"status\\":\\"running\\",\\"hashed_id\\":\\"24028a9178e831ed0f4949f82837edb2c3427837\\",\\"reason\\":null,\\"build_name\\":\\"Selenium Multi Platform Run  3\\",\\"project_name\\":\\"EL Pais Opinion Scraper\\",\\"build_hashed_id\\":\\"e4ec08de515af733305da0e377e351cc70e0b37c\\",\\"test_priority\\":null}}"} | headers=HTTPHeaderDict({'Server': 'nginx', 'Date': 'Tue, 24 Feb 2026 21:18:53 GMT', 'Content-Type': 'application/json; charset=utf-8', 'Transfer-Encoding': 'chunked', 'Connection': 'keep-alive', 'Source-From': '02', 'cache-control': 'no-cache'})`,
      level: 'DEBUG',
      test_run_uuid: '288266c0-cfec-4e91-8be5-ecf81df1c4d2'
    }
  ]
} to 28529:0
2026-02-24T21:19:39.040Z CLI info [testhub:request-queue-handler]  [vedantvankar_WD2nZN]  [srujyhua7le0kbwv6qz2yzcqpznuptkb92dxcer1]  [5be2e400-7dbb-417d-b612-44702b0f7e80]  Added the event {
  event_type: 'LogCreated',
  logs: [
    {
      testFrameworkName: 'pytest',
      testFrameworkVersion: '9.0.2',
      testFrameworkState: 'INIT_TEST',
      timestamp: '2026-02-24T21:18:53.738Z',
      uuid: '288266c0-cfec-4e91-8be5-ecf81df1c4d2',
      kind: 'TEST_LOG',
      message: 'Finished Request',
      level: 'DEBUG',
      test_run_uuid: '288266c0-cfec-4e91-8be5-ecf81df1c4d2'
    }
  ]
} to 28529:0
2026-02-24T21:19:39.041Z CLI info [testhub:request-queue-handler]  [vedantvankar_WD2nZN]  [srujyhua7le0kbwv6qz2yzcqpznuptkb92dxcer1]  [5be2e400-7dbb-417d-b612-44702b0f7e80]  Added the event {
  event_type: 'LogCreated',
  logs: [
    {
      testFrameworkName: 'pytest',
      testFrameworkVersion: '9.0.2',
      testFrameworkState: 'INIT_TEST',
      timestamp: '2026-02-24T21:18:53.742Z',
      uuid: '288266c0-cfec-4e91-8be5-ecf81df1c4d2',
      kind: 'TEST_LOG',
      message: `POST https://hub-aps.browserstack.com/wd/hub/session/24028a9178e831ed0f4949f82837edb2c3427837/execute/sync {'script': 'browserstack_executor: {"action": "annotate", "arguments": {"type": "Annotation", "data": "Observabi...', 'args': []}`,
      level: 'DEBUG',
      test_run_uuid: '288266c0-cfec-4e91-8be5-ecf81df1c4d2'
    }
  ]
} to 28529:0
2026-02-24T21:19:39.041Z CLI info [testhub:request-queue-handler]  [vedantvankar_WD2nZN]  [srujyhua7le0kbwv6qz2yzcqpznuptkb92dxcer1]  [5be2e400-7dbb-417d-b612-44702b0f7e80]  Added the event {
  event_type: 'LogCreated',
  logs: [
    {
      testFrameworkName: 'pytest',
      testFrameworkVersion: '9.0.2',
      testFrameworkState: 'INIT_TEST',
      timestamp: '2026-02-24T21:18:53.948Z',
      uuid: '288266c0-cfec-4e91-8be5-ecf81df1c4d2',
      kind: 'TEST_LOG',
      message: 'https://hub-aps.browserstack.com:443 "POST /wd/hub/session/24028a9178e831ed0f4949f82837edb2c3427837/execute/sync HTTP/1.1" 200 None',
      level: 'DEBUG',
      test_run_uuid: '288266c0-cfec-4e91-8be5-ecf81df1c4d2'
    }
  ]
} to 28529:0
2026-02-24T21:19:39.042Z CLI info [testhub:request-queue-handler]  [vedantvankar_WD2nZN]  [srujyhua7le0kbwv6qz2yzcqpznuptkb92dxcer1]  [5be2e400-7dbb-417d-b612-44702b0f7e80]  Added the event {
  event_type: 'LogCreated',
  logs: [
    {
      testFrameworkName: 'pytest',
      testFrameworkVersion: '9.0.2',
      testFrameworkState: 'INIT_TEST',
      timestamp: '2026-02-24T21:18:53.948Z',
      uuid: '288266c0-cfec-4e91-8be5-ecf81df1c4d2',
      kind: 'TEST_LOG',
      message: `Remote response: status=200 | data={"sessionId":"24028a9178e831ed0f4949f82837edb2c3427837","status":0,"value":"ObservabilitySync:1771967933741"} | headers=HTTPHeaderDict({'Server': 'nginx', 'Date': 'Tue, 24 Feb 2026 21:18:53 GMT', 'Content-Type': 'application/json; charset=utf-8', 'Transfer-Encoding': 'chunked', 'Connection': 'keep-alive', 'Source-From': '02', 'cache-control': 'no-cache'})`,
      level: 'DEBUG',
      test_run_uuid: '288266c0-cfec-4e91-8be5-ecf81df1c4d2'
    }
  ]
} to 28529:0
2026-02-24T21:19:39.042Z CLI info [testhub:request-queue-handler]  [vedantvankar_WD2nZN]  [srujyhua7le0kbwv6qz2yzcqpznuptkb92dxcer1]  [5be2e400-7dbb-417d-b612-44702b0f7e80]  Added the event {
  event_type: 'LogCreated',
  logs: [
    {
      testFrameworkName: 'pytest',
      testFrameworkVersion: '9.0.2',
      testFrameworkState: 'INIT_TEST',
      timestamp: '2026-02-24T21:18:53.949Z',
      uuid: '288266c0-cfec-4e91-8be5-ecf81df1c4d2',
      kind: 'TEST_LOG',
      message: 'Finished Request',
      level: 'DEBUG',
      test_run_uuid: '288266c0-cfec-4e91-8be5-ecf81df1c4d2'
    }
  ]
} to 28529:0
2026-02-24T21:19:39.043Z CLI info [testhub:request-queue-handler]  [vedantvankar_WD2nZN]  [srujyhua7le0kbwv6qz2yzcqpznuptkb92dxcer1]  [5be2e400-7dbb-417d-b612-44702b0f7e80]  Added the event {
  event_type: 'LogCreated',
  logs: [
    {
      testFrameworkName: 'pytest',
      testFrameworkVersion: '9.0.2',
      testFrameworkState: 'INIT_TEST',
      timestamp: '2026-02-24T21:18:53.973Z',
      uuid: '288266c0-cfec-4e91-8be5-ecf81df1c4d2',
      kind: 'TEST_LOG',
      message: "POST https://hub-aps.browserstack.com/wd/hub/session/24028a9178e831ed0f4949f82837edb2c3427837/url {'url': 'https://elpais.com/'}",
      level: 'DEBUG',
      test_run_uuid: '288266c0-cfec-4e91-8be5-ecf81df1c4d2'
    }
  ]
} to 28529:0
2026-02-24T21:19:39.044Z CLI info [testhub:request-queue-handler]  [vedantvankar_WD2nZN]  [srujyhua7le0kbwv6qz2yzcqpznuptkb92dxcer1]  [5be2e400-7dbb-417d-b612-44702b0f7e80]  Added the event {
  event_type: 'LogCreated',
  logs: [
    {
      testFrameworkName: 'pytest',
      testFrameworkVersion: '9.0.2',
      testFrameworkState: 'INIT_TEST',
      timestamp: '2026-02-24T21:18:58.528Z',
      uuid: '288266c0-cfec-4e91-8be5-ecf81df1c4d2',
      kind: 'TEST_LOG',
      message: 'https://hub-aps.browserstack.com:443 "POST /wd/hub/session/24028a9178e831ed0f4949f82837edb2c3427837/url HTTP/1.1" 200 0',
      level: 'DEBUG',
      test_run_uuid: '288266c0-cfec-4e91-8be5-ecf81df1c4d2'
    }
  ]
} to 28529:0
2026-02-24T21:19:39.044Z CLI info [testhub:request-queue-handler]  [vedantvankar_WD2nZN]  [srujyhua7le0kbwv6qz2yzcqpznuptkb92dxcer1]  [5be2e400-7dbb-417d-b612-44702b0f7e80]  Added the event {
  event_type: 'LogCreated',
  logs: [
    {
      testFrameworkName: 'pytest',
      testFrameworkVersion: '9.0.2',
      testFrameworkState: 'INIT_TEST',
      timestamp: '2026-02-24T21:18:58.528Z',
      uuid: '288266c0-cfec-4e91-8be5-ecf81df1c4d2',
      kind: 'TEST_LOG',
      message: `Remote response: status=200 | data={"value":null} | headers=HTTPHeaderDict({'Server': 'nginx', 'Date': 'Tue, 24 Feb 2026 21:18:58 GMT', 'Content-Type': 'application/json;charset=utf-8', 'Content-Length': '14', 'Connection': 'keep-alive', 'Source-From': '02', 'expires': 'Thu, 01 Jan 1970 00:00:00 GMT', 'cache-control': 'no-cache, no-cache'})`,
      level: 'DEBUG',
      test_run_uuid: '288266c0-cfec-4e91-8be5-ecf81df1c4d2'
    }
  ]
} to 28529:0
2026-02-24T21:19:39.045Z CLI info [testhub:request-queue-handler]  [vedantvankar_WD2nZN]  [srujyhua7le0kbwv6qz2yzcqpznuptkb92dxcer1]  [5be2e400-7dbb-417d-b612-44702b0f7e80]  Added the event {
  event_type: 'LogCreated',
  logs: [
    {
      testFrameworkName: 'pytest',
      testFrameworkVersion: '9.0.2',
      testFrameworkState: 'INIT_TEST',
      timestamp: '2026-02-24T21:18:58.529Z',
      uuid: '288266c0-cfec-4e91-8be5-ecf81df1c4d2',
      kind: 'TEST_LOG',
      message: 'Finished Request',
      level: 'DEBUG',
      test_run_uuid: '288266c0-cfec-4e91-8be5-ecf81df1c4d2'
    }
  ]
} to 28529:0
2026-02-24T21:19:39.045Z CLI info [testhub:request-queue-handler]  [vedantvankar_WD2nZN]  [srujyhua7le0kbwv6qz2yzcqpznuptkb92dxcer1]  [5be2e400-7dbb-417d-b612-44702b0f7e80]  Added the event {
  event_type: 'LogCreated',
  logs: [
    {
      testFrameworkName: 'pytest',
      testFrameworkVersion: '9.0.2',
      testFrameworkState: 'INIT_TEST',
      timestamp: '2026-02-24T21:19:03.530Z',
      uuid: '288266c0-cfec-4e91-8be5-ecf81df1c4d2',
      kind: 'TEST_LOG',
      message: 'GET https://hub-aps.browserstack.com/wd/hub/session/24028a9178e831ed0f4949f82837edb2c3427837/source {}',
      level: 'DEBUG',
      test_run_uuid: '288266c0-cfec-4e91-8be5-ecf81df1c4d2'
    }
  ]
} to 28529:0
2026-02-24T21:19:39.046Z CLI info [testhub:request-queue-handler]  [vedantvankar_WD2nZN]  [srujyhua7le0kbwv6qz2yzcqpznuptkb92dxcer1]  [5be2e400-7dbb-417d-b612-44702b0f7e80]  Added the event {
  event_type: 'LogCreated',
  logs: [
    {
      testFrameworkName: 'pytest',
      testFrameworkVersion: '9.0.2',
      testFrameworkState: 'INIT_TEST',
      timestamp: '2026-02-24T21:19:04.511Z',
      uuid: '288266c0-cfec-4e91-8be5-ecf81df1c4d2',
      kind: 'TEST_LOG',
      message: 'https://hub-aps.browserstack.com:443 "GET /wd/hub/session/24028a9178e831ed0f4949f82837edb2c3427837/source HTTP/1.1" 200 0',
      level: 'DEBUG',
      test_run_uuid: '288266c0-cfec-4e91-8be5-ecf81df1c4d2'
    }
  ]
} to 28529:0
2026-02-24T21:19:39.047Z CLI info [testhub:request-queue-handler]  [vedantvankar_WD2nZN]  [srujyhua7le0kbwv6qz2yzcqpznuptkb92dxcer1]  [5be2e400-7dbb-417d-b612-44702b0f7e80]  Added the event {
  event_type: 'LogCreated',
  logs: [
    {
      testFrameworkName: 'pytest',
      testFrameworkVersion: '9.0.2',
      testFrameworkState: 'INIT_TEST',
      timestamp: '2026-02-24T21:19:04.517Z',
      uuid: '288266c0-cfec-4e91-8be5-ecf81df1c4d2',
      kind: 'TEST_LOG',
      message: 'Remote response: status=200 | data={"value":"<html lang=\\"es-ES\\"><head class=\\"at-element-marker\\"><meta charset=\\"UTF-8\\"><meta name=\\"viewport\\" content=\\"width=device-width, initial-scale=1.0\\"><link rel=\\"preload\\" as=\\"image\\" href=\\"https://static.elpais.com/dist/resources/images/logos/primary/el-pais-slogan-esp.svg\\"><link rel=\\"preload\\" as=\\"image\\" imagesrcset=\\"https://imagenes.elpais.com/resizer/v2/PCWJZY7FPBCPLIPZCYNSEXLWEQ.jpg?auth=1e77f5bb3ddef5861b77c7a2e3eedb1f9150d06f5a69a86a9508eea5e2864148&amp;width=414 414w,https://imagenes.elpais.com/resizer/v2/PCWJZY7FPBCPLIPZCYNSEXLWEQ.jpg?auth=1e77f5bb3ddef5861b77c7a2e3eedb1f9150d06f5a69a86a9508eea5e2864148&amp;width=828 828w,https://imagenes.elpais.com/resizer/v2/PCWJZY7FPBCPLIPZCYNSEXLWEQ.jpg?auth=1e77f5bb3ddef5861b77c7a2e3eedb1f9150d06f5a69a86a9508eea5e2864148&amp;width=1200 1200w\\" imagesizes=\\"(min-width: 1199px) 1155px, (min-width: 1001px) calc(100vw - 44px), (min-width: 768px) 715px, (min-width: 576px) calc(100vw - 40px), 100vw\\"><script id=\\"spcloader\\" type=\\"text/javascript\\" async=\\"\\" src=\\"https://sdk.privacy-center.org/8ba38674-edba-484d-8053-435051d79f72/loader.js?target=epconsentwalnoneu.com\\" charset=\\"utf-8\\"></script><script async=\\"\\" src=\\"https://c.amazon-adsystem.com/aax2/apstag.js\\"></script><link rel=\\"dns-prefetch\\"><link rel=\\"preconnect\\"><script async=\\"\\" src=\\"https://sb.scorecardresearch.com/cs/8671776/beacon.js\\"></script><script src=\\"https://sdk.mrf.io/statics/marfeel-sdk.es5.js?id=2223\\" async=\\"\\" type=\\"text/javascript\\" nomodule=\\"\\"></script><script src=\\"https://sdk.mrf.io/statics/marfeel-sdk.js?id=2223\\" type=\\"module\\"></script><script id=\\"gfkS2s\\" async=\\"\\" type=\\"text/javascript\\" src=\\"https://ES-config.sensic.net/s2s-web.js\\"></script><script src=\\"https://accounts.google.com/gsi/client\\" async=\\"\\" defer=\\"\\"></script><link rel=\\"preconnect\\" href=\\"//static.elpais.com\\"><link rel=\\"preconnect\\" href=\\"//assets.adobedtm.com\\"><link rel=\\"preconnect\\" href=\\"//sdk.privacy-center.org\\"><link rel=\\"preload\\" href=\\"https://imagenes.elpais.com/resizer/v2/PCWJZY7FPBCPLIPZCYNSEXLWEQ.jpg?auth=1e77f5bb3ddef5861b77c7a2e3eedb1f9150d06f5a69a86a9508eea5e2864148&amp;width=414&amp;height=311&amp;smart=true\\" imagesrcset=\\"https://imagenes.elpais.com/resizer/v2/PCWJZY7FPBCPLIPZCYNSEXLWEQ.jpg?auth=1e77f5bb3ddef5861b77c7a2e3eedb1f9150d06f5a69a86a9508eea5e2864148&amp;width=414&amp;height=311&amp;smart=true 414w,https://imagenes.elpais.com/resizer/v2/PCWJZY7FPBCPLIPZCYNSEXLWEQ.jpg?auth=1e77f5bb3ddef5861b77c7a2e3eedb1f9150d06f5a69a86a9508eea5e2864148&amp;width=828&amp;height=621&amp;smart=true 828w,https://imagenes.elpais.com/resizer/v2/PCWJZY7FPBCPLIPZCYNSEXLWEQ.jpg?auth=1e77f5bb3ddef5861b77c7a2e3eedb1f9150d06f5a69a86a9508eea5e2864148&amp;width=1200&amp;height=900&amp;smart=true 1200w\\" imagesizes=\\"(min-width: 1199px) 1155px, (min-width: 1001px) calc(100vw - 44px), (min-width: 768px) 715px, (min-width: 576px) calc(100vw - 40px), 100vw\\" as=\\"image\\" fetchpriority=\\"high\\"><link rel=\\"preload\\" href=\\"https://static.elpais.com/dist/resources/fonts/majrit/majrit-text/Majrit-Text-Bold.woff2\\" as=\\"font\\" type=\\"font/woff2\\" crossorigin=\\"\\"><link rel=\\"preload\\" href=\\"https://static.elpais.com/dist/resources/fonts/majrit/majrit-text/Majrit-Text-Roman.woff2\\" as=\\"font\\" type=\\"font/woff2\\" crossorigin=\\"\\"><title>EL PAÍS: el periódico global</title><meta name=\\"date\\" scheme=\\"W3CDTF\\" content=\\"2026-02-24T22:15:19+01:00\\"><meta name=\\"lang\\" content=\\"es-ES\\"><meta name=\\"author\\" content=\\"Ediciones EL PAÍS\\"><meta name=\\"robots\\" content=\\"index,follow\\"><meta name=\\"description\\" content=\\"Noticias de última hora sobre la actualidad en España y el mundo: política, economía, deportes, cultura, sociedad, tecnología, gente, opinión, viajes, moda, televisión, los blogs y las firmas de EL PAÍS. Además especiales, vídeos, fotos, audios, gráficos, entrevistas, promociones y todos los servicios de EL PAÍS.\\"><meta name=\\"organization\\" content=\\"Ediciones EL PAÍS S.L.\\"><meta property=\\"article:publisher\\" content=\\"https://www.facebook.com/elpais/\\"><meta property=\\"article:modified_time\\" content=\\"2026-02-24T22:15:19+01:00\\"><meta property=\\"og:title\\" content=\\"EL PAÍS: el periódico global\\"><meta property=\\"og:description\\" content=\\"Noticias de última hora sobre la actualidad en España y el mundo: política, economía, deportes, cultura, sociedad, tecnología, gente, opinión, viajes, moda, televisión, los blogs y las firmas de EL PAÍS. Además especiales, vídeos, fotos, audios, gráficos, entrevistas, promociones y todos los servicios de EL PAÍS.\\"><meta property=\\"og:updated_time\\" content=\\"2026-02-24T22:15:19+01:00\\"><meta property=\\"og:image\\" content=\\"https://imagenes.elpais.com/resizer/v2/https%3A%2F%2Farc-anglerfish-eu-central-1-prod-prisa.s3.amazonaws.com%2Fpublic%2FPSMME3J7ZBDOHK4S6ZIIFVDEAQ.png?auth=6297c6ea5303b046503b1d9ef9d5cf46f4eacf1583ad6d61346d8fc8d9f9c948&amp;width=300&amp;height=300&amp;smart=true\\"><meta property=\\"og:image:width\\" content=\\"300\\"><meta property=\\"og:image:height\\" content=\\"300\\"><meta property=\\"og:url\\" content=\\"https://elpais.com\\"><meta property=\\"og:type\\" content=\\"website\\"><meta property=\\"og:site_name\\" content=\\"El País\\"><meta property=\\"fb:app_id\\" content=\\"94039431626\\"><meta property=\\"twitter:card\\" content=\\"summary\\"><meta property=\\"twitter:site\\" content=\\"@el_pais\\"><link rel=\\"canonical\\" href=\\"https://elpais.com\\"><meta property=\\"article:section\\" content=\\"Portada\\"><meta property=\\"twitter:title\\" content=\\"EL PAÍS: el periódico global\\"><meta property=\\"og:article:publisher\\" content=\\"EL PAÍS\\"><meta property=\\"og:article:author\\" content=\\"Ediciones EL PAÍS\\"><meta property=\\"fb:admins\\" content=\\"851024123, 100008251487379\\"><meta property=\\"fb:pages\\" content=\\"8585811569, 212722845575439, 1397320167179189, 358442097543367, 104260153017742, 171825147183, 122239794993797\\"><link rel=\\"alternate\\" href=\\"https://feeds.elpais.com/mrss-s/pages/ep/site/elpais.com/portada\\" type=\\"application/rss+xml\\" title=\\"RSS de la portada de El País\\"><link rel=\\"manifest\\" href=\\"/pf/resources/manifests/site.webmanifest?d=2381\\"><link rel=\\"icon\\" href=\\"https://static.elpais.com/dist/resources/images/favicon.ico\\" type=\\"image/x-icon\\"><link rel=\\"icon\\" href=\\"https://static.elpais.com/dist/resources/images/favicon_96.png\\" type=\\"image/png\\" sizes=\\"96x96\\"><link rel=\\"apple-touch-icon\\" sizes=\\"180x180\\" href=\\"https://static.elpais.com/dist/resources/images/apple-touch-icon.png\\"><script type=\\"application/javascript\\">window.ENP = {\\"globalContent\\":{\\"website\\":\\"el-pais\\",\\"alertEnabled\\":true,\\"lotteryButtonEnabled\\":false,\\"chatbotDisabled\\":false,\\"subscribeLinkByIP\\":\\"https://elpais.com/suscripciones/america/#/campaign\\",\\"subscribeLink\\":\\"https://elpais.com/suscripciones/#/campaign\\",\\"subscribePremiumLink\\":{\\"default\\":\\"https://elpais.com/suscripciones/premium/upgrade/\\",\\"CA\\":\\"https://elpais.com/suscripciones/digital/premium/upgrade/eucan/\\",\\"US\\":\\"https://elpais.com/suscripciones/digital/premium/upgrade/eucan/\\"},\\"usunLoginUrl\\":\\"https://services.users.elpais.com/serviceLogin.html\\",\\"baseUrlApiGateway\\":\\"https://wdnf3ec6zb.execute-api.eu-west-1.amazonaws.com/PRO/api/\\",\\"serviceProductUrl\\":\\"https://services.users.elpais.com/serviceProduct.html\\",\\"newsGoogleScript\\":\\"https://news.google.com/swg/js/v1/swg.js\\",\\"secretPasswordServiceProduct\\":\\"&_&que_es_mi_barco$_$\\",\\"favoritesURL\\":\\"https://static.elpais.com/dist/resources/js/334f83a783d9964bffcb2080a770b0c8/ENP-favorites.js\\",\\"apiOrigin\\":\\"https://publicapi.elpais.com\\",\\"publicApi\\":\\"https://publicapi.elpais.com\\",\\"entitlements\\":{\\"basic\\":[2895115629259653],\\"premium\\":[2810938707754442]},\\"omitAds\\":false,\\"isHomepage\\":true,\\"refresh\\":true},\\"deployment\\":{\\"arcVersion\\":\\"2381\\",\\"cssVersion\\":\\"334f83a783d9964bffcb2080a770b0c8\\",\\"jsVersion\\":\\"334f83a783d9964bffcb2080a770b0c8\\",\\"resourcePath\\":\\"https://static.elpais.com/dist\\"},\\"translations\\":{\\"dateTime\\":{\\"dateTimeConnector\\":\\"a las\\",\\"ago\\":\\"Hace %s\\",\\"actualizado\\":\\"Actualizado\\",\\"act\\":\\"Act.\\",\\"published\\":\\"Publicado a las:\\",\\"modified\\":\\"y modificado a las\\"},\\"sharedBar\\":{\\"commentsMessage\\":\\"Ir a los comentarios\\",\\"copyLink\\":\\"Enlace copiado\\"},\\"subscribePremiumText\\":\\"Añade más ventajas a tu suscripción: 2 cuentas de email, PDF de EL PAÍS y todo Cinco Días.\\",\\"subscribePremiumButton\\":\\"HAZTE PREMIUM\\",\\"chatbot\\":{\\"welcomeMessage\\":\\"Hola%s, ¿puedo ayudarte?\\"},\\"cutOffMarks\\":{\\"searchBox\\":{\\"common\\":{\\"defaultOptionText\\":\\"Por %s\\"}},\\"cutOffMarksList\\":{\\"common\\":{\\"noResultsMessage\\":\\"No se encontraron resultados\\"}}},\\"games\\":{\\"registerPrimaryPlayText\\":\\"Regístrate ahora\\",\\"registerSecondaryPlayText\\":\\"Ya soy suscriptor\\"},\\"wrapped2025\\":{\\"mostReadSections\\":{\\"titleSubscribed\\":\\"Tus artículos más leídos han sido sobre\\"}}},\\"siteProperties\\":{\\"liveKickerUrl\\":\\"https://eskup.elpais.com/OuteskupSimple\\",\\"languageCode\\":\\"es-ES\\",\\"siteDomainURL\\":\\"https://elpais.com\\",\\"subscribeOther\\":{\\"default\\":{\\"MX\\":\\"https://elpais.com/suscripciones/america/mexico/digital/#/campaign#\\",\\"CO\\":\\"https://elpais.com/suscripciones/america/colombia/digital/#/campaign#\\",\\"CL\\":\\"https://elpais.com/suscripciones/america/chile/digital/#/campaign#\\",\\"CA\\":\\"https://elpais.com/suscripciones/digital/eucan/\\",\\"US\\":\\"https://elpais.com/suscripciones/digital/eucan/\\"},\\"freemium_t2\\":{\\"default\\":\\"https://elpais.com/suscripciones/premium/primer-mes-anual/#/campaign\\",\\"defaultAm\\":\\"https://elpais.com/suscripcion/latam/primermes/premium/mensual/anual/#/campaign\\",\\"MX\\":\\"https://elpais.com/suscripcion/latam/primermes/premium/mensual/anual/#/campaign\\",\\"CO\\":\\"https://elpais.com/suscripcion/colombia/premium/primermes/anual\\",\\"CL\\":\\"https://elpais.com/suscripcion/latam/primermes/premium/mensual/anual/#/campaign\\",\\"CA\\":\\"https://elpais.com/suscripciones/digital/premium/primer-mes-a'... 1071076 more characters,
      level: 'DEBUG',
      test_run_uuid: '288266c0-cfec-4e91-8be5-ecf81df1c4d2'
    }
  ]
} to 28529:0
2026-02-24T21:19:39.047Z CLI info [testhub:request-queue-handler]  [vedantvankar_WD2nZN]  [srujyhua7le0kbwv6qz2yzcqpznuptkb92dxcer1]  [5be2e400-7dbb-417d-b612-44702b0f7e80]  Added the event {
  event_type: 'LogCreated',
  logs: [
    {
      testFrameworkName: 'pytest',
      testFrameworkVersion: '9.0.2',
      testFrameworkState: 'INIT_TEST',
      timestamp: '2026-02-24T21:19:04.564Z',
      uuid: '288266c0-cfec-4e91-8be5-ecf81df1c4d2',
      kind: 'TEST_LOG',
      message: 'Finished Request',
      level: 'DEBUG',
      test_run_uuid: '288266c0-cfec-4e91-8be5-ecf81df1c4d2'
    }
  ]
} to 28529:0
2026-02-24T21:19:39.047Z CLI info [testhub:request-queue-handler]  [vedantvankar_WD2nZN]  [srujyhua7le0kbwv6qz2yzcqpznuptkb92dxcer1]  [5be2e400-7dbb-417d-b612-44702b0f7e80]  Added the event {
  event_type: 'LogCreated',
  logs: [
    {
      testFrameworkName: 'pytest',
      testFrameworkVersion: '9.0.2',
      testFrameworkState: 'INIT_TEST',
      timestamp: '2026-02-24T21:19:04.650Z',
      uuid: '288266c0-cfec-4e91-8be5-ecf81df1c4d2',
      kind: 'TEST_LOG',
      message: "POST https://hub-aps.browserstack.com/wd/hub/session/24028a9178e831ed0f4949f82837edb2c3427837/url {'url': 'https://elpais.com/opinion/2026-02-24/no-mas-secretos-del-23-f.html'}",
      level: 'DEBUG',
      test_run_uuid: '288266c0-cfec-4e91-8be5-ecf81df1c4d2'
    }
  ]
} to 28529:0
2026-02-24T21:19:39.048Z CLI info [testhub:request-queue-handler]  [vedantvankar_WD2nZN]  [srujyhua7le0kbwv6qz2yzcqpznuptkb92dxcer1]  [5be2e400-7dbb-417d-b612-44702b0f7e80]  Added the event {
  event_type: 'LogCreated',
  logs: [
    {
      testFrameworkName: 'pytest',
      testFrameworkVersion: '9.0.2',
      testFrameworkState: 'INIT_TEST',
      timestamp: '2026-02-24T21:19:05.886Z',
      uuid: '288266c0-cfec-4e91-8be5-ecf81df1c4d2',
      kind: 'TEST_LOG',
      message: 'https://hub-aps.browserstack.com:443 "POST /wd/hub/session/24028a9178e831ed0f4949f82837edb2c3427837/url HTTP/1.1" 200 0',
      level: 'DEBUG',
      test_run_uuid: '288266c0-cfec-4e91-8be5-ecf81df1c4d2'
    }
  ]
} to 28529:0
2026-02-24T21:19:39.048Z CLI info [testhub:request-queue-handler]  [vedantvankar_WD2nZN]  [srujyhua7le0kbwv6qz2yzcqpznuptkb92dxcer1]  [5be2e400-7dbb-417d-b612-44702b0f7e80]  Added the event {
  event_type: 'LogCreated',
  logs: [
    {
      testFrameworkName: 'pytest',
      testFrameworkVersion: '9.0.2',
      testFrameworkState: 'INIT_TEST',
      timestamp: '2026-02-24T21:19:05.886Z',
      uuid: '288266c0-cfec-4e91-8be5-ecf81df1c4d2',
      kind: 'TEST_LOG',
      message: `Remote response: status=200 | data={"value":null} | headers=HTTPHeaderDict({'Server': 'nginx', 'Date': 'Tue, 24 Feb 2026 21:19:05 GMT', 'Content-Type': 'application/json;charset=utf-8', 'Content-Length': '14', 'Connection': 'keep-alive', 'Source-From': '02', 'expires': 'Thu, 01 Jan 1970 00:00:00 GMT', 'cache-control': 'no-cache, no-cache'})`,
      level: 'DEBUG',
      test_run_uuid: '288266c0-cfec-4e91-8be5-ecf81df1c4d2'
    }
  ]
} to 28529:0
2026-02-24T21:19:39.048Z CLI info [testhub:request-queue-handler]  [vedantvankar_WD2nZN]  [srujyhua7le0kbwv6qz2yzcqpznuptkb92dxcer1]  [5be2e400-7dbb-417d-b612-44702b0f7e80]  Added the event {
  event_type: 'LogCreated',
  logs: [
    {
      testFrameworkName: 'pytest',
      testFrameworkVersion: '9.0.2',
      testFrameworkState: 'INIT_TEST',
      timestamp: '2026-02-24T21:19:05.886Z',
      uuid: '288266c0-cfec-4e91-8be5-ecf81df1c4d2',
      kind: 'TEST_LOG',
      message: 'Finished Request',
      level: 'DEBUG',
      test_run_uuid: '288266c0-cfec-4e91-8be5-ecf81df1c4d2'
    }
  ]
} to 28529:0
2026-02-24T21:19:39.049Z CLI info [testhub:request-queue-handler]  [vedantvankar_WD2nZN]  [srujyhua7le0kbwv6qz2yzcqpznuptkb92dxcer1]  [5be2e400-7dbb-417d-b612-44702b0f7e80]  Added the event {
  event_type: 'LogCreated',
  logs: [
    {
      testFrameworkName: 'pytest',
      testFrameworkVersion: '9.0.2',
      testFrameworkState: 'INIT_TEST',
      timestamp: '2026-02-24T21:19:09.888Z',
      uuid: '288266c0-cfec-4e91-8be5-ecf81df1c4d2',
      kind: 'TEST_LOG',
      message: 'GET https://hub-aps.browserstack.com/wd/hub/session/24028a9178e831ed0f4949f82837edb2c3427837/source {}',
      level: 'DEBUG',
      test_run_uuid: '288266c0-cfec-4e91-8be5-ecf81df1c4d2'
    }
  ]
} to 28529:0
2026-02-24T21:19:39.049Z CLI info [testhub:request-queue-handler]  [vedantvankar_WD2nZN]  [srujyhua7le0kbwv6qz2yzcqpznuptkb92dxcer1]  [5be2e400-7dbb-417d-b612-44702b0f7e80]  Added the event {
  event_type: 'LogCreated',
  logs: [
    {
      testFrameworkName: 'pytest',
      testFrameworkVersion: '9.0.2',
      testFrameworkState: 'INIT_TEST',
      timestamp: '2026-02-24T21:19:10.972Z',
      uuid: '288266c0-cfec-4e91-8be5-ecf81df1c4d2',
      kind: 'TEST_LOG',
      message: 'https://hub-aps.browserstack.com:443 "GET /wd/hub/session/24028a9178e831ed0f4949f82837edb2c3427837/source HTTP/1.1" 200 0',
      level: 'DEBUG',
      test_run_uuid: '288266c0-cfec-4e91-8be5-ecf81df1c4d2'
    }
  ]
} to 28529:0
2026-02-24T21:19:39.050Z CLI info [testhub:request-queue-handler]  [vedantvankar_WD2nZN]  [srujyhua7le0kbwv6qz2yzcqpznuptkb92dxcer1]  [5be2e400-7dbb-417d-b612-44702b0f7e80]  Added the event {
  event_type: 'LogCreated',
  logs: [
    {
      testFrameworkName: 'pytest',
      testFrameworkVersion: '9.0.2',
      testFrameworkState: 'INIT_TEST',
      timestamp: '2026-02-24T21:19:10.973Z',
      uuid: '288266c0-cfec-4e91-8be5-ecf81df1c4d2',
      kind: 'TEST_LOG',
      message: 'Remote response: status=200 | data={"value":"<html lang=\\"es\\"><head><meta charset=\\"UTF-8\\"><meta name=\\"viewport\\" content=\\"width=device-width, initial-scale=1.0\\"><link rel=\\"preload\\" as=\\"image\\" imagesrcset=\\"https://imagenes.elpais.com/resizer/v2/SHDVIQXHKFLXZKBFNJ4J6ZELZM.jpg?auth=afdfa7f50415820dcc3e31575c8addc93a1f6e0fc466add03b8cf54361de7548&amp;width=414 414w,https://imagenes.elpais.com/resizer/v2/SHDVIQXHKFLXZKBFNJ4J6ZELZM.jpg?auth=afdfa7f50415820dcc3e31575c8addc93a1f6e0fc466add03b8cf54361de7548&amp;width=640 640w,https://imagenes.elpais.com/resizer/v2/SHDVIQXHKFLXZKBFNJ4J6ZELZM.jpg?auth=afdfa7f50415820dcc3e31575c8addc93a1f6e0fc466add03b8cf54361de7548&amp;width=1000 1000w,https://imagenes.elpais.com/resizer/v2/SHDVIQXHKFLXZKBFNJ4J6ZELZM.jpg?auth=afdfa7f50415820dcc3e31575c8addc93a1f6e0fc466add03b8cf54361de7548&amp;width=1200 1200w\\" imagesizes=\\"(min-width:1199px) 661px, (min-width:1001px) 54vw, (min-width:768px) 715px, 100vw\\"><script async=\\"\\" src=\\"https://c.amazon-adsystem.com/aax2/apstag.js\\"></script><link rel=\\"dns-prefetch\\"><link rel=\\"preconnect\\"><script async=\\"\\" src=\\"https://sb.scorecardresearch.com/cs/8671776/beacon.js\\"></script><script src=\\"https://sdk.mrf.io/statics/marfeel-sdk.es5.js?id=2223\\" async=\\"\\" type=\\"text/javascript\\" nomodule=\\"\\"></script><script src=\\"https://sdk.mrf.io/statics/marfeel-sdk.js?id=2223\\" type=\\"module\\"></script><script id=\\"gfkS2s\\" async=\\"\\" type=\\"text/javascript\\" src=\\"https://ES-config.sensic.net/s2s-web.js\\"></script><script id=\\"spcloader\\" type=\\"text/javascript\\" async=\\"\\" src=\\"https://sdk.privacy-center.org/8ba38674-edba-484d-8053-435051d79f72/loader.js?target=epconsentwalnoneu.com\\" charset=\\"utf-8\\"></script><script async=\\"\\" src=\\"https://news.google.com/swg/js/v1/swg-gaa.js\\"></script><script async=\\"\\" subscriptions-control=\\"manual\\" src=\\"https://news.google.com/swg/js/v1/swg.js\\"></script><script id=\\"dsq-count-scr\\" src=\\"https://el-pais-1.disqus.com/count.js\\" async=\\"\\"></script><script src=\\"https://accounts.google.com/gsi/client\\" async=\\"\\" defer=\\"\\"></script><link rel=\\"preconnect\\" href=\\"//static.elpais.com\\"><link rel=\\"preconnect\\" href=\\"//assets.adobedtm.com\\"><link rel=\\"preconnect\\" href=\\"//sdk.privacy-center.org\\"><link rel=\\"preload\\" href=\\"https://imagenes.elpais.com/resizer/v2/SHDVIQXHKFLXZKBFNJ4J6ZELZM.jpg?auth=afdfa7f50415820dcc3e31575c8addc93a1f6e0fc466add03b8cf54361de7548&amp;width=414\\" imagesrcset=\\"https://imagenes.elpais.com/resizer/v2/SHDVIQXHKFLXZKBFNJ4J6ZELZM.jpg?auth=afdfa7f50415820dcc3e31575c8addc93a1f6e0fc466add03b8cf54361de7548&amp;width=414 414w,https://imagenes.elpais.com/resizer/v2/SHDVIQXHKFLXZKBFNJ4J6ZELZM.jpg?auth=afdfa7f50415820dcc3e31575c8addc93a1f6e0fc466add03b8cf54361de7548&amp;width=640 640w,https://imagenes.elpais.com/resizer/v2/SHDVIQXHKFLXZKBFNJ4J6ZELZM.jpg?auth=afdfa7f50415820dcc3e31575c8addc93a1f6e0fc466add03b8cf54361de7548&amp;width=1000 1000w,https://imagenes.elpais.com/resizer/v2/SHDVIQXHKFLXZKBFNJ4J6ZELZM.jpg?auth=afdfa7f50415820dcc3e31575c8addc93a1f6e0fc466add03b8cf54361de7548&amp;width=1200 1200w\\" imagesizes=\\"(min-width:1199px) 661px, (min-width:1001px) 54vw, (min-width:768px) 715px, 100vw\\" as=\\"image\\" fetchpriority=\\"high\\"><link rel=\\"preload\\" href=\\"https://static.elpais.com/dist/resources/fonts/majrit/majrit-text/Majrit-Text-Roman.woff2\\" as=\\"font\\" type=\\"font/woff2\\" crossorigin=\\"\\"><link rel=\\"preload\\" href=\\"https://static.elpais.com/dist/resources/fonts/majrit/majrit-text/Majrit-Text-Black-Italic.woff2\\" as=\\"font\\" type=\\"font/woff2\\" crossorigin=\\"\\"><title>No más secretos del 23-F | Opinión | EL PAÍS</title><meta name=\\"date\\" scheme=\\"W3CDTF\\" content=\\"2026-02-24T05:30:01+01:00\\"><meta name=\\"lang\\" content=\\"es\\"><meta name=\\"author\\" content=\\"El País\\"><meta name=\\"robots\\" content=\\"index,follow,max-image-preview:large\\"><meta name=\\"description\\" content=\\"Desclasificar los documentos del golpe de Estado ayudará a acabar con las conspiraciones interesadas sobre la Transición\\"><meta name=\\"organization\\" content=\\"Ediciones EL PAÍS S.L.\\"><meta property=\\"article:publisher\\" content=\\"https://www.facebook.com/elpais\\"><meta property=\\"article:published_time\\" content=\\"2026-02-24T05:30:01+01:00\\"><meta property=\\"article:modified_time\\" content=\\"2026-02-24T05:30:01+01:00\\"><meta property=\\"og:title\\" content=\\"No más secretos del 23-F\\"><meta property=\\"og:description\\" content=\\"Desclasificar los documentos del golpe de Estado ayudará a acabar con las conspiraciones interesadas sobre la Transición\\"><meta property=\\"og:updated_time\\" content=\\"2026-02-24T05:30:01+01:00\\"><meta property=\\"og:image\\" content=\\"https://imagenes.elpais.com/resizer/v2/SHDVIQXHKFLXZKBFNJ4J6ZELZM.jpg?auth=afdfa7f50415820dcc3e31575c8addc93a1f6e0fc466add03b8cf54361de7548&amp;width=1200\\"><meta property=\\"og:image:width\\" content=\\"1200\\"><meta property=\\"og:image:height\\" content=\\"792\\"><meta property=\\"og:url\\" content=\\"https://elpais.com/opinion/2026-02-24/no-mas-secretos-del-23-f.html\\"><meta property=\\"og:type\\" content=\\"article\\"><meta property=\\"og:site_name\\" content=\\"El País\\"><meta property=\\"fb:app_id\\" content=\\"94039431626\\"><meta property=\\"twitter:card\\" content=\\"summary_large_image\\"><meta property=\\"twitter:site\\" content=\\"@el_pais\\"><link rel=\\"canonical\\" href=\\"https://elpais.com/opinion/2026-02-24/no-mas-secretos-del-23-f.html\\"><link rel=\\"amphtml\\" href=\\"https://elpais.com/opinion/2026-02-24/no-mas-secretos-del-23-f.html?outputType=amp\\"><meta property=\\"article:section\\" content=\\"Opinión\\"><meta property=\\"article:tag\\" content=\\"Opinión\\"><meta property=\\"article:tag\\" content=\\"Consejo de Ministros\\"><meta property=\\"article:tag\\" content=\\"23-F\\"><meta property=\\"article:tag\\" content=\\"Pedro Sánchez\\"><meta property=\\"article:tag\\" content=\\"Redes sociales\\"><meta property=\\"article:tag\\" content=\\"España\\"><meta property=\\"article:tag\\" content=\\"Historia\\"><meta property=\\"article:tag\\" content=\\"Política\\"><meta property=\\"article:tag\\" content=\\"Golpes estado\\"><meta property=\\"article:tag\\" content=\\"Juan Carlos I\\"><meta property=\\"article:tag\\" content=\\"Transición española\\"><meta property=\\"article:tag\\" content=\\"Transición democrática\\"><meta property=\\"article:tag\\" content=\\"Operación Galaxia\\"><meta property=\\"article:tag\\" content=\\"Monarquía\\"><meta property=\\"article:tag\\" content=\\"Ley Secretos Oficiales\\"><meta property=\\"article:tag\\" content=\\"Secretos oficiales\\"><meta property=\\"article:tag\\" content=\\"Desclasificación documentos\\"><meta property=\\"article:tag\\" content=\\"Franquismo\\"><meta property=\\"article:tag\\" content=\\"Guerra sucia\\"><meta property=\\"article:tag\\" content=\\"ETA\\"><meta property=\\"article:tag\\" content=\\"Ultraderecha\\"><meta property=\\"article:tag\\" content=\\"Democracia\\"><meta property=\\"twitter:title\\" content=\\"No más secretos del 23-F | Editorial\\"><meta property=\\"og:article:publisher\\" content=\\"EL PAÍS\\"><meta property=\\"og:article:author\\" content=\\"El País\\"><meta name=\\"DC.date.issued\\" content=\\"2026-02-24T05:30:01+01:00\\"><meta property=\\"mrf:tags\\" content=\\"brandedContent:false;\\"><meta property=\\"fb:pages\\" content=\\"8585811569\\"><meta property=\\"news_keywords\\" content=\\"Opinión, Consejo de Ministros, 23-F, Pedro Sánchez, Redes sociales, España, Historia, Política, Golpes estado, Juan Carlos I, Transición española, Transición democrática, Operación Galaxia, Monarquía, Ley Secretos Oficiales, Secretos oficiales, Desclasificación documentos, Franquismo, Guerra sucia, ETA, Ultraderecha, Democracia\\"><link rel=\\"alternate\\" href=\\"https://feeds.elpais.com/mrss-s/pages/ep/site/elpais.com/section/opinion/portada\\" type=\\"application/rss+xml\\" title=\\"RSS sobre Opinión\\"><link rel=\\"manifest\\" href=\\"/pf/resources/manifests/site.webmanifest?d=2381\\"><link rel=\\"icon\\" href=\\"https://static.elpais.com/dist/resources/images/favicon.ico\\" type=\\"image/x-icon\\"><link rel=\\"icon\\" href=\\"https://static.elpais.com/dist/resources/images/favicon_96.png\\" type=\\"image/png\\" sizes=\\"96x96\\"><link rel=\\"apple-touch-icon\\" sizes=\\"180x180\\" href=\\"https://static.elpais.com/dist/resources/images/apple-touch-icon.png\\"><script type=\\"application/javascript\\">window.ENP = {\\"globalContent\\":{\\"_id\\":\\"DIWYSWN2W5G5BDCCNBYU4B6PDI\\",\\"website\\":\\"el-pais\\",\\"alertEnabled\\":true,\\"lotteryButtonEnabled\\":false,\\"chatbotDisabled\\":true,\\"subscribeLinkByIP\\":\\"https://elpais.com/suscripciones/america/#/campaign\\",\\"subscribeLink\\":\\"https://elpais.com/suscripciones/#/campaign\\",\\"subscribePremiumLink\\":{\\"default\\":\\"https://elpais.com/suscripciones/premium/upgrade/\\",\\"CA\\":\\"https://elpais.com/suscripciones/digital/premium/upgrade/eucan/\\",\\"US\\":\\"https://elpais.com/suscripciones/digital/premium/upgrade/eucan/\\"},\\"usunLoginUrl\\":\\"https://services.users.elpais.com/serviceLogin.html\\",\\"baseUrlApiGateway\\":\\"https://wdnf3ec6zb.execute-api.eu-west-1.amazonaws.com/PRO/api/\\",\\"serviceProductUrl\\":\\"https://services.users.elpais.com/serviceProduct.html\\",\\"newsGoogleScript\\":\\"https://news.google.com/swg/js/v1/swg.js\\",\\"secretPasswordServiceProduct\\":\\"&_&que_es_mi_barco$_$\\",\\"favoritesURL\\":\\"https://static.elpais.com/dist/resources/js/334f83a783d9964bffcb2080a770b0c8/ENP-favorites.js\\",\\"apiOrigin\\":\\"https://publicapi.elpais.com\\",\\"publicApi\\":\\"https://publicapi.elpais.com\\",\\"entitlements\\":{\\"basic\\":[2895115629259653],\\"premium\\":[2810938707754442]},\\"omitAds\\":false,\\"isArticle\\":true,\\"isPageWithLiveBlog\\":false,\\"isPageWithLes\\":false,\\"isScoreboardLive\\":false,\\"hasSportLive\\":false,\\"source_system\\":\\"composer\\",\\"canonicalUrl\\":\\"/opinion/2026-02-24/no-mas-secretos-del-23-f.html\\",\\"alertsOption\\":{\\"enableAlert\\":true},\\"comments\\":{\\"display_comments\\":true},\\"sites\\":{\\"el-pais\\":{\\"socialLinks\\":{\\"facebook\\":\\"https://es-es.facebook.com/elpais/\\",\\"twitter\\":\\"https://twitter.com/el_pais\\",\\"youtube\\":\\"https://www.youtube.com/channel/UCnsvJeZO4RigQ898WdDNoBw\\",\\"wikipedia\\":\\'... 559109 more characters,
      level: 'DEBUG',
      test_run_uuid: '288266c0-cfec-4e91-8be5-ecf81df1c4d2'
    }
  ]
} to 28529:0
2026-02-24T21:19:39.051Z CLI info [testhub:request-queue-handler]  [vedantvankar_WD2nZN]  [srujyhua7le0kbwv6qz2yzcqpznuptkb92dxcer1]  [5be2e400-7dbb-417d-b612-44702b0f7e80]  Added the event {
  event_type: 'LogCreated',
  logs: [
    {
      testFrameworkName: 'pytest',
      testFrameworkVersion: '9.0.2',
      testFrameworkState: 'INIT_TEST',
      timestamp: '2026-02-24T21:19:10.988Z',
      uuid: '288266c0-cfec-4e91-8be5-ecf81df1c4d2',
      kind: 'TEST_LOG',
      message: 'Finished Request',
      level: 'DEBUG',
      test_run_uuid: '288266c0-cfec-4e91-8be5-ecf81df1c4d2'
    }
  ]
} to 28529:0
2026-02-24T21:19:39.051Z CLI info [testhub:request-queue-handler]  [vedantvankar_WD2nZN]  [srujyhua7le0kbwv6qz2yzcqpznuptkb92dxcer1]  [5be2e400-7dbb-417d-b612-44702b0f7e80]  Added the event {
  event_type: 'LogCreated',
  logs: [
    {
      testFrameworkName: 'pytest',
      testFrameworkVersion: '9.0.2',
      testFrameworkState: 'INIT_TEST',
      timestamp: '2026-02-24T21:19:11.056Z',
      uuid: '288266c0-cfec-4e91-8be5-ecf81df1c4d2',
      kind: 'TEST_LOG',
      message: 'Starting new HTTPS connection (1): imagenes.elpais.com:443',
      level: 'DEBUG',
      test_run_uuid: '288266c0-cfec-4e91-8be5-ecf81df1c4d2'
    }
  ]
} to 28529:0
2026-02-24T21:19:39.052Z CLI info [testhub:request-queue-handler]  [vedantvankar_WD2nZN]  [srujyhua7le0kbwv6qz2yzcqpznuptkb92dxcer1]  [5be2e400-7dbb-417d-b612-44702b0f7e80]  Added the event {
  event_type: 'LogCreated',
  logs: [
    {
      testFrameworkName: 'pytest',
      testFrameworkVersion: '9.0.2',
      testFrameworkState: 'INIT_TEST',
      timestamp: '2026-02-24T21:19:11.508Z',
      uuid: '288266c0-cfec-4e91-8be5-ecf81df1c4d2',
      kind: 'TEST_LOG',
      message: 'https://imagenes.elpais.com:443 "GET /resizer/v2/SHDVIQXHKFLXZKBFNJ4J6ZELZM.jpg?auth=afdfa7f50415820dcc3e31575c8addc93a1f6e0fc466add03b8cf54361de7548&width=1200 HTTP/1.1" 200 131447',
      level: 'DEBUG',
      test_run_uuid: '288266c0-cfec-4e91-8be5-ecf81df1c4d2'
    }
  ]
} to 28529:0
2026-02-24T21:19:39.052Z CLI info [testhub:request-queue-handler]  [vedantvankar_WD2nZN]  [srujyhua7le0kbwv6qz2yzcqpznuptkb92dxcer1]  [5be2e400-7dbb-417d-b612-44702b0f7e80]  Added the event {
  event_type: 'LogCreated',
  logs: [
    {
      testFrameworkName: 'pytest',
      testFrameworkVersion: '9.0.2',
      testFrameworkState: 'INIT_TEST',
      timestamp: '2026-02-24T21:19:11.766Z',
      uuid: '288266c0-cfec-4e91-8be5-ecf81df1c4d2',
      kind: 'TEST_LOG',
      message: "POST https://hub-aps.browserstack.com/wd/hub/session/24028a9178e831ed0f4949f82837edb2c3427837/url {'url': 'https://elpais.com/opinion/2026-02-24/la-lenta-gestacion-de-la-extrema-derecha.html'}",
      level: 'DEBUG',
      test_run_uuid: '288266c0-cfec-4e91-8be5-ecf81df1c4d2'
    }
  ]
} to 28529:0
2026-02-24T21:19:39.052Z CLI info [testhub:request-queue-handler]  [vedantvankar_WD2nZN]  [srujyhua7le0kbwv6qz2yzcqpznuptkb92dxcer1]  [5be2e400-7dbb-417d-b612-44702b0f7e80]  Added the event {
  event_type: 'LogCreated',
  logs: [
    {
      testFrameworkName: 'pytest',
      testFrameworkVersion: '9.0.2',
      testFrameworkState: 'INIT_TEST',
      timestamp: '2026-02-24T21:19:12.669Z',
      uuid: '288266c0-cfec-4e91-8be5-ecf81df1c4d2',
      kind: 'TEST_LOG',
      message: 'https://hub-aps.browserstack.com:443 "POST /wd/hub/session/24028a9178e831ed0f4949f82837edb2c3427837/url HTTP/1.1" 200 0',
      level: 'DEBUG',
      test_run_uuid: '288266c0-cfec-4e91-8be5-ecf81df1c4d2'
    }
  ]
} to 28529:0
2026-02-24T21:19:39.053Z CLI info [testhub:request-queue-handler]  [vedantvankar_WD2nZN]  [srujyhua7le0kbwv6qz2yzcqpznuptkb92dxcer1]  [5be2e400-7dbb-417d-b612-44702b0f7e80]  Added the event {
  event_type: 'LogCreated',
  logs: [
    {
      testFrameworkName: 'pytest',
      testFrameworkVersion: '9.0.2',
      testFrameworkState: 'INIT_TEST',
      timestamp: '2026-02-24T21:19:12.670Z',
      uuid: '288266c0-cfec-4e91-8be5-ecf81df1c4d2',
      kind: 'TEST_LOG',
      message: `Remote response: status=200 | data={"value":null} | headers=HTTPHeaderDict({'Server': 'nginx', 'Date': 'Tue, 24 Feb 2026 21:19:12 GMT', 'Content-Type': 'application/json;charset=utf-8', 'Content-Length': '14', 'Connection': 'keep-alive', 'Source-From': '02', 'expires': 'Thu, 01 Jan 1970 00:00:00 GMT', 'cache-control': 'no-cache, no-cache'})`,
      level: 'DEBUG',
      test_run_uuid: '288266c0-cfec-4e91-8be5-ecf81df1c4d2'
    }
  ]
} to 28529:0
2026-02-24T21:19:39.053Z CLI info [testhub:request-queue-handler]  [vedantvankar_WD2nZN]  [srujyhua7le0kbwv6qz2yzcqpznuptkb92dxcer1]  [5be2e400-7dbb-417d-b612-44702b0f7e80]  Added the event {
  event_type: 'LogCreated',
  logs: [
    {
      testFrameworkName: 'pytest',
      testFrameworkVersion: '9.0.2',
      testFrameworkState: 'INIT_TEST',
      timestamp: '2026-02-24T21:19:12.670Z',
      uuid: '288266c0-cfec-4e91-8be5-ecf81df1c4d2',
      kind: 'TEST_LOG',
      message: 'Finished Request',
      level: 'DEBUG',
      test_run_uuid: '288266c0-cfec-4e91-8be5-ecf81df1c4d2'
    }
  ]
} to 28529:0
2026-02-24T21:19:39.054Z CLI info [testhub:request-queue-handler]  [vedantvankar_WD2nZN]  [srujyhua7le0kbwv6qz2yzcqpznuptkb92dxcer1]  [5be2e400-7dbb-417d-b612-44702b0f7e80]  Added the event {
  event_type: 'LogCreated',
  logs: [
    {
      testFrameworkName: 'pytest',
      testFrameworkVersion: '9.0.2',
      testFrameworkState: 'INIT_TEST',
      timestamp: '2026-02-24T21:19:16.672Z',
      uuid: '288266c0-cfec-4e91-8be5-ecf81df1c4d2',
      kind: 'TEST_LOG',
      message: 'GET https://hub-aps.browserstack.com/wd/hub/session/24028a9178e831ed0f4949f82837edb2c3427837/source {}',
      level: 'DEBUG',
      test_run_uuid: '288266c0-cfec-4e91-8be5-ecf81df1c4d2'
    }
  ]
} to 28529:0
2026-02-24T21:19:39.054Z CLI info [testhub:request-queue-handler]  [vedantvankar_WD2nZN]  [srujyhua7le0kbwv6qz2yzcqpznuptkb92dxcer1]  [5be2e400-7dbb-417d-b612-44702b0f7e80]  Added the event {
  event_type: 'LogCreated',
  logs: [
    {
      testFrameworkName: 'pytest',
      testFrameworkVersion: '9.0.2',
      testFrameworkState: 'INIT_TEST',
      timestamp: '2026-02-24T21:19:17.304Z',
      uuid: '288266c0-cfec-4e91-8be5-ecf81df1c4d2',
      kind: 'TEST_LOG',
      message: 'https://hub-aps.browserstack.com:443 "GET /wd/hub/session/24028a9178e831ed0f4949f82837edb2c3427837/source HTTP/1.1" 200 0',
      level: 'DEBUG',
      test_run_uuid: '288266c0-cfec-4e91-8be5-ecf81df1c4d2'
    }
  ]
} to 28529:0
2026-02-24T21:19:39.055Z CLI info [testhub:request-queue-handler]  [vedantvankar_WD2nZN]  [srujyhua7le0kbwv6qz2yzcqpznuptkb92dxcer1]  [5be2e400-7dbb-417d-b612-44702b0f7e80]  Added the event {
  event_type: 'LogCreated',
  logs: [
    {
      testFrameworkName: 'pytest',
      testFrameworkVersion: '9.0.2',
      testFrameworkState: 'INIT_TEST',
      timestamp: '2026-02-24T21:19:17.305Z',
      uuid: '288266c0-cfec-4e91-8be5-ecf81df1c4d2',
      kind: 'TEST_LOG',
      message: 'Remote response: status=200 | data={"value":"<html lang=\\"es\\"><head><meta charset=\\"UTF-8\\"><meta name=\\"viewport\\" content=\\"width=device-width, initial-scale=1.0\\"><link rel=\\"preload\\" as=\\"image\\" imagesrcset=\\"https://imagenes.elpais.com/resizer/v2/RVARX53BAFGGBGXKCBT444XZPI.jpg?auth=1674ff05e33872db06a644acfa2f105bcb5bbb7daf9455dee85b36e1f63f3e7f&amp;width=414 414w,https://imagenes.elpais.com/resizer/v2/RVARX53BAFGGBGXKCBT444XZPI.jpg?auth=1674ff05e33872db06a644acfa2f105bcb5bbb7daf9455dee85b36e1f63f3e7f&amp;width=640 640w,https://imagenes.elpais.com/resizer/v2/RVARX53BAFGGBGXKCBT444XZPI.jpg?auth=1674ff05e33872db06a644acfa2f105bcb5bbb7daf9455dee85b36e1f63f3e7f&amp;width=1000 1000w,https://imagenes.elpais.com/resizer/v2/RVARX53BAFGGBGXKCBT444XZPI.jpg?auth=1674ff05e33872db06a644acfa2f105bcb5bbb7daf9455dee85b36e1f63f3e7f&amp;width=1200 1200w\\" imagesizes=\\"(min-width:1199px) 661px, (min-width:1001px) 54vw, (min-width:768px) 715px, 100vw\\"><script async=\\"\\" src=\\"https://c.amazon-adsystem.com/aax2/apstag.js\\"></script><link rel=\\"dns-prefetch\\"><link rel=\\"preconnect\\"><script async=\\"\\" src=\\"https://sb.scorecardresearch.com/cs/8671776/beacon.js\\"></script><script src=\\"https://sdk.mrf.io/statics/marfeel-sdk.es5.js?id=2223\\" async=\\"\\" type=\\"text/javascript\\" nomodule=\\"\\"></script><script src=\\"https://sdk.mrf.io/statics/marfeel-sdk.js?id=2223\\" type=\\"module\\"></script><script id=\\"gfkS2s\\" async=\\"\\" type=\\"text/javascript\\" src=\\"https://ES-config.sensic.net/s2s-web.js\\"></script><script id=\\"spcloader\\" type=\\"text/javascript\\" async=\\"\\" src=\\"https://sdk.privacy-center.org/8ba38674-edba-484d-8053-435051d79f72/loader.js?target=epconsentwalnoneu.com\\" charset=\\"utf-8\\"></script><script async=\\"\\" src=\\"https://news.google.com/swg/js/v1/swg-gaa.js\\"></script><script async=\\"\\" subscriptions-control=\\"manual\\" src=\\"https://news.google.com/swg/js/v1/swg.js\\"></script><script id=\\"dsq-count-scr\\" src=\\"https://el-pais-1.disqus.com/count.js\\" async=\\"\\"></script><script src=\\"https://accounts.google.com/gsi/client\\" async=\\"\\" defer=\\"\\"></script><link rel=\\"preconnect\\" href=\\"//static.elpais.com\\"><link rel=\\"preconnect\\" href=\\"//assets.adobedtm.com\\"><link rel=\\"preconnect\\" href=\\"//sdk.privacy-center.org\\"><link rel=\\"preload\\" href=\\"https://imagenes.elpais.com/resizer/v2/RVARX53BAFGGBGXKCBT444XZPI.jpg?auth=1674ff05e33872db06a644acfa2f105bcb5bbb7daf9455dee85b36e1f63f3e7f&amp;width=414\\" imagesrcset=\\"https://imagenes.elpais.com/resizer/v2/RVARX53BAFGGBGXKCBT444XZPI.jpg?auth=1674ff05e33872db06a644acfa2f105bcb5bbb7daf9455dee85b36e1f63f3e7f&amp;width=414 414w,https://imagenes.elpais.com/resizer/v2/RVARX53BAFGGBGXKCBT444XZPI.jpg?auth=1674ff05e33872db06a644acfa2f105bcb5bbb7daf9455dee85b36e1f63f3e7f&amp;width=640 640w,https://imagenes.elpais.com/resizer/v2/RVARX53BAFGGBGXKCBT444XZPI.jpg?auth=1674ff05e33872db06a644acfa2f105bcb5bbb7daf9455dee85b36e1f63f3e7f&amp;width=1000 1000w,https://imagenes.elpais.com/resizer/v2/RVARX53BAFGGBGXKCBT444XZPI.jpg?auth=1674ff05e33872db06a644acfa2f105bcb5bbb7daf9455dee85b36e1f63f3e7f&amp;width=1200 1200w\\" imagesizes=\\"(min-width:1199px) 661px, (min-width:1001px) 54vw, (min-width:768px) 715px, 100vw\\" as=\\"image\\" fetchpriority=\\"high\\"><link rel=\\"preload\\" href=\\"https://static.elpais.com/dist/resources/fonts/majrit/majrit-text/Majrit-Text-Roman.woff2\\" as=\\"font\\" type=\\"font/woff2\\" crossorigin=\\"\\"><link rel=\\"preload\\" href=\\"https://static.elpais.com/dist/resources/fonts/majrit/majrit-text/Majrit-Text-Black-Italic.woff2\\" as=\\"font\\" type=\\"font/woff2\\" crossorigin=\\"\\"><title>La lenta gestación de la extrema derecha | Opinión | EL PAÍS</title><meta name=\\"date\\" scheme=\\"W3CDTF\\" content=\\"2026-02-24T05:30:01+01:00\\"><meta name=\\"lang\\" content=\\"es\\"><meta name=\\"author\\" content=\\"Ignacio Sánchez-Cuenca\\"><meta name=\\"robots\\" content=\\"index,follow,max-image-preview:large\\"><meta name=\\"description\\" content=\\"El ascenso de Vox se explica mejor por el resurgir del nacionalismo español más rancio que por razones económicas\\"><meta name=\\"organization\\" content=\\"Ediciones EL PAÍS S.L.\\"><meta property=\\"article:publisher\\" content=\\"https://www.facebook.com/elpais\\"><meta property=\\"article:published_time\\" content=\\"2026-02-24T05:30:01+01:00\\"><meta property=\\"article:modified_time\\" content=\\"2026-02-24T05:30:01+01:00\\"><meta property=\\"og:title\\" content=\\"La lenta gestación de la extrema derecha\\"><meta property=\\"og:description\\" content=\\"El ascenso de Vox se explica mejor por el resurgir del nacionalismo español más rancio que por razones económicas\\"><meta property=\\"og:updated_time\\" content=\\"2026-02-24T05:30:01+01:00\\"><meta property=\\"og:image\\" content=\\"https://imagenes.elpais.com/resizer/v2/P6A4ZTH4Y5BW5HQL4K5VPS6P6U.jpg?auth=58ff4afe29595ecace66833f06dc0477090261a74769039e175d89cac5f36153&amp;width=1200\\"><meta property=\\"og:image:width\\" content=\\"1200\\"><meta property=\\"og:image:height\\" content=\\"675\\"><meta property=\\"og:url\\" content=\\"https://elpais.com/opinion/2026-02-24/la-lenta-gestacion-de-la-extrema-derecha.html\\"><meta property=\\"og:type\\" content=\\"article\\"><meta property=\\"og:site_name\\" content=\\"El País\\"><meta property=\\"fb:app_id\\" content=\\"94039431626\\"><meta property=\\"twitter:card\\" content=\\"summary_large_image\\"><meta property=\\"twitter:site\\" content=\\"@el_pais\\"><link rel=\\"canonical\\" href=\\"https://elpais.com/opinion/2026-02-24/la-lenta-gestacion-de-la-extrema-derecha.html\\"><link rel=\\"amphtml\\" href=\\"https://elpais.com/opinion/2026-02-24/la-lenta-gestacion-de-la-extrema-derecha.html?outputType=amp\\"><meta property=\\"article:section\\" content=\\"Opinión\\"><meta property=\\"article:tag\\" content=\\"Opinión\\"><meta property=\\"article:tag\\" content=\\"España\\"><meta property=\\"article:tag\\" content=\\"Política\\"><meta property=\\"article:tag\\" content=\\"Partidos políticos\\"><meta property=\\"article:tag\\" content=\\"Vox\\"><meta property=\\"article:tag\\" content=\\"Extrema derecha\\"><meta property=\\"article:tag\\" content=\\"Ultraderecha\\"><meta property=\\"article:tag\\" content=\\"Partidos ultraderecha\\"><meta property=\\"article:tag\\" content=\\"Santiago Abascal\\"><meta property=\\"article:tag\\" content=\\"Democracia\\"><meta property=\\"article:tag\\" content=\\"Nacionalismo\\"><meta property=\\"article:tag\\" content=\\"Partidos conservadores\\"><meta property=\\"article:tag\\" content=\\"Independentismo\\"><meta property=\\"article:tag\\" content=\\"Franquismo\\"><meta property=\\"article:tag\\" content=\\"Dictadura\\"><meta property=\\"article:tag\\" content=\\"Revisionismo histórico\\"><meta property=\\"article:tag\\" content=\\"Revisionismo Conquista América\\"><meta property=\\"article:tag\\" content=\\"Economía\\"><meta property=\\"article:tag\\" content=\\"Jóvenes\\"><meta property=\\"article:tag\\" content=\\"Tasa paro\\"><meta property=\\"article:tag\\" content=\\"Vivienda\\"><meta property=\\"article:tag\\" content=\\"Precio vivienda\\"><meta property=\\"twitter:title\\" content=\\"La lenta gestación de la extrema derecha | Tribuna\\"><meta property=\\"og:article:publisher\\" content=\\"EL PAÍS\\"><meta property=\\"og:article:author\\" content=\\"Ignacio Sánchez-Cuenca\\"><meta name=\\"DC.date.issued\\" content=\\"2026-02-24T05:30:01+01:00\\"><meta property=\\"mrf:tags\\" content=\\"brandedContent:false;\\"><meta property=\\"fb:pages\\" content=\\"8585811569\\"><meta property=\\"news_keywords\\" content=\\"Opinión, España, Política, Partidos políticos, Vox, Extrema derecha, Ultraderecha, Partidos ultraderecha, Santiago Abascal, Democracia, Nacionalismo, Partidos conservadores, Independentismo, Franquismo, Dictadura, Revisionismo histórico, Revisionismo Conquista América, Economía, Jóvenes, Tasa paro, Vivienda, Precio vivienda\\"><link rel=\\"alternate\\" href=\\"https://feeds.elpais.com/mrss-s/pages/ep/site/elpais.com/section/opinion/portada\\" type=\\"application/rss+xml\\" title=\\"RSS sobre Opinión\\"><link rel=\\"manifest\\" href=\\"/pf/resources/manifests/site.webmanifest?d=2381\\"><link rel=\\"icon\\" href=\\"https://static.elpais.com/dist/resources/images/favicon.ico\\" type=\\"image/x-icon\\"><link rel=\\"icon\\" href=\\"https://static.elpais.com/dist/resources/images/favicon_96.png\\" type=\\"image/png\\" sizes=\\"96x96\\"><link rel=\\"apple-touch-icon\\" sizes=\\"180x180\\" href=\\"https://static.elpais.com/dist/resources/images/apple-touch-icon.png\\"><script type=\\"application/javascript\\">window.ENP = {\\"globalContent\\":{\\"_id\\":\\"3ZU22G2RHFDGPN2B4U6P63ICPY\\",\\"website\\":\\"el-pais\\",\\"alertEnabled\\":true,\\"lotteryButtonEnabled\\":false,\\"chatbotDisabled\\":true,\\"subscribeLinkByIP\\":\\"https://elpais.com/suscripciones/america/#/campaign\\",\\"subscribeLink\\":\\"https://elpais.com/suscripciones/#/campaign\\",\\"subscribePremiumLink\\":{\\"default\\":\\"https://elpais.com/suscripciones/premium/upgrade/\\",\\"CA\\":\\"https://elpais.com/suscripciones/digital/premium/upgrade/eucan/\\",\\"US\\":\\"https://elpais.com/suscripciones/digital/premium/upgrade/eucan/\\"},\\"usunLoginUrl\\":\\"https://services.users.elpais.com/serviceLogin.html\\",\\"baseUrlApiGateway\\":\\"https://wdnf3ec6zb.execute-api.eu-west-1.amazonaws.com/PRO/api/\\",\\"serviceProductUrl\\":\\"https://services.users.elpais.com/serviceProduct.html\\",\\"newsGoogleScript\\":\\"https://news.google.com/swg/js/v1/swg.js\\",\\"secretPasswordServiceProduct\\":\\"&_&que_es_mi_barco$_$\\",\\"favoritesURL\\":\\"https://static.elpais.com/dist/resources/js/334f83a783d9964bffcb2080a770b0c8/ENP-favorites.js\\",\\"apiOrigin\\":\\"https://publicapi.elpais.com\\",\\"publicApi\\":\\"https://publicapi.elpais.com\\",\\"entitlements\\":{\\"basic\\":[2895115629259653],\\"premium\\":[2810938707754442]},\\"omitAds\\":false,\\"isArticle\\":true,\\"isPageWithLiveBlog\\":false,\\"isPageWithLes\\":false,\\"isScoreboardLive\\":false,\\"hasSportLive\\":false,\\"source_system\\":\\"composer\\",\\"canonicalUrl\\":\\"/opinion/2026-02-24/la-lenta-gestacion-de-la-extrema-derecha.html\\",\\"alertsOption\\":{\\"enableAlert\\":true},\\"comments\\":{\\"display_comments\\":true},\\"sites\\":{\\"el-pais\\":{\\"socialLinks\\":{\\"facebook\\":\\"https://es-es.facebook.com/elpais/\\",\\"twitter\\":\\"'... 578798 more characters,
      level: 'DEBUG',
      test_run_uuid: '288266c0-cfec-4e91-8be5-ecf81df1c4d2'
    }
  ]
} to 28529:0
2026-02-24T21:19:39.055Z CLI info [testhub:request-queue-handler]  [vedantvankar_WD2nZN]  [srujyhua7le0kbwv6qz2yzcqpznuptkb92dxcer1]  [5be2e400-7dbb-417d-b612-44702b0f7e80]  Added the event {
  event_type: 'LogCreated',
  logs: [
    {
      testFrameworkName: 'pytest',
      testFrameworkVersion: '9.0.2',
      testFrameworkState: 'INIT_TEST',
      timestamp: '2026-02-24T21:19:17.315Z',
      uuid: '288266c0-cfec-4e91-8be5-ecf81df1c4d2',
      kind: 'TEST_LOG',
      message: 'Finished Request',
      level: 'DEBUG',
      test_run_uuid: '288266c0-cfec-4e91-8be5-ecf81df1c4d2'
    }
  ]
} to 28529:0
2026-02-24T21:19:39.056Z CLI info [testhub:request-queue-handler]  [vedantvankar_WD2nZN]  [srujyhua7le0kbwv6qz2yzcqpznuptkb92dxcer1]  [5be2e400-7dbb-417d-b612-44702b0f7e80]  Added the event {
  event_type: 'LogCreated',
  logs: [
    {
      testFrameworkName: 'pytest',
      testFrameworkVersion: '9.0.2',
      testFrameworkState: 'INIT_TEST',
      timestamp: '2026-02-24T21:19:17.360Z',
      uuid: '288266c0-cfec-4e91-8be5-ecf81df1c4d2',
      kind: 'TEST_LOG',
      message: 'Starting new HTTPS connection (1): imagenes.elpais.com:443',
      level: 'DEBUG',
      test_run_uuid: '288266c0-cfec-4e91-8be5-ecf81df1c4d2'
    }
  ]
} to 28529:0
2026-02-24T21:19:39.056Z CLI info [testhub:request-queue-handler]  [vedantvankar_WD2nZN]  [srujyhua7le0kbwv6qz2yzcqpznuptkb92dxcer1]  [5be2e400-7dbb-417d-b612-44702b0f7e80]  Added the event {
  event_type: 'LogCreated',
  logs: [
    {
      testFrameworkName: 'pytest',
      testFrameworkVersion: '9.0.2',
      testFrameworkState: 'INIT_TEST',
      timestamp: '2026-02-24T21:19:17.665Z',
      uuid: '288266c0-cfec-4e91-8be5-ecf81df1c4d2',
      kind: 'TEST_LOG',
      message: 'https://imagenes.elpais.com:443 "GET /resizer/v2/P6A4ZTH4Y5BW5HQL4K5VPS6P6U.jpg?auth=58ff4afe29595ecace66833f06dc0477090261a74769039e175d89cac5f36153&width=1200 HTTP/1.1" 200 54483',
      level: 'DEBUG',
      test_run_uuid: '288266c0-cfec-4e91-8be5-ecf81df1c4d2'
    }
  ]
} to 28529:0
2026-02-24T21:19:39.056Z CLI info [testhub:request-queue-handler]  [vedantvankar_WD2nZN]  [srujyhua7le0kbwv6qz2yzcqpznuptkb92dxcer1]  [5be2e400-7dbb-417d-b612-44702b0f7e80]  Added the event {
  event_type: 'LogCreated',
  logs: [
    {
      testFrameworkName: 'pytest',
      testFrameworkVersion: '9.0.2',
      testFrameworkState: 'INIT_TEST',
      timestamp: '2026-02-24T21:19:17.695Z',
      uuid: '288266c0-cfec-4e91-8be5-ecf81df1c4d2',
      kind: 'TEST_LOG',
      message: "POST https://hub-aps.browserstack.com/wd/hub/session/24028a9178e831ed0f4949f82837edb2c3427837/url {'url': 'https://elpais.com/opinion/2026-02-24/la-conga-de-los-pocholos.html'}",
      level: 'DEBUG',
      test_run_uuid: '288266c0-cfec-4e91-8be5-ecf81df1c4d2'
    }
  ]
} to 28529:0
2026-02-24T21:19:39.056Z CLI info [testhub:request-queue-handler]  [vedantvankar_WD2nZN]  [srujyhua7le0kbwv6qz2yzcqpznuptkb92dxcer1]  [5be2e400-7dbb-417d-b612-44702b0f7e80]  Added the event {
  event_type: 'LogCreated',
  logs: [
    {
      testFrameworkName: 'pytest',
      testFrameworkVersion: '9.0.2',
      testFrameworkState: 'INIT_TEST',
      timestamp: '2026-02-24T21:19:18.539Z',
      uuid: '288266c0-cfec-4e91-8be5-ecf81df1c4d2',
      kind: 'TEST_LOG',
      message: 'https://hub-aps.browserstack.com:443 "POST /wd/hub/session/24028a9178e831ed0f4949f82837edb2c3427837/url HTTP/1.1" 200 0',
      level: 'DEBUG',
      test_run_uuid: '288266c0-cfec-4e91-8be5-ecf81df1c4d2'
    }
  ]
} to 28529:0
2026-02-24T21:19:39.056Z CLI info [testhub:request-queue-handler]  [vedantvankar_WD2nZN]  [srujyhua7le0kbwv6qz2yzcqpznuptkb92dxcer1]  [5be2e400-7dbb-417d-b612-44702b0f7e80]  Added the event {
  event_type: 'LogCreated',
  logs: [
    {
      testFrameworkName: 'pytest',
      testFrameworkVersion: '9.0.2',
      testFrameworkState: 'INIT_TEST',
      timestamp: '2026-02-24T21:19:18.540Z',
      uuid: '288266c0-cfec-4e91-8be5-ecf81df1c4d2',
      kind: 'TEST_LOG',
      message: `Remote response: status=200 | data={"value":null} | headers=HTTPHeaderDict({'Server': 'nginx', 'Date': 'Tue, 24 Feb 2026 21:19:18 GMT', 'Content-Type': 'application/json;charset=utf-8', 'Content-Length': '14', 'Connection': 'keep-alive', 'Source-From': '02', 'expires': 'Thu, 01 Jan 1970 00:00:00 GMT', 'cache-control': 'no-cache, no-cache'})`,
      level: 'DEBUG',
      test_run_uuid: '288266c0-cfec-4e91-8be5-ecf81df1c4d2'
    }
  ]
} to 28529:0
2026-02-24T21:19:39.056Z CLI info [testhub:request-queue-handler]  [vedantvankar_WD2nZN]  [srujyhua7le0kbwv6qz2yzcqpznuptkb92dxcer1]  [5be2e400-7dbb-417d-b612-44702b0f7e80]  Added the event {
  event_type: 'LogCreated',
  logs: [
    {
      testFrameworkName: 'pytest',
      testFrameworkVersion: '9.0.2',
      testFrameworkState: 'INIT_TEST',
      timestamp: '2026-02-24T21:19:18.540Z',
      uuid: '288266c0-cfec-4e91-8be5-ecf81df1c4d2',
      kind: 'TEST_LOG',
      message: 'Finished Request',
      level: 'DEBUG',
      test_run_uuid: '288266c0-cfec-4e91-8be5-ecf81df1c4d2'
    }
  ]
} to 28529:0
2026-02-24T21:19:39.057Z CLI info [testhub:request-queue-handler]  [vedantvankar_WD2nZN]  [srujyhua7le0kbwv6qz2yzcqpznuptkb92dxcer1]  [5be2e400-7dbb-417d-b612-44702b0f7e80]  Added the event {
  event_type: 'LogCreated',
  logs: [
    {
      testFrameworkName: 'pytest',
      testFrameworkVersion: '9.0.2',
      testFrameworkState: 'INIT_TEST',
      timestamp: '2026-02-24T21:19:22.543Z',
      uuid: '288266c0-cfec-4e91-8be5-ecf81df1c4d2',
      kind: 'TEST_LOG',
      message: 'GET https://hub-aps.browserstack.com/wd/hub/session/24028a9178e831ed0f4949f82837edb2c3427837/source {}',
      level: 'DEBUG',
      test_run_uuid: '288266c0-cfec-4e91-8be5-ecf81df1c4d2'
    }
  ]
} to 28529:0
2026-02-24T21:19:39.057Z CLI info [testhub:request-queue-handler]  [vedantvankar_WD2nZN]  [srujyhua7le0kbwv6qz2yzcqpznuptkb92dxcer1]  [5be2e400-7dbb-417d-b612-44702b0f7e80]  Added the event {
  event_type: 'LogCreated',
  logs: [
    {
      testFrameworkName: 'pytest',
      testFrameworkVersion: '9.0.2',
      testFrameworkState: 'INIT_TEST',
      timestamp: '2026-02-24T21:19:23.052Z',
      uuid: '288266c0-cfec-4e91-8be5-ecf81df1c4d2',
      kind: 'TEST_LOG',
      message: 'https://hub-aps.browserstack.com:443 "GET /wd/hub/session/24028a9178e831ed0f4949f82837edb2c3427837/source HTTP/1.1" 200 0',
      level: 'DEBUG',
      test_run_uuid: '288266c0-cfec-4e91-8be5-ecf81df1c4d2'
    }
  ]
} to 28529:0
2026-02-24T21:19:39.057Z CLI info [testhub:request-queue-handler]  [vedantvankar_WD2nZN]  [srujyhua7le0kbwv6qz2yzcqpznuptkb92dxcer1]  [5be2e400-7dbb-417d-b612-44702b0f7e80]  Added the event {
  event_type: 'LogCreated',
  logs: [
    {
      testFrameworkName: 'pytest',
      testFrameworkVersion: '9.0.2',
      testFrameworkState: 'INIT_TEST',
      timestamp: '2026-02-24T21:19:23.054Z',
      uuid: '288266c0-cfec-4e91-8be5-ecf81df1c4d2',
      kind: 'TEST_LOG',
      message: 'Remote response: status=200 | data={"value":"<html lang=\\"es\\"><head><meta charset=\\"UTF-8\\"><meta name=\\"viewport\\" content=\\"width=device-width, initial-scale=1.0\\"><link rel=\\"preload\\" as=\\"image\\" imagesrcset=\\"https://imagenes.elpais.com/resizer/v2/U2FPW5IHSY5HUAYQGX5RXUAKQA.jpg?auth=a8563a915a055768778bab7dcce2b873f771cc5d7383df49ddb5ba9162f8dcd8&amp;width=414 414w,https://imagenes.elpais.com/resizer/v2/U2FPW5IHSY5HUAYQGX5RXUAKQA.jpg?auth=a8563a915a055768778bab7dcce2b873f771cc5d7383df49ddb5ba9162f8dcd8&amp;width=640 640w,https://imagenes.elpais.com/resizer/v2/U2FPW5IHSY5HUAYQGX5RXUAKQA.jpg?auth=a8563a915a055768778bab7dcce2b873f771cc5d7383df49ddb5ba9162f8dcd8&amp;width=1000 1000w,https://imagenes.elpais.com/resizer/v2/U2FPW5IHSY5HUAYQGX5RXUAKQA.jpg?auth=a8563a915a055768778bab7dcce2b873f771cc5d7383df49ddb5ba9162f8dcd8&amp;width=1200 1200w\\" imagesizes=\\"(min-width:1199px) 661px, (min-width:1001px) 54vw, (min-width:768px) 715px, 100vw\\"><script async=\\"\\" src=\\"https://c.amazon-adsystem.com/aax2/apstag.js\\"></script><link rel=\\"dns-prefetch\\"><link rel=\\"preconnect\\"><script async=\\"\\" src=\\"https://sb.scorecardresearch.com/cs/8671776/beacon.js\\"></script><script src=\\"https://sdk.mrf.io/statics/marfeel-sdk.es5.js?id=2223\\" async=\\"\\" type=\\"text/javascript\\" nomodule=\\"\\"></script><script src=\\"https://sdk.mrf.io/statics/marfeel-sdk.js?id=2223\\" type=\\"module\\"></script><script id=\\"gfkS2s\\" async=\\"\\" type=\\"text/javascript\\" src=\\"https://ES-config.sensic.net/s2s-web.js\\"></script><script id=\\"spcloader\\" type=\\"text/javascript\\" async=\\"\\" src=\\"https://sdk.privacy-center.org/8ba38674-edba-484d-8053-435051d79f72/loader.js?target=epconsentwalnoneu.com\\" charset=\\"utf-8\\"></script><script async=\\"\\" src=\\"https://news.google.com/swg/js/v1/swg-gaa.js\\"></script><script async=\\"\\" subscriptions-control=\\"manual\\" src=\\"https://news.google.com/swg/js/v1/swg.js\\"></script><script id=\\"dsq-count-scr\\" src=\\"https://el-pais-1.disqus.com/count.js\\" async=\\"\\"></script><script src=\\"https://accounts.google.com/gsi/client\\" async=\\"\\" defer=\\"\\"></script><link rel=\\"preconnect\\" href=\\"//static.elpais.com\\"><link rel=\\"preconnect\\" href=\\"//assets.adobedtm.com\\"><link rel=\\"preconnect\\" href=\\"//sdk.privacy-center.org\\"><link rel=\\"preload\\" href=\\"https://imagenes.elpais.com/resizer/v2/U2FPW5IHSY5HUAYQGX5RXUAKQA.jpg?auth=a8563a915a055768778bab7dcce2b873f771cc5d7383df49ddb5ba9162f8dcd8&amp;width=414\\" imagesrcset=\\"https://imagenes.elpais.com/resizer/v2/U2FPW5IHSY5HUAYQGX5RXUAKQA.jpg?auth=a8563a915a055768778bab7dcce2b873f771cc5d7383df49ddb5ba9162f8dcd8&amp;width=414 414w,https://imagenes.elpais.com/resizer/v2/U2FPW5IHSY5HUAYQGX5RXUAKQA.jpg?auth=a8563a915a055768778bab7dcce2b873f771cc5d7383df49ddb5ba9162f8dcd8&amp;width=640 640w,https://imagenes.elpais.com/resizer/v2/U2FPW5IHSY5HUAYQGX5RXUAKQA.jpg?auth=a8563a915a055768778bab7dcce2b873f771cc5d7383df49ddb5ba9162f8dcd8&amp;width=1000 1000w,https://imagenes.elpais.com/resizer/v2/U2FPW5IHSY5HUAYQGX5RXUAKQA.jpg?auth=a8563a915a055768778bab7dcce2b873f771cc5d7383df49ddb5ba9162f8dcd8&amp;width=1200 1200w\\" imagesizes=\\"(min-width:1199px) 661px, (min-width:1001px) 54vw, (min-width:768px) 715px, 100vw\\" as=\\"image\\" fetchpriority=\\"high\\"><link rel=\\"preload\\" href=\\"https://static.elpais.com/dist/resources/fonts/majrit/majrit-text/Majrit-Text-Roman.woff2\\" as=\\"font\\" type=\\"font/woff2\\" crossorigin=\\"\\"><link rel=\\"preload\\" href=\\"https://static.elpais.com/dist/resources/fonts/majrit/majrit-text/Majrit-Text-Black-Italic.woff2\\" as=\\"font\\" type=\\"font/woff2\\" crossorigin=\\"\\"><title>La conga de los pocholos | Opinión | EL PAÍS</title><meta name=\\"date\\" scheme=\\"W3CDTF\\" content=\\"2026-02-24T05:30:01+01:00\\"><meta name=\\"lang\\" content=\\"es\\"><meta name=\\"author\\" content=\\"Raquel Peláez\\"><meta name=\\"robots\\" content=\\"index,follow,max-image-preview:large\\"><meta name=\\"description\\" content=\\"La clave para ganar en cualquier carrera institucional es no soltarse en ningún momento\\"><meta name=\\"organization\\" content=\\"Ediciones EL PAÍS S.L.\\"><meta property=\\"article:publisher\\" content=\\"https://www.facebook.com/elpais\\"><meta property=\\"article:published_time\\" content=\\"2026-02-24T05:30:01+01:00\\"><meta property=\\"article:modified_time\\" content=\\"2026-02-24T05:30:01+01:00\\"><meta property=\\"og:title\\" content=\\"La conga de los pocholos\\"><meta property=\\"og:description\\" content=\\"La clave para ganar en cualquier carrera institucional es no soltarse en ningún momento\\"><meta property=\\"og:updated_time\\" content=\\"2026-02-24T05:30:01+01:00\\"><meta property=\\"og:image\\" content=\\"https://imagenes.elpais.com/resizer/v2/U2FPW5IHSY5HUAYQGX5RXUAKQA.jpg?auth=a8563a915a055768778bab7dcce2b873f771cc5d7383df49ddb5ba9162f8dcd8&amp;width=1200\\"><meta property=\\"og:image:width\\" content=\\"1200\\"><meta property=\\"og:image:height\\" content=\\"751\\"><meta property=\\"og:url\\" content=\\"https://elpais.com/opinion/2026-02-24/la-conga-de-los-pocholos.html\\"><meta property=\\"og:type\\" content=\\"article\\"><meta property=\\"og:site_name\\" content=\\"El País\\"><meta property=\\"fb:app_id\\" content=\\"94039431626\\"><meta property=\\"twitter:card\\" content=\\"summary_large_image\\"><meta property=\\"twitter:site\\" content=\\"@el_pais\\"><link rel=\\"canonical\\" href=\\"https://elpais.com/opinion/2026-02-24/la-conga-de-los-pocholos.html\\"><link rel=\\"amphtml\\" href=\\"https://elpais.com/opinion/2026-02-24/la-conga-de-los-pocholos.html?outputType=amp\\"><meta property=\\"article:section\\" content=\\"Opinión\\"><meta property=\\"article:tag\\" content=\\"Opinión\\"><meta property=\\"article:tag\\" content=\\"España\\"><meta property=\\"article:tag\\" content=\\"Política\\"><meta property=\\"article:tag\\" content=\\"Partidos políticos\\"><meta property=\\"article:tag\\" content=\\"Políticos\\"><meta property=\\"article:tag\\" content=\\"PP\\"><meta property=\\"article:tag\\" content=\\"PP Madrid\\"><meta property=\\"article:tag\\" content=\\"Comunidad de Madrid\\"><meta property=\\"article:tag\\" content=\\"Isabel Díaz Ayuso\\"><meta property=\\"article:tag\\" content=\\"Cristina Cifuentes\\"><meta property=\\"article:tag\\" content=\\"Esperanza Aguirre\\"><meta property=\\"article:tag\\" content=\\"Isabel Carrasco\\"><meta property=\\"article:tag\\" content=\\"Caso Carrasco\\"><meta property=\\"twitter:title\\" content=\\"La conga de los pocholos | Columna\\"><meta property=\\"og:article:publisher\\" content=\\"EL PAÍS\\"><meta property=\\"og:article:author\\" content=\\"Raquel Peláez\\"><meta name=\\"DC.date.issued\\" content=\\"2026-02-24T05:30:01+01:00\\"><meta property=\\"mrf:tags\\" content=\\"brandedContent:false;\\"><meta property=\\"fb:pages\\" content=\\"8585811569\\"><meta property=\\"news_keywords\\" content=\\"Opinión, España, Política, Partidos políticos, Políticos, PP, PP Madrid, Comunidad de Madrid, Isabel Díaz Ayuso, Cristina Cifuentes, Esperanza Aguirre, Isabel Carrasco, Caso Carrasco\\"><link rel=\\"alternate\\" href=\\"https://feeds.elpais.com/mrss-s/pages/ep/site/elpais.com/section/opinion/portada\\" type=\\"application/rss+xml\\" title=\\"RSS sobre Opinión\\"><link rel=\\"manifest\\" href=\\"/pf/resources/manifests/site.webmanifest?d=2381\\"><link rel=\\"icon\\" href=\\"https://static.elpais.com/dist/resources/images/favicon.ico\\" type=\\"image/x-icon\\"><link rel=\\"icon\\" href=\\"https://static.elpais.com/dist/resources/images/favicon_96.png\\" type=\\"image/png\\" sizes=\\"96x96\\"><link rel=\\"apple-touch-icon\\" sizes=\\"180x180\\" href=\\"https://static.elpais.com/dist/resources/images/apple-touch-icon.png\\"><script type=\\"application/javascript\\">window.ENP = {\\"globalContent\\":{\\"_id\\":\\"LEO72N5225ACDDGI3FQLOYBCPA\\",\\"website\\":\\"el-pais\\",\\"alertEnabled\\":true,\\"lotteryButtonEnabled\\":false,\\"chatbotDisabled\\":true,\\"subscribeLinkByIP\\":\\"https://elpais.com/suscripciones/america/#/campaign\\",\\"subscribeLink\\":\\"https://elpais.com/suscripciones/#/campaign\\",\\"subscribePremiumLink\\":{\\"default\\":\\"https://elpais.com/suscripciones/premium/upgrade/\\",\\"CA\\":\\"https://elpais.com/suscripciones/digital/premium/upgrade/eucan/\\",\\"US\\":\\"https://elpais.com/suscripciones/digital/premium/upgrade/eucan/\\"},\\"usunLoginUrl\\":\\"https://services.users.elpais.com/serviceLogin.html\\",\\"baseUrlApiGateway\\":\\"https://wdnf3ec6zb.execute-api.eu-west-1.amazonaws.com/PRO/api/\\",\\"serviceProductUrl\\":\\"https://services.users.elpais.com/serviceProduct.html\\",\\"newsGoogleScript\\":\\"https://news.google.com/swg/js/v1/swg.js\\",\\"secretPasswordServiceProduct\\":\\"&_&que_es_mi_barco$_$\\",\\"favoritesURL\\":\\"https://static.elpais.com/dist/resources/js/334f83a783d9964bffcb2080a770b0c8/ENP-favorites.js\\",\\"apiOrigin\\":\\"https://publicapi.elpais.com\\",\\"publicApi\\":\\"https://publicapi.elpais.com\\",\\"entitlements\\":{\\"basic\\":[2895115629259653],\\"premium\\":[2810938707754442]},\\"omitAds\\":false,\\"isArticle\\":true,\\"isPageWithLiveBlog\\":false,\\"isPageWithLes\\":false,\\"isScoreboardLive\\":false,\\"hasSportLive\\":false,\\"source_system\\":\\"composer\\",\\"canonicalUrl\\":\\"/opinion/2026-02-24/la-conga-de-los-pocholos.html\\",\\"alertsOption\\":{\\"enableAlert\\":true},\\"comments\\":{\\"display_comments\\":true},\\"sites\\":{\\"el-pais\\":{\\"socialLinks\\":{\\"facebook\\":\\"https://es-es.facebook.com/elpais/\\",\\"twitter\\":\\"https://twitter.com/el_pais\\",\\"youtube\\":\\"https://www.youtube.com/channel/UCnsvJeZO4RigQ898WdDNoBw\\",\\"wikipedia\\":\\"https://es.wikipedia.org/wiki/El_Pa%C3%ADs\\",\\"instagram\\":\\"https://www.instagram.com/el_pais/\\"},\\"twitterUsername\\":\\"el_pais\\",\\"siteLanguage\\":\\"es\\"},\\"el-pais-america\\":{\\"socialLinks\\":{\\"facebook\\":\\"https://www.facebook.com/elpaisamerica\\",\\"twitter\\":\\"https://twitter.com/elpais_america\\",\\"youtube\\":\\"https://www.youtube.com/user/elpaiscom\\",\\"wikipedia\\":\\"https://es.wikipedia.org/wiki/El_Pa%C3%ADs\\",\\"instagram\\":\\"https://www.instagram.com/elpaisamerica\\"},\\"twitterUsername\\":\\"elpais_america\\",\\"siteLanguage\\":\\"es\\"},\\"el-pais-mexico\\":{\\"socialLinks\\":{\\"facebook\\":\\"https://www.facebook.com/elpaismexico\\",\\"twitter\\":\\"https://twitter.com/elpaismexico\\",\\"youtube\\":\\"https://www.youtube.com/user/elp'... 549633 more characters,
      level: 'DEBUG',
      test_run_uuid: '288266c0-cfec-4e91-8be5-ecf81df1c4d2'
    }
  ]
} to 28529:0
2026-02-24T21:19:39.058Z CLI info [testhub:request-queue-handler]  [vedantvankar_WD2nZN]  [srujyhua7le0kbwv6qz2yzcqpznuptkb92dxcer1]  [5be2e400-7dbb-417d-b612-44702b0f7e80]  Added the event {
  event_type: 'LogCreated',
  logs: [
    {
      testFrameworkName: 'pytest',
      testFrameworkVersion: '9.0.2',
      testFrameworkState: 'INIT_TEST',
      timestamp: '2026-02-24T21:19:23.070Z',
      uuid: '288266c0-cfec-4e91-8be5-ecf81df1c4d2',
      kind: 'TEST_LOG',
      message: 'Finished Request',
      level: 'DEBUG',
      test_run_uuid: '288266c0-cfec-4e91-8be5-ecf81df1c4d2'
    }
  ]
} to 28529:0
2026-02-24T21:19:39.058Z CLI info [testhub:request-queue-handler]  [vedantvankar_WD2nZN]  [srujyhua7le0kbwv6qz2yzcqpznuptkb92dxcer1]  [5be2e400-7dbb-417d-b612-44702b0f7e80]  Added the event {
  event_type: 'LogCreated',
  logs: [
    {
      testFrameworkName: 'pytest',
      testFrameworkVersion: '9.0.2',
      testFrameworkState: 'INIT_TEST',
      timestamp: '2026-02-24T21:19:23.132Z',
      uuid: '288266c0-cfec-4e91-8be5-ecf81df1c4d2',
      kind: 'TEST_LOG',
      message: 'Starting new HTTPS connection (1): imagenes.elpais.com:443',
      level: 'DEBUG',
      test_run_uuid: '288266c0-cfec-4e91-8be5-ecf81df1c4d2'
    }
  ]
} to 28529:0
2026-02-24T21:19:39.058Z CLI info [testhub:request-queue-handler]  [vedantvankar_WD2nZN]  [srujyhua7le0kbwv6qz2yzcqpznuptkb92dxcer1]  [5be2e400-7dbb-417d-b612-44702b0f7e80]  Added the event {
  event_type: 'LogCreated',
  logs: [
    {
      testFrameworkName: 'pytest',
      testFrameworkVersion: '9.0.2',
      testFrameworkState: 'INIT_TEST',
      timestamp: '2026-02-24T21:19:23.461Z',
      uuid: '288266c0-cfec-4e91-8be5-ecf81df1c4d2',
      kind: 'TEST_LOG',
      message: 'https://imagenes.elpais.com:443 "GET /resizer/v2/U2FPW5IHSY5HUAYQGX5RXUAKQA.jpg?auth=a8563a915a055768778bab7dcce2b873f771cc5d7383df49ddb5ba9162f8dcd8&width=1200 HTTP/1.1" 200 91233',
      level: 'DEBUG',
      test_run_uuid: '288266c0-cfec-4e91-8be5-ecf81df1c4d2'
    }
  ]
} to 28529:0
2026-02-24T21:19:39.058Z CLI info [testhub:request-queue-handler]  [vedantvankar_WD2nZN]  [srujyhua7le0kbwv6qz2yzcqpznuptkb92dxcer1]  [5be2e400-7dbb-417d-b612-44702b0f7e80]  Added the event {
  event_type: 'LogCreated',
  logs: [
    {
      testFrameworkName: 'pytest',
      testFrameworkVersion: '9.0.2',
      testFrameworkState: 'INIT_TEST',
      timestamp: '2026-02-24T21:19:23.556Z',
      uuid: '288266c0-cfec-4e91-8be5-ecf81df1c4d2',
      kind: 'TEST_LOG',
      message: "POST https://hub-aps.browserstack.com/wd/hub/session/24028a9178e831ed0f4949f82837edb2c3427837/url {'url': 'https://elpais.com/opinion/2026-02-24/riki-blanco-prohibido.html'}",
      level: 'DEBUG',
      test_run_uuid: '288266c0-cfec-4e91-8be5-ecf81df1c4d2'
    }
  ]
} to 28529:0
2026-02-24T21:19:39.058Z CLI info [testhub:request-queue-handler]  [vedantvankar_WD2nZN]  [srujyhua7le0kbwv6qz2yzcqpznuptkb92dxcer1]  [5be2e400-7dbb-417d-b612-44702b0f7e80]  Added the event {
  event_type: 'LogCreated',
  logs: [
    {
      testFrameworkName: 'pytest',
      testFrameworkVersion: '9.0.2',
      testFrameworkState: 'INIT_TEST',
      timestamp: '2026-02-24T21:19:24.358Z',
      uuid: '288266c0-cfec-4e91-8be5-ecf81df1c4d2',
      kind: 'TEST_LOG',
      message: 'https://hub-aps.browserstack.com:443 "POST /wd/hub/session/24028a9178e831ed0f4949f82837edb2c3427837/url HTTP/1.1" 200 0',
      level: 'DEBUG',
      test_run_uuid: '288266c0-cfec-4e91-8be5-ecf81df1c4d2'
    }
  ]
} to 28529:0
2026-02-24T21:19:39.058Z CLI info [testhub:request-queue-handler]  [vedantvankar_WD2nZN]  [srujyhua7le0kbwv6qz2yzcqpznuptkb92dxcer1]  [5be2e400-7dbb-417d-b612-44702b0f7e80]  Added the event {
  event_type: 'LogCreated',
  logs: [
    {
      testFrameworkName: 'pytest',
      testFrameworkVersion: '9.0.2',
      testFrameworkState: 'INIT_TEST',
      timestamp: '2026-02-24T21:19:24.358Z',
      uuid: '288266c0-cfec-4e91-8be5-ecf81df1c4d2',
      kind: 'TEST_LOG',
      message: `Remote response: status=200 | data={"value":null} | headers=HTTPHeaderDict({'Server': 'nginx', 'Date': 'Tue, 24 Feb 2026 21:19:24 GMT', 'Content-Type': 'application/json;charset=utf-8', 'Content-Length': '14', 'Connection': 'keep-alive', 'Source-From': '02', 'expires': 'Thu, 01 Jan 1970 00:00:00 GMT', 'cache-control': 'no-cache, no-cache'})`,
      level: 'DEBUG',
      test_run_uuid: '288266c0-cfec-4e91-8be5-ecf81df1c4d2'
    }
  ]
} to 28529:0
2026-02-24T21:19:39.058Z CLI info [testhub:request-queue-handler]  [vedantvankar_WD2nZN]  [srujyhua7le0kbwv6qz2yzcqpznuptkb92dxcer1]  [5be2e400-7dbb-417d-b612-44702b0f7e80]  Added the event {
  event_type: 'LogCreated',
  logs: [
    {
      testFrameworkName: 'pytest',
      testFrameworkVersion: '9.0.2',
      testFrameworkState: 'INIT_TEST',
      timestamp: '2026-02-24T21:19:24.359Z',
      uuid: '288266c0-cfec-4e91-8be5-ecf81df1c4d2',
      kind: 'TEST_LOG',
      message: 'Finished Request',
      level: 'DEBUG',
      test_run_uuid: '288266c0-cfec-4e91-8be5-ecf81df1c4d2'
    }
  ]
} to 28529:0
2026-02-24T21:19:39.059Z CLI info [testhub:request-queue-handler]  [vedantvankar_WD2nZN]  [srujyhua7le0kbwv6qz2yzcqpznuptkb92dxcer1]  [5be2e400-7dbb-417d-b612-44702b0f7e80]  Added the event {
  event_type: 'LogCreated',
  logs: [
    {
      testFrameworkName: 'pytest',
      testFrameworkVersion: '9.0.2',
      testFrameworkState: 'INIT_TEST',
      timestamp: '2026-02-24T21:19:28.361Z',
      uuid: '288266c0-cfec-4e91-8be5-ecf81df1c4d2',
      kind: 'TEST_LOG',
      message: 'GET https://hub-aps.browserstack.com/wd/hub/session/24028a9178e831ed0f4949f82837edb2c3427837/source {}',
      level: 'DEBUG',
      test_run_uuid: '288266c0-cfec-4e91-8be5-ecf81df1c4d2'
    }
  ]
} to 28529:0
2026-02-24T21:19:39.059Z CLI info [testhub:request-queue-handler]  [vedantvankar_WD2nZN]  [srujyhua7le0kbwv6qz2yzcqpznuptkb92dxcer1]  [5be2e400-7dbb-417d-b612-44702b0f7e80]  Added the event {
  event_type: 'LogCreated',
  logs: [
    {
      testFrameworkName: 'pytest',
      testFrameworkVersion: '9.0.2',
      testFrameworkState: 'INIT_TEST',
      timestamp: '2026-02-24T21:19:29.047Z',
      uuid: '288266c0-cfec-4e91-8be5-ecf81df1c4d2',
      kind: 'TEST_LOG',
      message: 'https://hub-aps.browserstack.com:443 "GET /wd/hub/session/24028a9178e831ed0f4949f82837edb2c3427837/source HTTP/1.1" 200 0',
      level: 'DEBUG',
      test_run_uuid: '288266c0-cfec-4e91-8be5-ecf81df1c4d2'
    }
  ]
} to 28529:0
2026-02-24T21:19:39.060Z CLI info [testhub:request-queue-handler]  [vedantvankar_WD2nZN]  [srujyhua7le0kbwv6qz2yzcqpznuptkb92dxcer1]  [5be2e400-7dbb-417d-b612-44702b0f7e80]  Added the event {
  event_type: 'LogCreated',
  logs: [
    {
      testFrameworkName: 'pytest',
      testFrameworkVersion: '9.0.2',
      testFrameworkState: 'INIT_TEST',
      timestamp: '2026-02-24T21:19:29.048Z',
      uuid: '288266c0-cfec-4e91-8be5-ecf81df1c4d2',
      kind: 'TEST_LOG',
      message: 'Remote response: status=200 | data={"value":"<html lang=\\"es\\"><head><meta charset=\\"UTF-8\\"><meta name=\\"viewport\\" content=\\"width=device-width, initial-scale=1.0\\"><link rel=\\"preload\\" as=\\"image\\" imagesrcset=\\"https://imagenes.elpais.com/resizer/v2/JLQ7MEGN6FCITJWOJMZG5ZVZYY.jpg?auth=5ce8d349f5435d611ee9d6d77f62bcca6d49606df71fdf6c658f46f05021020b&amp;width=414 414w,https://imagenes.elpais.com/resizer/v2/JLQ7MEGN6FCITJWOJMZG5ZVZYY.jpg?auth=5ce8d349f5435d611ee9d6d77f62bcca6d49606df71fdf6c658f46f05021020b&amp;width=640 640w,https://imagenes.elpais.com/resizer/v2/JLQ7MEGN6FCITJWOJMZG5ZVZYY.jpg?auth=5ce8d349f5435d611ee9d6d77f62bcca6d49606df71fdf6c658f46f05021020b&amp;width=1000 1000w,https://imagenes.elpais.com/resizer/v2/JLQ7MEGN6FCITJWOJMZG5ZVZYY.jpg?auth=5ce8d349f5435d611ee9d6d77f62bcca6d49606df71fdf6c658f46f05021020b&amp;width=1200 1200w\\" imagesizes=\\"(min-width:1199px) 661px, (min-width:1001px) 54vw, (min-width:768px) 715px, 100vw\\"><script async=\\"\\" src=\\"https://c.amazon-adsystem.com/aax2/apstag.js\\"></script><link rel=\\"dns-prefetch\\"><link rel=\\"preconnect\\"><script async=\\"\\" src=\\"https://sb.scorecardresearch.com/cs/8671776/beacon.js\\"></script><script src=\\"https://sdk.mrf.io/statics/marfeel-sdk.es5.js?id=2223\\" async=\\"\\" type=\\"text/javascript\\" nomodule=\\"\\"></script><script src=\\"https://sdk.mrf.io/statics/marfeel-sdk.js?id=2223\\" type=\\"module\\"></script><script id=\\"gfkS2s\\" async=\\"\\" type=\\"text/javascript\\" src=\\"https://ES-config.sensic.net/s2s-web.js\\"></script><script id=\\"spcloader\\" type=\\"text/javascript\\" async=\\"\\" src=\\"https://sdk.privacy-center.org/8ba38674-edba-484d-8053-435051d79f72/loader.js?target=epconsentwalnoneu.com\\" charset=\\"utf-8\\"></script><script async=\\"\\" src=\\"https://news.google.com/swg/js/v1/swg-gaa.js\\"></script><script async=\\"\\" subscriptions-control=\\"manual\\" src=\\"https://news.google.com/swg/js/v1/swg.js\\"></script><script id=\\"dsq-count-scr\\" src=\\"https://el-pais-1.disqus.com/count.js\\" async=\\"\\"></script><script src=\\"https://accounts.google.com/gsi/client\\" async=\\"\\" defer=\\"\\"></script><link rel=\\"preconnect\\" href=\\"//static.elpais.com\\"><link rel=\\"preconnect\\" href=\\"//assets.adobedtm.com\\"><link rel=\\"preconnect\\" href=\\"//sdk.privacy-center.org\\"><link rel=\\"preload\\" href=\\"https://imagenes.elpais.com/resizer/v2/JLQ7MEGN6FCITJWOJMZG5ZVZYY.jpg?auth=5ce8d349f5435d611ee9d6d77f62bcca6d49606df71fdf6c658f46f05021020b&amp;width=414\\" imagesrcset=\\"https://imagenes.elpais.com/resizer/v2/JLQ7MEGN6FCITJWOJMZG5ZVZYY.jpg?auth=5ce8d349f5435d611ee9d6d77f62bcca6d49606df71fdf6c658f46f05021020b&amp;width=414 414w,https://imagenes.elpais.com/resizer/v2/JLQ7MEGN6FCITJWOJMZG5ZVZYY.jpg?auth=5ce8d349f5435d611ee9d6d77f62bcca6d49606df71fdf6c658f46f05021020b&amp;width=640 640w,https://imagenes.elpais.com/resizer/v2/JLQ7MEGN6FCITJWOJMZG5ZVZYY.jpg?auth=5ce8d349f5435d611ee9d6d77f62bcca6d49606df71fdf6c658f46f05021020b&amp;width=1000 1000w,https://imagenes.elpais.com/resizer/v2/JLQ7MEGN6FCITJWOJMZG5ZVZYY.jpg?auth=5ce8d349f5435d611ee9d6d77f62bcca6d49606df71fdf6c658f46f05021020b&amp;width=1200 1200w\\" imagesizes=\\"(min-width:1199px) 661px, (min-width:1001px) 54vw, (min-width:768px) 715px, 100vw\\" as=\\"image\\" fetchpriority=\\"high\\"><link rel=\\"preload\\" href=\\"https://static.elpais.com/dist/resources/fonts/majrit/majrit-text/Majrit-Text-Roman.woff2\\" as=\\"font\\" type=\\"font/woff2\\" crossorigin=\\"\\"><link rel=\\"preload\\" href=\\"https://static.elpais.com/dist/resources/fonts/majrit/majrit-text/Majrit-Text-Black-Italic.woff2\\" as=\\"font\\" type=\\"font/woff2\\" crossorigin=\\"\\"><title>Riki Blanco: prohibido | Opinión | EL PAÍS</title><meta name=\\"date\\" scheme=\\"W3CDTF\\" content=\\"2026-02-24T05:45:01+01:00\\"><meta name=\\"lang\\" content=\\"es\\"><meta name=\\"author\\" content=\\"Riki Blanco\\"><meta name=\\"robots\\" content=\\"index,follow,max-image-preview:large\\"><meta name=\\"description\\" content=\\"Viñeta del 24 de febrero de 2026\\"><meta name=\\"organization\\" content=\\"Ediciones EL PAÍS S.L.\\"><meta property=\\"article:publisher\\" content=\\"https://www.facebook.com/elpais\\"><meta property=\\"article:published_time\\" content=\\"2026-02-24T05:45:01+01:00\\"><meta property=\\"article:modified_time\\" content=\\"2026-02-24T05:45:01+01:00\\"><meta property=\\"og:title\\" content=\\"Riki Blanco: prohibido\\"><meta property=\\"og:description\\" content=\\"Viñeta del 24 de febrero de 2026\\"><meta property=\\"og:updated_time\\" content=\\"2026-02-24T05:45:01+01:00\\"><meta property=\\"og:image\\" content=\\"https://imagenes.elpais.com/resizer/v2/JLQ7MEGN6FCITJWOJMZG5ZVZYY.jpg?auth=5ce8d349f5435d611ee9d6d77f62bcca6d49606df71fdf6c658f46f05021020b&amp;width=1200\\"><meta property=\\"og:image:width\\" content=\\"1200\\"><meta property=\\"og:image:height\\" content=\\"1070\\"><meta property=\\"og:url\\" content=\\"https://elpais.com/opinion/2026-02-24/riki-blanco-prohibido.html\\"><meta property=\\"og:type\\" content=\\"article\\"><meta property=\\"og:site_name\\" content=\\"El País\\"><meta property=\\"fb:app_id\\" content=\\"94039431626\\"><meta property=\\"twitter:card\\" content=\\"summary_large_image\\"><meta property=\\"twitter:site\\" content=\\"@el_pais\\"><link rel=\\"canonical\\" href=\\"https://elpais.com/opinion/2026-02-24/riki-blanco-prohibido.html\\"><link rel=\\"amphtml\\" href=\\"https://elpais.com/opinion/2026-02-24/riki-blanco-prohibido.html?outputType=amp\\"><meta property=\\"article:section\\" content=\\"Opinión\\"><meta property=\\"article:tag\\" content=\\"Opinión\\"><meta property=\\"article:tag\\" content=\\"Viñetas\\"><meta property=\\"article:tag\\" content=\\"Humor gráfico\\"><meta property=\\"twitter:title\\" content=\\"Riki Blanco: prohibido\\"><meta property=\\"og:article:publisher\\" content=\\"EL PAÍS\\"><meta property=\\"og:article:author\\" content=\\"Riki Blanco\\"><meta name=\\"DC.date.issued\\" content=\\"2026-02-24T05:45:01+01:00\\"><meta property=\\"mrf:tags\\" content=\\"brandedContent:false;\\"><meta property=\\"fb:pages\\" content=\\"8585811569\\"><meta property=\\"news_keywords\\" content=\\"Opinión, Viñetas, Humor gráfico\\"><link rel=\\"alternate\\" href=\\"https://feeds.elpais.com/mrss-s/pages/ep/site/elpais.com/section/opinion/portada\\" type=\\"application/rss+xml\\" title=\\"RSS sobre Opinión\\"><link rel=\\"manifest\\" href=\\"/pf/resources/manifests/site.webmanifest?d=2381\\"><link rel=\\"icon\\" href=\\"https://static.elpais.com/dist/resources/images/favicon.ico\\" type=\\"image/x-icon\\"><link rel=\\"icon\\" href=\\"https://static.elpais.com/dist/resources/images/favicon_96.png\\" type=\\"image/png\\" sizes=\\"96x96\\"><link rel=\\"apple-touch-icon\\" sizes=\\"180x180\\" href=\\"https://static.elpais.com/dist/resources/images/apple-touch-icon.png\\"><script type=\\"application/javascript\\">window.ENP = {\\"globalContent\\":{\\"_id\\":\\"5NV3EFA42BEC7GMBX3UKIRB47I\\",\\"website\\":\\"el-pais\\",\\"alertEnabled\\":true,\\"lotteryButtonEnabled\\":false,\\"chatbotDisabled\\":true,\\"subscribeLinkByIP\\":\\"https://elpais.com/suscripciones/america/#/campaign\\",\\"subscribeLink\\":\\"https://elpais.com/suscripciones/#/campaign\\",\\"subscribePremiumLink\\":{\\"default\\":\\"https://elpais.com/suscripciones/premium/upgrade/\\",\\"CA\\":\\"https://elpais.com/suscripciones/digital/premium/upgrade/eucan/\\",\\"US\\":\\"https://elpais.com/suscripciones/digital/premium/upgrade/eucan/\\"},\\"usunLoginUrl\\":\\"https://services.users.elpais.com/serviceLogin.html\\",\\"baseUrlApiGateway\\":\\"https://wdnf3ec6zb.execute-api.eu-west-1.amazonaws.com/PRO/api/\\",\\"serviceProductUrl\\":\\"https://services.users.elpais.com/serviceProduct.html\\",\\"newsGoogleScript\\":\\"https://news.google.com/swg/js/v1/swg.js\\",\\"secretPasswordServiceProduct\\":\\"&_&que_es_mi_barco$_$\\",\\"favoritesURL\\":\\"https://static.elpais.com/dist/resources/js/334f83a783d9964bffcb2080a770b0c8/ENP-favorites.js\\",\\"apiOrigin\\":\\"https://publicapi.elpais.com\\",\\"publicApi\\":\\"https://publicapi.elpais.com\\",\\"entitlements\\":{\\"basic\\":[2895115629259653],\\"premium\\":[2810938707754442]},\\"omitAds\\":false,\\"isArticle\\":true,\\"isPageWithLiveBlog\\":false,\\"isPageWithLes\\":false,\\"isScoreboardLive\\":false,\\"hasSportLive\\":false,\\"source_system\\":\\"composer\\",\\"canonicalUrl\\":\\"/opinion/2026-02-24/riki-blanco-prohibido.html\\",\\"alertsOption\\":{\\"enableAlert\\":true},\\"comments\\":{\\"display_comments\\":true},\\"sites\\":{\\"el-pais\\":{\\"socialLinks\\":{\\"facebook\\":\\"https://es-es.facebook.com/elpais/\\",\\"twitter\\":\\"https://twitter.com/el_pais\\",\\"youtube\\":\\"https://www.youtube.com/channel/UCnsvJeZO4RigQ898WdDNoBw\\",\\"wikipedia\\":\\"https://es.wikipedia.org/wiki/El_Pa%C3%ADs\\",\\"instagram\\":\\"https://www.instagram.com/el_pais/\\"},\\"twitterUsername\\":\\"el_pais\\",\\"siteLanguage\\":\\"es\\"},\\"el-pais-america\\":{\\"socialLinks\\":{\\"facebook\\":\\"https://www.facebook.com/elpaisamerica\\",\\"twitter\\":\\"https://twitter.com/elpais_america\\",\\"youtube\\":\\"https://www.youtube.com/user/elpaiscom\\",\\"wikipedia\\":\\"https://es.wikipedia.org/wiki/El_Pa%C3%ADs\\",\\"instagram\\":\\"https://www.instagram.com/elpaisamerica\\"},\\"twitterUsername\\":\\"elpais_america\\",\\"siteLanguage\\":\\"es\\"},\\"el-pais-mexico\\":{\\"socialLinks\\":{\\"facebook\\":\\"https://www.facebook.com/elpaismexico\\",\\"twitter\\":\\"https://twitter.com/elpaismexico\\",\\"youtube\\":\\"https://www.youtube.com/user/elpaiscom\\",\\"wikipedia\\":\\"https://es.wikipedia.org/wiki/El_Pa%C3%ADs\\",\\"instagram\\":\\"https://www.instagram.com/elpaismexico\\"},\\"twitterUsername\\":\\"elpaismexico\\",\\"siteLanguage\\":\\"es\\"},\\"el-pais-colombia\\":{\\"socialLinks\\":{\\"facebook\\":\\"https://www.facebook.com/elpaisamericacolombia\\",\\"twitter\\":\\"https://twitter.com/ElPaisAmericaCo\\",\\"youtube\\":\\"https://www.youtube.com/user/elpaiscom\\",\\"wikipedia\\":\\"https://es.wikipedia.org/wiki/El_Pa%C3%ADs\\",\\"instagram\\":\\"https://www.instagram.com/elpaisamericacolombia\\"},\\"twitterUsername\\":\\"elpaisamericaco\\",\\"siteLanguage\\":\\"es\\"},\\"el-pais-argentina\\":{\\"socialLinks\\":{\\"facebook\\":\\"https://www.facebook.com/elpaisamerica\\",\\"twitter\\":\\"https://twitter.com/elpais_america\\",\\"youtube\\":\\"https://www.youtube.com/user/elpaiscom\\",\\"wikipedia\\":\\"https://es.wikipedia.org/wiki/El_Pa%C3%ADs\\",\\"insta'... 454627 more characters,
      level: 'DEBUG',
      test_run_uuid: '288266c0-cfec-4e91-8be5-ecf81df1c4d2'
    }
  ]
} to 28529:0
2026-02-24T21:19:39.060Z CLI info [testhub:request-queue-handler]  [vedantvankar_WD2nZN]  [srujyhua7le0kbwv6qz2yzcqpznuptkb92dxcer1]  [5be2e400-7dbb-417d-b612-44702b0f7e80]  Added the event {
  event_type: 'LogCreated',
  logs: [
    {
      testFrameworkName: 'pytest',
      testFrameworkVersion: '9.0.2',
      testFrameworkState: 'INIT_TEST',
      timestamp: '2026-02-24T21:19:29.058Z',
      uuid: '288266c0-cfec-4e91-8be5-ecf81df1c4d2',
      kind: 'TEST_LOG',
      message: 'Finished Request',
      level: 'DEBUG',
      test_run_uuid: '288266c0-cfec-4e91-8be5-ecf81df1c4d2'
    }
  ]
} to 28529:0
2026-02-24T21:19:39.060Z CLI info [testhub:request-queue-handler]  [vedantvankar_WD2nZN]  [srujyhua7le0kbwv6qz2yzcqpznuptkb92dxcer1]  [5be2e400-7dbb-417d-b612-44702b0f7e80]  Added the event {
  event_type: 'LogCreated',
  logs: [
    {
      testFrameworkName: 'pytest',
      testFrameworkVersion: '9.0.2',
      testFrameworkState: 'INIT_TEST',
      timestamp: '2026-02-24T21:19:29.113Z',
      uuid: '288266c0-cfec-4e91-8be5-ecf81df1c4d2',
      kind: 'TEST_LOG',
      message: 'Starting new HTTPS connection (1): imagenes.elpais.com:443',
      level: 'DEBUG',
      test_run_uuid: '288266c0-cfec-4e91-8be5-ecf81df1c4d2'
    }
  ]
} to 28529:0
2026-02-24T21:19:39.060Z CLI info [testhub:request-queue-handler]  [vedantvankar_WD2nZN]  [srujyhua7le0kbwv6qz2yzcqpznuptkb92dxcer1]  [5be2e400-7dbb-417d-b612-44702b0f7e80]  Added the event {
  event_type: 'LogCreated',
  logs: [
    {
      testFrameworkName: 'pytest',
      testFrameworkVersion: '9.0.2',
      testFrameworkState: 'INIT_TEST',
      timestamp: '2026-02-24T21:19:29.424Z',
      uuid: '288266c0-cfec-4e91-8be5-ecf81df1c4d2',
      kind: 'TEST_LOG',
      message: 'https://imagenes.elpais.com:443 "GET /resizer/v2/JLQ7MEGN6FCITJWOJMZG5ZVZYY.jpg?auth=5ce8d349f5435d611ee9d6d77f62bcca6d49606df71fdf6c658f46f05021020b&width=1200 HTTP/1.1" 200 210644',
      level: 'DEBUG',
      test_run_uuid: '288266c0-cfec-4e91-8be5-ecf81df1c4d2'
    }
  ]
} to 28529:0
2026-02-24T21:19:39.060Z CLI info [testhub:request-queue-handler]  [vedantvankar_WD2nZN]  [srujyhua7le0kbwv6qz2yzcqpznuptkb92dxcer1]  [5be2e400-7dbb-417d-b612-44702b0f7e80]  Added the event {
  event_type: 'LogCreated',
  logs: [
    {
      testFrameworkName: 'pytest',
      testFrameworkVersion: '9.0.2',
      testFrameworkState: 'INIT_TEST',
      timestamp: '2026-02-24T21:19:29.573Z',
      uuid: '288266c0-cfec-4e91-8be5-ecf81df1c4d2',
      kind: 'TEST_LOG',
      message: "POST https://hub-aps.browserstack.com/wd/hub/session/24028a9178e831ed0f4949f82837edb2c3427837/url {'url': 'https://elpais.com/opinion/2026-02-24/desconectados-del-mundo.html'}",
      level: 'DEBUG',
      test_run_uuid: '288266c0-cfec-4e91-8be5-ecf81df1c4d2'
    }
  ]
} to 28529:0
2026-02-24T21:19:39.060Z CLI info [testhub:request-queue-handler]  [vedantvankar_WD2nZN]  [srujyhua7le0kbwv6qz2yzcqpznuptkb92dxcer1]  [5be2e400-7dbb-417d-b612-44702b0f7e80]  Added the event {
  event_type: 'LogCreated',
  logs: [
    {
      testFrameworkName: 'pytest',
      testFrameworkVersion: '9.0.2',
      testFrameworkState: 'INIT_TEST',
      timestamp: '2026-02-24T21:19:30.066Z',
      uuid: '288266c0-cfec-4e91-8be5-ecf81df1c4d2',
      kind: 'TEST_LOG',
      message: 'https://hub-aps.browserstack.com:443 "POST /wd/hub/session/24028a9178e831ed0f4949f82837edb2c3427837/url HTTP/1.1" 200 0',
      level: 'DEBUG',
      test_run_uuid: '288266c0-cfec-4e91-8be5-ecf81df1c4d2'
    }
  ]
} to 28529:0
2026-02-24T21:19:39.060Z CLI info [testhub:request-queue-handler]  [vedantvankar_WD2nZN]  [srujyhua7le0kbwv6qz2yzcqpznuptkb92dxcer1]  [5be2e400-7dbb-417d-b612-44702b0f7e80]  Added the event {
  event_type: 'LogCreated',
  logs: [
    {
      testFrameworkName: 'pytest',
      testFrameworkVersion: '9.0.2',
      testFrameworkState: 'INIT_TEST',
      timestamp: '2026-02-24T21:19:30.067Z',
      uuid: '288266c0-cfec-4e91-8be5-ecf81df1c4d2',
      kind: 'TEST_LOG',
      message: `Remote response: status=200 | data={"value":null} | headers=HTTPHeaderDict({'Server': 'nginx', 'Date': 'Tue, 24 Feb 2026 21:19:30 GMT', 'Content-Type': 'application/json;charset=utf-8', 'Content-Length': '14', 'Connection': 'keep-alive', 'Source-From': '02', 'expires': 'Thu, 01 Jan 1970 00:00:00 GMT', 'cache-control': 'no-cache, no-cache'})`,
      level: 'DEBUG',
      test_run_uuid: '288266c0-cfec-4e91-8be5-ecf81df1c4d2'
    }
  ]
} to 28529:0
2026-02-24T21:19:39.061Z CLI info [testhub:request-queue-handler]  [vedantvankar_WD2nZN]  [srujyhua7le0kbwv6qz2yzcqpznuptkb92dxcer1]  [5be2e400-7dbb-417d-b612-44702b0f7e80]  Added the event {
  event_type: 'LogCreated',
  logs: [
    {
      testFrameworkName: 'pytest',
      testFrameworkVersion: '9.0.2',
      testFrameworkState: 'INIT_TEST',
      timestamp: '2026-02-24T21:19:30.067Z',
      uuid: '288266c0-cfec-4e91-8be5-ecf81df1c4d2',
      kind: 'TEST_LOG',
      message: 'Finished Request',
      level: 'DEBUG',
      test_run_uuid: '288266c0-cfec-4e91-8be5-ecf81df1c4d2'
    }
  ]
} to 28529:0
2026-02-24T21:19:39.061Z CLI info [testhub:request-queue-handler]  [vedantvankar_WD2nZN]  [srujyhua7le0kbwv6qz2yzcqpznuptkb92dxcer1]  [5be2e400-7dbb-417d-b612-44702b0f7e80]  Added the event {
  event_type: 'LogCreated',
  logs: [
    {
      testFrameworkName: 'pytest',
      testFrameworkVersion: '9.0.2',
      testFrameworkState: 'INIT_TEST',
      timestamp: '2026-02-24T21:19:34.069Z',
      uuid: '288266c0-cfec-4e91-8be5-ecf81df1c4d2',
      kind: 'TEST_LOG',
      message: 'GET https://hub-aps.browserstack.com/wd/hub/session/24028a9178e831ed0f4949f82837edb2c3427837/source {}',
      level: 'DEBUG',
      test_run_uuid: '288266c0-cfec-4e91-8be5-ecf81df1c4d2'
    }
  ]
} to 28529:0
2026-02-24T21:19:39.061Z CLI info [testhub:request-queue-handler]  [vedantvankar_WD2nZN]  [srujyhua7le0kbwv6qz2yzcqpznuptkb92dxcer1]  [5be2e400-7dbb-417d-b612-44702b0f7e80]  Added the event {
  event_type: 'LogCreated',
  logs: [
    {
      testFrameworkName: 'pytest',
      testFrameworkVersion: '9.0.2',
      testFrameworkState: 'INIT_TEST',
      timestamp: '2026-02-24T21:19:34.587Z',
      uuid: '288266c0-cfec-4e91-8be5-ecf81df1c4d2',
      kind: 'TEST_LOG',
      message: 'https://hub-aps.browserstack.com:443 "GET /wd/hub/session/24028a9178e831ed0f4949f82837edb2c3427837/source HTTP/1.1" 200 0',
      level: 'DEBUG',
      test_run_uuid: '288266c0-cfec-4e91-8be5-ecf81df1c4d2'
    }
  ]
} to 28529:0
2026-02-24T21:19:39.074Z CLI info [testhub:request-queue-handler]  [vedantvankar_WD2nZN]  [srujyhua7le0kbwv6qz2yzcqpznuptkb92dxcer1]  [5be2e400-7dbb-417d-b612-44702b0f7e80]  Added the event {
  event_type: 'LogCreated',
  logs: [
    {
      testFrameworkName: 'pytest',
      testFrameworkVersion: '9.0.2',
      testFrameworkState: 'INIT_TEST',
      timestamp: '2026-02-24T21:19:34.588Z',
      uuid: '288266c0-cfec-4e91-8be5-ecf81df1c4d2',
      kind: 'TEST_LOG',
      message: 'Remote response: status=200 | data={"value":"<html lang=\\"es\\"><head><meta charset=\\"UTF-8\\"><meta name=\\"viewport\\" content=\\"width=device-width, initial-scale=1.0\\"><link rel=\\"preload\\" as=\\"image\\" imagesrcset=\\"https://imagenes.elpais.com/resizer/v2/PIFW5CNFI5E6BMYOTFTQC5ZRCA.jpg?auth=c6474bcd191b4dcb7ef010e12f20ef5908b7554264b459f45f83cca5595fe517&amp;width=414 414w,https://imagenes.elpais.com/resizer/v2/PIFW5CNFI5E6BMYOTFTQC5ZRCA.jpg?auth=c6474bcd191b4dcb7ef010e12f20ef5908b7554264b459f45f83cca5595fe517&amp;width=640 640w,https://imagenes.elpais.com/resizer/v2/PIFW5CNFI5E6BMYOTFTQC5ZRCA.jpg?auth=c6474bcd191b4dcb7ef010e12f20ef5908b7554264b459f45f83cca5595fe517&amp;width=1000 1000w,https://imagenes.elpais.com/resizer/v2/PIFW5CNFI5E6BMYOTFTQC5ZRCA.jpg?auth=c6474bcd191b4dcb7ef010e12f20ef5908b7554264b459f45f83cca5595fe517&amp;width=1200 1200w\\" imagesizes=\\"(min-width:1199px) 661px, (min-width:1001px) 54vw, (min-width:768px) 715px, 100vw\\"><script async=\\"\\" src=\\"https://c.amazon-adsystem.com/aax2/apstag.js\\"></script><link rel=\\"dns-prefetch\\"><link rel=\\"preconnect\\"><script async=\\"\\" src=\\"https://sb.scorecardresearch.com/cs/8671776/beacon.js\\"></script><script src=\\"https://sdk.mrf.io/statics/marfeel-sdk.es5.js?id=2223\\" async=\\"\\" type=\\"text/javascript\\" nomodule=\\"\\"></script><script src=\\"https://sdk.mrf.io/statics/marfeel-sdk.js?id=2223\\" type=\\"module\\"></script><script id=\\"gfkS2s\\" async=\\"\\" type=\\"text/javascript\\" src=\\"https://ES-config.sensic.net/s2s-web.js\\"></script><script id=\\"spcloader\\" type=\\"text/javascript\\" async=\\"\\" src=\\"https://sdk.privacy-center.org/8ba38674-edba-484d-8053-435051d79f72/loader.js?target=epconsentwalnoneu.com\\" charset=\\"utf-8\\"></script><script async=\\"\\" src=\\"https://news.google.com/swg/js/v1/swg-gaa.js\\"></script><script async=\\"\\" subscriptions-control=\\"manual\\" src=\\"https://news.google.com/swg/js/v1/swg.js\\"></script><script id=\\"dsq-count-scr\\" src=\\"https://el-pais-1.disqus.com/count.js\\" async=\\"\\"></script><script src=\\"https://accounts.google.com/gsi/client\\" async=\\"\\" defer=\\"\\"></script><link rel=\\"preconnect\\" href=\\"//static.elpais.com\\"><link rel=\\"preconnect\\" href=\\"//assets.adobedtm.com\\"><link rel=\\"preconnect\\" href=\\"//sdk.privacy-center.org\\"><link rel=\\"preload\\" href=\\"https://imagenes.elpais.com/resizer/v2/PIFW5CNFI5E6BMYOTFTQC5ZRCA.jpg?auth=c6474bcd191b4dcb7ef010e12f20ef5908b7554264b459f45f83cca5595fe517&amp;width=414\\" imagesrcset=\\"https://imagenes.elpais.com/resizer/v2/PIFW5CNFI5E6BMYOTFTQC5ZRCA.jpg?auth=c6474bcd191b4dcb7ef010e12f20ef5908b7554264b459f45f83cca5595fe517&amp;width=414 414w,https://imagenes.elpais.com/resizer/v2/PIFW5CNFI5E6BMYOTFTQC5ZRCA.jpg?auth=c6474bcd191b4dcb7ef010e12f20ef5908b7554264b459f45f83cca5595fe517&amp;width=640 640w,https://imagenes.elpais.com/resizer/v2/PIFW5CNFI5E6BMYOTFTQC5ZRCA.jpg?auth=c6474bcd191b4dcb7ef010e12f20ef5908b7554264b459f45f83cca5595fe517&amp;width=1000 1000w,https://imagenes.elpais.com/resizer/v2/PIFW5CNFI5E6BMYOTFTQC5ZRCA.jpg?auth=c6474bcd191b4dcb7ef010e12f20ef5908b7554264b459f45f83cca5595fe517&amp;width=1200 1200w\\" imagesizes=\\"(min-width:1199px) 661px, (min-width:1001px) 54vw, (min-width:768px) 715px, 100vw\\" as=\\"image\\" fetchpriority=\\"high\\"><link rel=\\"preload\\" href=\\"https://static.elpais.com/dist/resources/fonts/majrit/majrit-text/Majrit-Text-Roman.woff2\\" as=\\"font\\" type=\\"font/woff2\\" crossorigin=\\"\\"><link rel=\\"preload\\" href=\\"https://static.elpais.com/dist/resources/fonts/majrit/majrit-text/Majrit-Text-Black-Italic.woff2\\" as=\\"font\\" type=\\"font/woff2\\" crossorigin=\\"\\"><title>Desconectados del mundo  | Opinión | EL PAÍS</title><meta name=\\"date\\" scheme=\\"W3CDTF\\" content=\\"2026-02-24T05:30:01+01:00\\"><meta name=\\"lang\\" content=\\"es\\"><meta name=\\"author\\" content=\\"Cartas al Director\\"><meta name=\\"robots\\" content=\\"index,follow,max-image-preview:large\\"><meta name=\\"description\\" content=\\"Los lectores y las lectoras escriben sobre el aislamiento social generado por la tecnología, el 23-F, Antonio Castillo Algarra, el jefe de Los Pocholos, y la mercantilización del fútbol\\"><meta name=\\"organization\\" content=\\"Ediciones EL PAÍS S.L.\\"><meta property=\\"article:publisher\\" content=\\"https://www.facebook.com/elpais\\"><meta property=\\"article:published_time\\" content=\\"2026-02-24T05:30:01+01:00\\"><meta property=\\"article:modified_time\\" content=\\"2026-02-24T05:30:01+01:00\\"><meta property=\\"og:title\\" content=\\"Desconectados del mundo \\"><meta property=\\"og:description\\" content=\\"Los lectores y las lectoras escriben sobre el aislamiento social generado por la tecnología, el 23-F, Antonio Castillo Algarra, el jefe de Los Pocholos, y la mercantilización del fútbol\\"><meta property=\\"og:updated_time\\" content=\\"2026-02-24T05:30:01+01:00\\"><meta property=\\"og:image\\" content=\\"https://imagenes.elpais.com/resizer/v2/PIFW5CNFI5E6BMYOTFTQC5ZRCA.jpg?auth=c6474bcd191b4dcb7ef010e12f20ef5908b7554264b459f45f83cca5595fe517&amp;width=1200\\"><meta property=\\"og:image:width\\" content=\\"1200\\"><meta property=\\"og:image:height\\" content=\\"800\\"><meta property=\\"og:url\\" content=\\"https://elpais.com/opinion/2026-02-24/desconectados-del-mundo.html\\"><meta property=\\"og:type\\" content=\\"article\\"><meta property=\\"og:site_name\\" content=\\"El País\\"><meta property=\\"fb:app_id\\" content=\\"94039431626\\"><meta property=\\"twitter:card\\" content=\\"summary_large_image\\"><meta property=\\"twitter:site\\" content=\\"@el_pais\\"><link rel=\\"canonical\\" href=\\"https://elpais.com/opinion/2026-02-24/desconectados-del-mundo.html\\"><link rel=\\"amphtml\\" href=\\"https://elpais.com/opinion/2026-02-24/desconectados-del-mundo.html?outputType=amp\\"><meta property=\\"article:section\\" content=\\"Opinión\\"><meta property=\\"article:tag\\" content=\\"Opinión\\"><meta property=\\"article:tag\\" content=\\"Sociedad\\"><meta property=\\"article:tag\\" content=\\"Tecnología\\"><meta property=\\"article:tag\\" content=\\"Relaciones humanas\\"><meta property=\\"article:tag\\" content=\\"Smartphone\\"><meta property=\\"article:tag\\" content=\\"Redes sociales\\"><meta property=\\"article:tag\\" content=\\"Plataformas digitales\\"><meta property=\\"article:tag\\" content=\\"Spotify\\"><meta property=\\"article:tag\\" content=\\"Auriculares\\"><meta property=\\"article:tag\\" content=\\"23-F\\"><meta property=\\"article:tag\\" content=\\"Golpes estado\\"><meta property=\\"article:tag\\" content=\\"Transición democrática\\"><meta property=\\"article:tag\\" content=\\"Transición española\\"><meta property=\\"article:tag\\" content=\\"Franquismo\\"><meta property=\\"article:tag\\" content=\\"Historia\\"><meta property=\\"article:tag\\" content=\\"Política\\"><meta property=\\"article:tag\\" content=\\"Comunidad de Madrid\\"><meta property=\\"article:tag\\" content=\\"Isabel Díaz Ayuso\\"><meta property=\\"article:tag\\" content=\\"Educación\\"><meta property=\\"article:tag\\" content=\\"Política educativa\\"><meta property=\\"article:tag\\" content=\\"Deportes\\"><meta property=\\"article:tag\\" content=\\"Fútbol\\"><meta property=\\"twitter:title\\" content=\\"Desconectados del mundo  | Cartas al director\\"><meta property=\\"og:article:publisher\\" content=\\"EL PAÍS\\"><meta property=\\"og:article:author\\" content=\\"Cartas al Director\\"><meta name=\\"DC.date.issued\\" content=\\"2026-02-24T05:30:01+01:00\\"><meta property=\\"mrf:tags\\" content=\\"brandedContent:false;\\"><meta property=\\"fb:pages\\" content=\\"8585811569\\"><meta property=\\"news_keywords\\" content=\\"Opinión, Sociedad, Tecnología, Relaciones humanas, Smartphone, Redes sociales, Plataformas digitales, Spotify, Auriculares, 23-F, Golpes estado, Transición democrática, Transición española, Franquismo, Historia, Política, Comunidad de Madrid, Isabel Díaz Ayuso, Educación, Política educativa, Deportes, Fútbol\\"><link rel=\\"alternate\\" href=\\"https://feeds.elpais.com/mrss-s/pages/ep/site/elpais.com/section/opinion/portada\\" type=\\"application/rss+xml\\" title=\\"RSS sobre Opinión\\"><link rel=\\"manifest\\" href=\\"/pf/resources/manifests/site.webmanifest?d=2381\\"><link rel=\\"icon\\" href=\\"https://static.elpais.com/dist/resources/images/favicon.ico\\" type=\\"image/x-icon\\"><link rel=\\"icon\\" href=\\"https://static.elpais.com/dist/resources/images/favicon_96.png\\" type=\\"image/png\\" sizes=\\"96x96\\"><link rel=\\"apple-touch-icon\\" sizes=\\"180x180\\" href=\\"https://static.elpais.com/dist/resources/images/apple-touch-icon.png\\"><script type=\\"application/javascript\\">window.ENP = {\\"globalContent\\":{\\"_id\\":\\"ZVBLBLQO5NHFLGEGEBDK4HAPTI\\",\\"website\\":\\"el-pais\\",\\"alertEnabled\\":true,\\"lotteryButtonEnabled\\":false,\\"chatbotDisabled\\":true,\\"subscribeLinkByIP\\":\\"https://elpais.com/suscripciones/america/#/campaign\\",\\"subscribeLink\\":\\"https://elpais.com/suscripciones/#/campaign\\",\\"subscribePremiumLink\\":{\\"default\\":\\"https://elpais.com/suscripciones/premium/upgrade/\\",\\"CA\\":\\"https://elpais.com/suscripciones/digital/premium/upgrade/eucan/\\",\\"US\\":\\"https://elpais.com/suscripciones/digital/premium/upgrade/eucan/\\"},\\"usunLoginUrl\\":\\"https://services.users.elpais.com/serviceLogin.html\\",\\"baseUrlApiGateway\\":\\"https://wdnf3ec6zb.execute-api.eu-west-1.amazonaws.com/PRO/api/\\",\\"serviceProductUrl\\":\\"https://services.users.elpais.com/serviceProduct.html\\",\\"newsGoogleScript\\":\\"https://news.google.com/swg/js/v1/swg.js\\",\\"secretPasswordServiceProduct\\":\\"&_&que_es_mi_barco$_$\\",\\"favoritesURL\\":\\"https://static.elpais.com/dist/resources/js/334f83a783d9964bffcb2080a770b0c8/ENP-favorites.js\\",\\"apiOrigin\\":\\"https://publicapi.elpais.com\\",\\"publicApi\\":\\"https://publicapi.elpais.com\\",\\"entitlements\\":{\\"basic\\":[2895115629259653],\\"premium\\":[2810938707754442]},\\"omitAds\\":false,\\"isArticle\\":true,\\"isPageWithLiveBlog\\":false,\\"isPageWithLes\\":false,\\"isScoreboardLive\\":false,\\"hasSportLive\\":false,\\"source_system\\":\\"composer\\",\\"canonicalUrl\\":\\"/opinion/2026-02-24/desconectados-del-mundo.html\\",\\"alertsOption\\":{\\"enableAlert\\":true},\\"comments\\":{\\"display_comments\\":true},\\"sites\\":{\\"el-pais\\":{\\"socialLinks\\":{\\"facebook\\":\\"https://es-es.facebook.com/elpais/\\",\\"twitter\\":\\"h'... 558321 more characters,
      level: 'DEBUG',
      test_run_uuid: '288266c0-cfec-4e91-8be5-ecf81df1c4d2'
    }
  ]
} to 28529:0
2026-02-24T21:19:39.074Z CLI info [testhub:request-queue-handler]  [vedantvankar_WD2nZN]  [srujyhua7le0kbwv6qz2yzcqpznuptkb92dxcer1]  [5be2e400-7dbb-417d-b612-44702b0f7e80]  Added the event {
  event_type: 'LogCreated',
  logs: [
    {
      testFrameworkName: 'pytest',
      testFrameworkVersion: '9.0.2',
      testFrameworkState: 'INIT_TEST',
      timestamp: '2026-02-24T21:19:34.605Z',
      uuid: '288266c0-cfec-4e91-8be5-ecf81df1c4d2',
      kind: 'TEST_LOG',
      message: 'Finished Request',
      level: 'DEBUG',
      test_run_uuid: '288266c0-cfec-4e91-8be5-ecf81df1c4d2'
    }
  ]
} to 28529:0
2026-02-24T21:19:39.074Z CLI info [testhub:request-queue-handler]  [vedantvankar_WD2nZN]  [srujyhua7le0kbwv6qz2yzcqpznuptkb92dxcer1]  [5be2e400-7dbb-417d-b612-44702b0f7e80]  Added the event {
  event_type: 'LogCreated',
  logs: [
    {
      testFrameworkName: 'pytest',
      testFrameworkVersion: '9.0.2',
      testFrameworkState: 'INIT_TEST',
      timestamp: '2026-02-24T21:19:34.662Z',
      uuid: '288266c0-cfec-4e91-8be5-ecf81df1c4d2',
      kind: 'TEST_LOG',
      message: 'Starting new HTTPS connection (1): imagenes.elpais.com:443',
      level: 'DEBUG',
      test_run_uuid: '288266c0-cfec-4e91-8be5-ecf81df1c4d2'
    }
  ]
} to 28529:0
2026-02-24T21:19:39.074Z CLI info [testhub:request-queue-handler]  [vedantvankar_WD2nZN]  [srujyhua7le0kbwv6qz2yzcqpznuptkb92dxcer1]  [5be2e400-7dbb-417d-b612-44702b0f7e80]  Added the event {
  event_type: 'LogCreated',
  logs: [
    {
      testFrameworkName: 'pytest',
      testFrameworkVersion: '9.0.2',
      testFrameworkState: 'INIT_TEST',
      timestamp: '2026-02-24T21:19:35.661Z',
      uuid: '288266c0-cfec-4e91-8be5-ecf81df1c4d2',
      kind: 'TEST_LOG',
      message: 'https://imagenes.elpais.com:443 "GET /resizer/v2/PIFW5CNFI5E6BMYOTFTQC5ZRCA.jpg?auth=c6474bcd191b4dcb7ef010e12f20ef5908b7554264b459f45f83cca5595fe517&width=1200 HTTP/1.1" 200 97265',
      level: 'DEBUG',
      test_run_uuid: '288266c0-cfec-4e91-8be5-ecf81df1c4d2'
    }
  ]
} to 28529:0
2026-02-24T21:19:39.074Z CLI info [testhub:request-queue-handler]  [vedantvankar_WD2nZN]  [srujyhua7le0kbwv6qz2yzcqpznuptkb92dxcer1]  [5be2e400-7dbb-417d-b612-44702b0f7e80]  Added the event {
  event_type: 'LogCreated',
  logs: [
    {
      testFrameworkName: 'pytest',
      testFrameworkVersion: '9.0.2',
      testFrameworkState: 'INIT_TEST',
      timestamp: '2026-02-24T21:19:35.992Z',
      uuid: '288266c0-cfec-4e91-8be5-ecf81df1c4d2',
      kind: 'TEST_LOG',
      message: 'Starting new HTTPS connection (1): rapid-translate-multi-traduction.p.rapidapi.com:443',
      level: 'DEBUG',
      test_run_uuid: '288266c0-cfec-4e91-8be5-ecf81df1c4d2'
    }
  ]
} to 28529:0
2026-02-24T21:19:39.074Z CLI info [testhub:request-queue-handler]  [vedantvankar_WD2nZN]  [srujyhua7le0kbwv6qz2yzcqpznuptkb92dxcer1]  [5be2e400-7dbb-417d-b612-44702b0f7e80]  Added the event {
  event_type: 'LogCreated',
  logs: [
    {
      testFrameworkName: 'pytest',
      testFrameworkVersion: '9.0.2',
      testFrameworkState: 'INIT_TEST',
      timestamp: '2026-02-24T21:19:36.712Z',
      uuid: '288266c0-cfec-4e91-8be5-ecf81df1c4d2',
      kind: 'TEST_LOG',
      message: 'https://rapid-translate-multi-traduction.p.rapidapi.com:443 "POST /t HTTP/1.1" 200 None',
      level: 'DEBUG',
      test_run_uuid: '288266c0-cfec-4e91-8be5-ecf81df1c4d2'
    }
  ]
} to 28529:0
2026-02-24T21:19:39.324Z CLI info [testhub:request-queue-handler]  [vedantvankar_WD2nZN]  [srujyhua7le0kbwv6qz2yzcqpznuptkb92dxcer1]  [5be2e400-7dbb-417d-b612-44702b0f7e80]  Added the event {
  event_type: 'HookRunFinished',
  hook_run: {
    type: 'hook',
    hook_type: 'AFTER_EACH',
    framework: 'pytest',
    uuid: 'f949313b-4dd2-442d-a147-5830d0b91126',
    name: 'teardown',
    result: 'passed',
    test_run_id: 'd438c723-c341-4821-a503-c9623a60f888',
    body: { lang: 'python', code: null },
    scope: 'test_elpais_scraper',
    custom_metadata: {},
    tags: [],
    scopes: [ 'main.py' ],
    file_name: 'main.py',
    location: 'main.py',
    vc_filepath: 'main.py',
    started_at: '2026-02-24T21:19:37.418Z',
    finished_at: '2026-02-24T21:19:39.291Z'
  },
  logs: []
} to 28529:0
2026-02-24T21:19:39.368Z CLI info [testhub:request-queue-handler]  [vedantvankar_WD2nZN]  [srujyhua7le0kbwv6qz2yzcqpznuptkb92dxcer1]  [5be2e400-7dbb-417d-b612-44702b0f7e80]  Added the event {
  event_type: 'LogCreated',
  logs: [
    {
      testFrameworkName: 'pytest',
      testFrameworkVersion: '9.0.2',
      testFrameworkState: 'INIT_TEST',
      timestamp: '2026-02-24T21:19:36.916Z',
      uuid: 'd438c723-c341-4821-a503-c9623a60f888',
      kind: 'TEST_LOG',
      message: `POST https://hub-aps.browserstack.com/wd/hub/session/2e5cc9e6c637cc94577b1514d25170329d982ac1/execute/sync {'script': 'browserstack_executor: {"action": "setSessionStatus", "arguments": {"status": "passed"}}', 'args': []}`,
      level: 'DEBUG',
      test_run_uuid: 'd438c723-c341-4821-a503-c9623a60f888'
    }
  ]
} to 28529:0
2026-02-24T21:19:39.368Z CLI info [testhub:request-queue-handler]  [vedantvankar_WD2nZN]  [srujyhua7le0kbwv6qz2yzcqpznuptkb92dxcer1]  [5be2e400-7dbb-417d-b612-44702b0f7e80]  Added the event {
  event_type: 'LogCreated',
  logs: [
    {
      testFrameworkName: 'pytest',
      testFrameworkVersion: '9.0.2',
      testFrameworkState: 'INIT_TEST',
      timestamp: '2026-02-24T21:19:37.409Z',
      uuid: 'd438c723-c341-4821-a503-c9623a60f888',
      kind: 'TEST_LOG',
      message: 'https://hub-aps.browserstack.com:443 "POST /wd/hub/session/2e5cc9e6c637cc94577b1514d25170329d982ac1/execute/sync HTTP/1.1" 200 None',
      level: 'DEBUG',
      test_run_uuid: 'd438c723-c341-4821-a503-c9623a60f888'
    }
  ]
} to 28529:0
2026-02-24T21:19:39.369Z CLI info [testhub:request-queue-handler]  [vedantvankar_WD2nZN]  [srujyhua7le0kbwv6qz2yzcqpznuptkb92dxcer1]  [5be2e400-7dbb-417d-b612-44702b0f7e80]  Added the event {
  event_type: 'LogCreated',
  logs: [
    {
      testFrameworkName: 'pytest',
      testFrameworkVersion: '9.0.2',
      testFrameworkState: 'INIT_TEST',
      timestamp: '2026-02-24T21:19:37.409Z',
      uuid: 'd438c723-c341-4821-a503-c9623a60f888',
      kind: 'TEST_LOG',
      message: `Remote response: status=200 | data={"sessionId":"2e5cc9e6c637cc94577b1514d25170329d982ac1","status":0,"value":"{\\"automation_session\\":{\\"hashed_id\\":\\"2e5cc9e6c637cc94577b1514d25170329d982ac1\\",\\"name\\":\\"main.py::test_elpais_scraper\\",\\"status\\":\\"passed\\",\\"os\\":\\"OS X\\",\\"os_version\\":\\"Ventura\\",\\"browser\\":\\"chrome\\",\\"browser_version\\":\\"145.0\\",\\"device\\":null,\\"duration\\":null,\\"reason\\":null,\\"build_name\\":\\"Selenium Multi Platform Run  3\\",\\"project_name\\":\\"EL Pais Opinion Scraper\\",\\"build_hashed_id\\":\\"e4ec08de515af733305da0e377e351cc70e0b37c\\",\\"test_priority\\":null}}"} | headers=HTTPHeaderDict({'Server': 'nginx', 'Date': 'Tue, 24 Feb 2026 21:19:37 GMT', 'Content-Type': 'application/json; charset=utf-8', 'Transfer-Encoding': 'chunked', 'Connection': 'keep-alive', 'Source-From': '02', 'cache-control': 'no-cache'})`,
      level: 'DEBUG',
      test_run_uuid: 'd438c723-c341-4821-a503-c9623a60f888'
    }
  ]
} to 28529:0
2026-02-24T21:19:39.369Z CLI info [testhub:request-queue-handler]  [vedantvankar_WD2nZN]  [srujyhua7le0kbwv6qz2yzcqpznuptkb92dxcer1]  [5be2e400-7dbb-417d-b612-44702b0f7e80]  Added the event {
  event_type: 'LogCreated',
  logs: [
    {
      testFrameworkName: 'pytest',
      testFrameworkVersion: '9.0.2',
      testFrameworkState: 'INIT_TEST',
      timestamp: '2026-02-24T21:19:37.410Z',
      uuid: 'd438c723-c341-4821-a503-c9623a60f888',
      kind: 'TEST_LOG',
      message: 'Finished Request',
      level: 'DEBUG',
      test_run_uuid: 'd438c723-c341-4821-a503-c9623a60f888'
    }
  ]
} to 28529:0
2026-02-24T21:19:39.369Z CLI info [testhub:request-queue-handler]  [vedantvankar_WD2nZN]  [srujyhua7le0kbwv6qz2yzcqpznuptkb92dxcer1]  [5be2e400-7dbb-417d-b612-44702b0f7e80]  Added the event {
  event_type: 'LogCreated',
  logs: [
    {
      testFrameworkName: 'pytest',
      testFrameworkVersion: '9.0.2',
      testFrameworkState: 'INIT_TEST',
      timestamp: '2026-02-24T21:19:37.424Z',
      uuid: 'd438c723-c341-4821-a503-c9623a60f888',
      kind: 'TEST_LOG',
      message: 'DELETE https://hub-aps.browserstack.com/wd/hub/session/2e5cc9e6c637cc94577b1514d25170329d982ac1 {}',
      level: 'DEBUG',
      test_run_uuid: 'd438c723-c341-4821-a503-c9623a60f888'
    }
  ]
} to 28529:0
2026-02-24T21:19:39.369Z CLI info [testhub:request-queue-handler]  [vedantvankar_WD2nZN]  [srujyhua7le0kbwv6qz2yzcqpznuptkb92dxcer1]  [5be2e400-7dbb-417d-b612-44702b0f7e80]  Added the event {
  event_type: 'LogCreated',
  logs: [
    {
      testFrameworkName: 'pytest',
      testFrameworkVersion: '9.0.2',
      testFrameworkState: 'INIT_TEST',
      timestamp: '2026-02-24T21:19:39.237Z',
      uuid: 'd438c723-c341-4821-a503-c9623a60f888',
      kind: 'TEST_LOG',
      message: 'https://hub-aps.browserstack.com:443 "DELETE /wd/hub/session/2e5cc9e6c637cc94577b1514d25170329d982ac1 HTTP/1.1" 200 None',
      level: 'DEBUG',
      test_run_uuid: 'd438c723-c341-4821-a503-c9623a60f888'
    }
  ]
} to 28529:0
2026-02-24T21:19:39.370Z CLI info [testhub:request-queue-handler]  [vedantvankar_WD2nZN]  [srujyhua7le0kbwv6qz2yzcqpznuptkb92dxcer1]  [5be2e400-7dbb-417d-b612-44702b0f7e80]  Added the event {
  event_type: 'LogCreated',
  logs: [
    {
      testFrameworkName: 'pytest',
      testFrameworkVersion: '9.0.2',
      testFrameworkState: 'INIT_TEST',
      timestamp: '2026-02-24T21:19:39.238Z',
      uuid: 'd438c723-c341-4821-a503-c9623a60f888',
      kind: 'TEST_LOG',
      message: `Remote response: status=200 | data={"state":"success","status":0,"value":"","hCode":"13579246"} | headers=HTTPHeaderDict({'Server': 'nginx', 'Date': 'Tue, 24 Feb 2026 21:19:39 GMT', 'Content-Type': 'application/json; charset=utf-8', 'Transfer-Encoding': 'chunked', 'Connection': 'keep-alive', 'Source-From': '02', 'cache-control': 'no-cache'})`,
      level: 'DEBUG',
      test_run_uuid: 'd438c723-c341-4821-a503-c9623a60f888'
    }
  ]
} to 28529:0
2026-02-24T21:19:39.370Z CLI info [testhub:request-queue-handler]  [vedantvankar_WD2nZN]  [srujyhua7le0kbwv6qz2yzcqpznuptkb92dxcer1]  [5be2e400-7dbb-417d-b612-44702b0f7e80]  Added the event {
  event_type: 'LogCreated',
  logs: [
    {
      testFrameworkName: 'pytest',
      testFrameworkVersion: '9.0.2',
      testFrameworkState: 'INIT_TEST',
      timestamp: '2026-02-24T21:19:39.238Z',
      uuid: 'd438c723-c341-4821-a503-c9623a60f888',
      kind: 'TEST_LOG',
      message: 'Finished Request',
      level: 'DEBUG',
      test_run_uuid: 'd438c723-c341-4821-a503-c9623a60f888'
    }
  ]
} to 28529:0
2026-02-24T21:19:39.370Z CLI info [testhub:request-queue-handler]  [vedantvankar_WD2nZN]  [srujyhua7le0kbwv6qz2yzcqpznuptkb92dxcer1]  [5be2e400-7dbb-417d-b612-44702b0f7e80]  Added the event {
  event_type: 'LogCreated',
  logs: [
    {
      testFrameworkName: 'pytest',
      testFrameworkVersion: '9.0.2',
      testFrameworkState: 'INIT_TEST',
      timestamp: '2026-02-24T21:18:45.815Z',
      uuid: 'd438c723-c341-4821-a503-c9623a60f888',
      kind: 'TEST_LOG',
      message: `POST https://hub-aps.browserstack.com/wd/hub/session/2e5cc9e6c637cc94577b1514d25170329d982ac1/execute/sync {'script': 'browserstack_executor: {"action": "setSessionName", "arguments": {"name": "main.py::test_elpais_scra...', 'args': []}`,
      level: 'DEBUG',
      test_run_uuid: 'd438c723-c341-4821-a503-c9623a60f888'
    }
  ]
} to 28529:0
2026-02-24T21:19:39.370Z CLI info [testhub:request-queue-handler]  [vedantvankar_WD2nZN]  [srujyhua7le0kbwv6qz2yzcqpznuptkb92dxcer1]  [5be2e400-7dbb-417d-b612-44702b0f7e80]  Added the event {
  event_type: 'LogCreated',
  logs: [
    {
      testFrameworkName: 'pytest',
      testFrameworkVersion: '9.0.2',
      testFrameworkState: 'INIT_TEST',
      timestamp: '2026-02-24T21:18:46.375Z',
      uuid: 'd438c723-c341-4821-a503-c9623a60f888',
      kind: 'TEST_LOG',
      message: 'https://hub-aps.browserstack.com:443 "POST /wd/hub/session/2e5cc9e6c637cc94577b1514d25170329d982ac1/execute/sync HTTP/1.1" 200 None',
      level: 'DEBUG',
      test_run_uuid: 'd438c723-c341-4821-a503-c9623a60f888'
    }
  ]
} to 28529:0
2026-02-24T21:19:39.371Z CLI info [testhub:request-queue-handler]  [vedantvankar_WD2nZN]  [srujyhua7le0kbwv6qz2yzcqpznuptkb92dxcer1]  [5be2e400-7dbb-417d-b612-44702b0f7e80]  Added the event {
  event_type: 'LogCreated',
  logs: [
    {
      testFrameworkName: 'pytest',
      testFrameworkVersion: '9.0.2',
      testFrameworkState: 'INIT_TEST',
      timestamp: '2026-02-24T21:18:46.375Z',
      uuid: 'd438c723-c341-4821-a503-c9623a60f888',
      kind: 'TEST_LOG',
      message: `Remote response: status=200 | data={"sessionId":"2e5cc9e6c637cc94577b1514d25170329d982ac1","status":0,"value":"{\\"automation_session\\":{\\"name\\":\\"main.py::test_elpais_scraper\\",\\"duration\\":null,\\"os\\":\\"OS X\\",\\"os_version\\":\\"Ventura\\",\\"browser_version\\":\\"145.0\\",\\"browser\\":\\"chrome\\",\\"device\\":null,\\"status\\":\\"running\\",\\"hashed_id\\":\\"2e5cc9e6c637cc94577b1514d25170329d982ac1\\",\\"reason\\":null,\\"build_name\\":\\"Selenium Multi Platform Run  3\\",\\"project_name\\":\\"EL Pais Opinion Scraper\\",\\"build_hashed_id\\":\\"e4ec08de515af733305da0e377e351cc70e0b37c\\",\\"test_priority\\":null}}"} | headers=HTTPHeaderDict({'Server': 'nginx', 'Date': 'Tue, 24 Feb 2026 21:18:46 GMT', 'Content-Type': 'application/json; charset=utf-8', 'Transfer-Encoding': 'chunked', 'Connection': 'keep-alive', 'Source-From': '02', 'cache-control': 'no-cache'})`,
      level: 'DEBUG',
      test_run_uuid: 'd438c723-c341-4821-a503-c9623a60f888'
    }
  ]
} to 28529:0
2026-02-24T21:19:39.371Z CLI info [testhub:request-queue-handler]  [vedantvankar_WD2nZN]  [srujyhua7le0kbwv6qz2yzcqpznuptkb92dxcer1]  [5be2e400-7dbb-417d-b612-44702b0f7e80]  Added the event {
  event_type: 'LogCreated',
  logs: [
    {
      testFrameworkName: 'pytest',
      testFrameworkVersion: '9.0.2',
      testFrameworkState: 'INIT_TEST',
      timestamp: '2026-02-24T21:18:46.376Z',
      uuid: 'd438c723-c341-4821-a503-c9623a60f888',
      kind: 'TEST_LOG',
      message: 'Finished Request',
      level: 'DEBUG',
      test_run_uuid: 'd438c723-c341-4821-a503-c9623a60f888'
    }
  ]
} to 28529:0
2026-02-24T21:19:39.371Z CLI info [testhub:request-queue-handler]  [vedantvankar_WD2nZN]  [srujyhua7le0kbwv6qz2yzcqpznuptkb92dxcer1]  [5be2e400-7dbb-417d-b612-44702b0f7e80]  Added the event {
  event_type: 'LogCreated',
  logs: [
    {
      testFrameworkName: 'pytest',
      testFrameworkVersion: '9.0.2',
      testFrameworkState: 'INIT_TEST',
      timestamp: '2026-02-24T21:18:46.381Z',
      uuid: 'd438c723-c341-4821-a503-c9623a60f888',
      kind: 'TEST_LOG',
      message: `POST https://hub-aps.browserstack.com/wd/hub/session/2e5cc9e6c637cc94577b1514d25170329d982ac1/execute/sync {'script': 'browserstack_executor: {"action": "annotate", "arguments": {"type": "Annotation", "data": "Observabi...', 'args': []}`,
      level: 'DEBUG',
      test_run_uuid: 'd438c723-c341-4821-a503-c9623a60f888'
    }
  ]
} to 28529:0
2026-02-24T21:19:39.371Z CLI info [testhub:request-queue-handler]  [vedantvankar_WD2nZN]  [srujyhua7le0kbwv6qz2yzcqpznuptkb92dxcer1]  [5be2e400-7dbb-417d-b612-44702b0f7e80]  Added the event {
  event_type: 'LogCreated',
  logs: [
    {
      testFrameworkName: 'pytest',
      testFrameworkVersion: '9.0.2',
      testFrameworkState: 'INIT_TEST',
      timestamp: '2026-02-24T21:18:46.435Z',
      uuid: 'd438c723-c341-4821-a503-c9623a60f888',
      kind: 'TEST_LOG',
      message: 'https://hub-aps.browserstack.com:443 "POST /wd/hub/session/2e5cc9e6c637cc94577b1514d25170329d982ac1/execute/sync HTTP/1.1" 200 None',
      level: 'DEBUG',
      test_run_uuid: 'd438c723-c341-4821-a503-c9623a60f888'
    }
  ]
} to 28529:0
2026-02-24T21:19:39.372Z CLI info [testhub:request-queue-handler]  [vedantvankar_WD2nZN]  [srujyhua7le0kbwv6qz2yzcqpznuptkb92dxcer1]  [5be2e400-7dbb-417d-b612-44702b0f7e80]  Added the event {
  event_type: 'LogCreated',
  logs: [
    {
      testFrameworkName: 'pytest',
      testFrameworkVersion: '9.0.2',
      testFrameworkState: 'INIT_TEST',
      timestamp: '2026-02-24T21:18:46.436Z',
      uuid: 'd438c723-c341-4821-a503-c9623a60f888',
      kind: 'TEST_LOG',
      message: `Remote response: status=200 | data={"sessionId":"2e5cc9e6c637cc94577b1514d25170329d982ac1","status":0,"value":"ObservabilitySync:1771967926380"} | headers=HTTPHeaderDict({'Server': 'nginx', 'Date': 'Tue, 24 Feb 2026 21:18:46 GMT', 'Content-Type': 'application/json; charset=utf-8', 'Transfer-Encoding': 'chunked', 'Connection': 'keep-alive', 'Source-From': '02', 'cache-control': 'no-cache'})`,
      level: 'DEBUG',
      test_run_uuid: 'd438c723-c341-4821-a503-c9623a60f888'
    }
  ]
} to 28529:0
2026-02-24T21:19:39.372Z CLI info [testhub:request-queue-handler]  [vedantvankar_WD2nZN]  [srujyhua7le0kbwv6qz2yzcqpznuptkb92dxcer1]  [5be2e400-7dbb-417d-b612-44702b0f7e80]  Added the event {
  event_type: 'LogCreated',
  logs: [
    {
      testFrameworkName: 'pytest',
      testFrameworkVersion: '9.0.2',
      testFrameworkState: 'INIT_TEST',
      timestamp: '2026-02-24T21:18:46.436Z',
      uuid: 'd438c723-c341-4821-a503-c9623a60f888',
      kind: 'TEST_LOG',
      message: 'Finished Request',
      level: 'DEBUG',
      test_run_uuid: 'd438c723-c341-4821-a503-c9623a60f888'
    }
  ]
} to 28529:0
2026-02-24T21:19:39.372Z CLI info [testhub:request-queue-handler]  [vedantvankar_WD2nZN]  [srujyhua7le0kbwv6qz2yzcqpznuptkb92dxcer1]  [5be2e400-7dbb-417d-b612-44702b0f7e80]  Added the event {
  event_type: 'LogCreated',
  logs: [
    {
      testFrameworkName: 'pytest',
      testFrameworkVersion: '9.0.2',
      testFrameworkState: 'INIT_TEST',
      timestamp: '2026-02-24T21:18:46.478Z',
      uuid: 'd438c723-c341-4821-a503-c9623a60f888',
      kind: 'TEST_LOG',
      message: "POST https://hub-aps.browserstack.com/wd/hub/session/2e5cc9e6c637cc94577b1514d25170329d982ac1/url {'url': 'https://elpais.com/'}",
      level: 'DEBUG',
      test_run_uuid: 'd438c723-c341-4821-a503-c9623a60f888'
    }
  ]
} to 28529:0
2026-02-24T21:19:39.372Z CLI info [testhub:request-queue-handler]  [vedantvankar_WD2nZN]  [srujyhua7le0kbwv6qz2yzcqpznuptkb92dxcer1]  [5be2e400-7dbb-417d-b612-44702b0f7e80]  Added the event {
  event_type: 'LogCreated',
  logs: [
    {
      testFrameworkName: 'pytest',
      testFrameworkVersion: '9.0.2',
      testFrameworkState: 'INIT_TEST',
      timestamp: '2026-02-24T21:18:50.390Z',
      uuid: 'd438c723-c341-4821-a503-c9623a60f888',
      kind: 'TEST_LOG',
      message: 'https://hub-aps.browserstack.com:443 "POST /wd/hub/session/2e5cc9e6c637cc94577b1514d25170329d982ac1/url HTTP/1.1" 200 0',
      level: 'DEBUG',
      test_run_uuid: 'd438c723-c341-4821-a503-c9623a60f888'
    }
  ]
} to 28529:0
2026-02-24T21:19:39.373Z CLI info [testhub:request-queue-handler]  [vedantvankar_WD2nZN]  [srujyhua7le0kbwv6qz2yzcqpznuptkb92dxcer1]  [5be2e400-7dbb-417d-b612-44702b0f7e80]  Added the event {
  event_type: 'LogCreated',
  logs: [
    {
      testFrameworkName: 'pytest',
      testFrameworkVersion: '9.0.2',
      testFrameworkState: 'INIT_TEST',
      timestamp: '2026-02-24T21:18:50.391Z',
      uuid: 'd438c723-c341-4821-a503-c9623a60f888',
      kind: 'TEST_LOG',
      message: `Remote response: status=200 | data={"value":null} | headers=HTTPHeaderDict({'Server': 'nginx', 'Date': 'Tue, 24 Feb 2026 21:18:50 GMT', 'Content-Type': 'application/json;charset=utf-8', 'Content-Length': '14', 'Connection': 'keep-alive', 'Source-From': '02', 'expires': 'Thu, 01 Jan 1970 00:00:00 GMT', 'cache-control': 'no-cache, no-cache'})`,
      level: 'DEBUG',
      test_run_uuid: 'd438c723-c341-4821-a503-c9623a60f888'
    }
  ]
} to 28529:0
2026-02-24T21:19:39.373Z CLI info [testhub:request-queue-handler]  [vedantvankar_WD2nZN]  [srujyhua7le0kbwv6qz2yzcqpznuptkb92dxcer1]  [5be2e400-7dbb-417d-b612-44702b0f7e80]  Added the event {
  event_type: 'LogCreated',
  logs: [
    {
      testFrameworkName: 'pytest',
      testFrameworkVersion: '9.0.2',
      testFrameworkState: 'INIT_TEST',
      timestamp: '2026-02-24T21:18:50.391Z',
      uuid: 'd438c723-c341-4821-a503-c9623a60f888',
      kind: 'TEST_LOG',
      message: 'Finished Request',
      level: 'DEBUG',
      test_run_uuid: 'd438c723-c341-4821-a503-c9623a60f888'
    }
  ]
} to 28529:0
2026-02-24T21:19:39.373Z CLI info [testhub:request-queue-handler]  [vedantvankar_WD2nZN]  [srujyhua7le0kbwv6qz2yzcqpznuptkb92dxcer1]  [5be2e400-7dbb-417d-b612-44702b0f7e80]  Added the event {
  event_type: 'LogCreated',
  logs: [
    {
      testFrameworkName: 'pytest',
      testFrameworkVersion: '9.0.2',
      testFrameworkState: 'INIT_TEST',
      timestamp: '2026-02-24T21:18:55.393Z',
      uuid: 'd438c723-c341-4821-a503-c9623a60f888',
      kind: 'TEST_LOG',
      message: 'GET https://hub-aps.browserstack.com/wd/hub/session/2e5cc9e6c637cc94577b1514d25170329d982ac1/source {}',
      level: 'DEBUG',
      test_run_uuid: 'd438c723-c341-4821-a503-c9623a60f888'
    }
  ]
} to 28529:0
2026-02-24T21:19:39.373Z CLI info [testhub:request-queue-handler]  [vedantvankar_WD2nZN]  [srujyhua7le0kbwv6qz2yzcqpznuptkb92dxcer1]  [5be2e400-7dbb-417d-b612-44702b0f7e80]  Added the event {
  event_type: 'LogCreated',
  logs: [
    {
      testFrameworkName: 'pytest',
      testFrameworkVersion: '9.0.2',
      testFrameworkState: 'INIT_TEST',
      timestamp: '2026-02-24T21:18:57.864Z',
      uuid: 'd438c723-c341-4821-a503-c9623a60f888',
      kind: 'TEST_LOG',
      message: 'https://hub-aps.browserstack.com:443 "GET /wd/hub/session/2e5cc9e6c637cc94577b1514d25170329d982ac1/source HTTP/1.1" 200 0',
      level: 'DEBUG',
      test_run_uuid: 'd438c723-c341-4821-a503-c9623a60f888'
    }
  ]
} to 28529:0
2026-02-24T21:19:39.374Z CLI info [testhub:request-queue-handler]  [vedantvankar_WD2nZN]  [srujyhua7le0kbwv6qz2yzcqpznuptkb92dxcer1]  [5be2e400-7dbb-417d-b612-44702b0f7e80]  Added the event {
  event_type: 'LogCreated',
  logs: [
    {
      testFrameworkName: 'pytest',
      testFrameworkVersion: '9.0.2',
      testFrameworkState: 'INIT_TEST',
      timestamp: '2026-02-24T21:18:57.870Z',
      uuid: 'd438c723-c341-4821-a503-c9623a60f888',
      kind: 'TEST_LOG',
      message: 'Remote response: status=200 | data={"value":"<html lang=\\"es-ES\\"><head class=\\"at-element-marker\\"><meta charset=\\"UTF-8\\"><meta name=\\"viewport\\" content=\\"width=device-width, initial-scale=1.0\\"><link rel=\\"preload\\" as=\\"image\\" href=\\"https://static.elpais.com/dist/resources/images/logos/primary/el-pais-slogan-esp.svg\\"><link rel=\\"preload\\" as=\\"image\\" imagesrcset=\\"https://imagenes.elpais.com/resizer/v2/PCWJZY7FPBCPLIPZCYNSEXLWEQ.jpg?auth=1e77f5bb3ddef5861b77c7a2e3eedb1f9150d06f5a69a86a9508eea5e2864148&amp;width=414 414w,https://imagenes.elpais.com/resizer/v2/PCWJZY7FPBCPLIPZCYNSEXLWEQ.jpg?auth=1e77f5bb3ddef5861b77c7a2e3eedb1f9150d06f5a69a86a9508eea5e2864148&amp;width=828 828w,https://imagenes.elpais.com/resizer/v2/PCWJZY7FPBCPLIPZCYNSEXLWEQ.jpg?auth=1e77f5bb3ddef5861b77c7a2e3eedb1f9150d06f5a69a86a9508eea5e2864148&amp;width=1200 1200w\\" imagesizes=\\"(min-width: 1199px) 1155px, (min-width: 1001px) calc(100vw - 44px), (min-width: 768px) 715px, (min-width: 576px) calc(100vw - 40px), 100vw\\"><script id=\\"spcloader\\" type=\\"text/javascript\\" async=\\"\\" src=\\"https://sdk.privacy-center.org/8ba38674-edba-484d-8053-435051d79f72/loader.js?target=epconsentwalnoneu.com\\" charset=\\"utf-8\\"></script><script async=\\"\\" src=\\"https://c.amazon-adsystem.com/aax2/apstag.js\\"></script><link rel=\\"dns-prefetch\\"><link rel=\\"preconnect\\"><script async=\\"\\" src=\\"https://sb.scorecardresearch.com/cs/8671776/beacon.js\\"></script><script src=\\"https://sdk.mrf.io/statics/marfeel-sdk.es5.js?id=2223\\" async=\\"\\" type=\\"text/javascript\\" nomodule=\\"\\"></script><script src=\\"https://sdk.mrf.io/statics/marfeel-sdk.js?id=2223\\" type=\\"module\\"></script><script id=\\"gfkS2s\\" async=\\"\\" type=\\"text/javascript\\" src=\\"https://ES-config.sensic.net/s2s-web.js\\"></script><script src=\\"https://accounts.google.com/gsi/client\\" async=\\"\\" defer=\\"\\"></script><link rel=\\"preconnect\\" href=\\"//static.elpais.com\\"><link rel=\\"preconnect\\" href=\\"//assets.adobedtm.com\\"><link rel=\\"preconnect\\" href=\\"//sdk.privacy-center.org\\"><link rel=\\"preload\\" href=\\"https://imagenes.elpais.com/resizer/v2/PCWJZY7FPBCPLIPZCYNSEXLWEQ.jpg?auth=1e77f5bb3ddef5861b77c7a2e3eedb1f9150d06f5a69a86a9508eea5e2864148&amp;width=414&amp;height=311&amp;smart=true\\" imagesrcset=\\"https://imagenes.elpais.com/resizer/v2/PCWJZY7FPBCPLIPZCYNSEXLWEQ.jpg?auth=1e77f5bb3ddef5861b77c7a2e3eedb1f9150d06f5a69a86a9508eea5e2864148&amp;width=414&amp;height=311&amp;smart=true 414w,https://imagenes.elpais.com/resizer/v2/PCWJZY7FPBCPLIPZCYNSEXLWEQ.jpg?auth=1e77f5bb3ddef5861b77c7a2e3eedb1f9150d06f5a69a86a9508eea5e2864148&amp;width=828&amp;height=621&amp;smart=true 828w,https://imagenes.elpais.com/resizer/v2/PCWJZY7FPBCPLIPZCYNSEXLWEQ.jpg?auth=1e77f5bb3ddef5861b77c7a2e3eedb1f9150d06f5a69a86a9508eea5e2864148&amp;width=1200&amp;height=900&amp;smart=true 1200w\\" imagesizes=\\"(min-width: 1199px) 1155px, (min-width: 1001px) calc(100vw - 44px), (min-width: 768px) 715px, (min-width: 576px) calc(100vw - 40px), 100vw\\" as=\\"image\\" fetchpriority=\\"high\\"><link rel=\\"preload\\" href=\\"https://static.elpais.com/dist/resources/fonts/majrit/majrit-text/Majrit-Text-Bold.woff2\\" as=\\"font\\" type=\\"font/woff2\\" crossorigin=\\"\\"><link rel=\\"preload\\" href=\\"https://static.elpais.com/dist/resources/fonts/majrit/majrit-text/Majrit-Text-Roman.woff2\\" as=\\"font\\" type=\\"font/woff2\\" crossorigin=\\"\\"><title>EL PAÍS: el periódico global</title><meta name=\\"date\\" scheme=\\"W3CDTF\\" content=\\"2026-02-24T22:15:19+01:00\\"><meta name=\\"lang\\" content=\\"es-ES\\"><meta name=\\"author\\" content=\\"Ediciones EL PAÍS\\"><meta name=\\"robots\\" content=\\"index,follow\\"><meta name=\\"description\\" content=\\"Noticias de última hora sobre la actualidad en España y el mundo: política, economía, deportes, cultura, sociedad, tecnología, gente, opinión, viajes, moda, televisión, los blogs y las firmas de EL PAÍS. Además especiales, vídeos, fotos, audios, gráficos, entrevistas, promociones y todos los servicios de EL PAÍS.\\"><meta name=\\"organization\\" content=\\"Ediciones EL PAÍS S.L.\\"><meta property=\\"article:publisher\\" content=\\"https://www.facebook.com/elpais/\\"><meta property=\\"article:modified_time\\" content=\\"2026-02-24T22:15:19+01:00\\"><meta property=\\"og:title\\" content=\\"EL PAÍS: el periódico global\\"><meta property=\\"og:description\\" content=\\"Noticias de última hora sobre la actualidad en España y el mundo: política, economía, deportes, cultura, sociedad, tecnología, gente, opinión, viajes, moda, televisión, los blogs y las firmas de EL PAÍS. Además especiales, vídeos, fotos, audios, gráficos, entrevistas, promociones y todos los servicios de EL PAÍS.\\"><meta property=\\"og:updated_time\\" content=\\"2026-02-24T22:15:19+01:00\\"><meta property=\\"og:image\\" content=\\"https://imagenes.elpais.com/resizer/v2/https%3A%2F%2Farc-anglerfish-eu-central-1-prod-prisa.s3.amazonaws.com%2Fpublic%2FPSMME3J7ZBDOHK4S6ZIIFVDEAQ.png?auth=6297c6ea5303b046503b1d9ef9d5cf46f4eacf1583ad6d61346d8fc8d9f9c948&amp;width=300&amp;height=300&amp;smart=true\\"><meta property=\\"og:image:width\\" content=\\"300\\"><meta property=\\"og:image:height\\" content=\\"300\\"><meta property=\\"og:url\\" content=\\"https://elpais.com\\"><meta property=\\"og:type\\" content=\\"website\\"><meta property=\\"og:site_name\\" content=\\"El País\\"><meta property=\\"fb:app_id\\" content=\\"94039431626\\"><meta property=\\"twitter:card\\" content=\\"summary\\"><meta property=\\"twitter:site\\" content=\\"@el_pais\\"><link rel=\\"canonical\\" href=\\"https://elpais.com\\"><meta property=\\"article:section\\" content=\\"Portada\\"><meta property=\\"twitter:title\\" content=\\"EL PAÍS: el periódico global\\"><meta property=\\"og:article:publisher\\" content=\\"EL PAÍS\\"><meta property=\\"og:article:author\\" content=\\"Ediciones EL PAÍS\\"><meta property=\\"fb:admins\\" content=\\"851024123, 100008251487379\\"><meta property=\\"fb:pages\\" content=\\"8585811569, 212722845575439, 1397320167179189, 358442097543367, 104260153017742, 171825147183, 122239794993797\\"><link rel=\\"alternate\\" href=\\"https://feeds.elpais.com/mrss-s/pages/ep/site/elpais.com/portada\\" type=\\"application/rss+xml\\" title=\\"RSS de la portada de El País\\"><link rel=\\"manifest\\" href=\\"/pf/resources/manifests/site.webmanifest?d=2381\\"><link rel=\\"icon\\" href=\\"https://static.elpais.com/dist/resources/images/favicon.ico\\" type=\\"image/x-icon\\"><link rel=\\"icon\\" href=\\"https://static.elpais.com/dist/resources/images/favicon_96.png\\" type=\\"image/png\\" sizes=\\"96x96\\"><link rel=\\"apple-touch-icon\\" sizes=\\"180x180\\" href=\\"https://static.elpais.com/dist/resources/images/apple-touch-icon.png\\"><script type=\\"application/javascript\\">window.ENP = {\\"globalContent\\":{\\"website\\":\\"el-pais\\",\\"alertEnabled\\":true,\\"lotteryButtonEnabled\\":false,\\"chatbotDisabled\\":false,\\"subscribeLinkByIP\\":\\"https://elpais.com/suscripciones/america/#/campaign\\",\\"subscribeLink\\":\\"https://elpais.com/suscripciones/#/campaign\\",\\"subscribePremiumLink\\":{\\"default\\":\\"https://elpais.com/suscripciones/premium/upgrade/\\",\\"CA\\":\\"https://elpais.com/suscripciones/digital/premium/upgrade/eucan/\\",\\"US\\":\\"https://elpais.com/suscripciones/digital/premium/upgrade/eucan/\\"},\\"usunLoginUrl\\":\\"https://services.users.elpais.com/serviceLogin.html\\",\\"baseUrlApiGateway\\":\\"https://wdnf3ec6zb.execute-api.eu-west-1.amazonaws.com/PRO/api/\\",\\"serviceProductUrl\\":\\"https://services.users.elpais.com/serviceProduct.html\\",\\"newsGoogleScript\\":\\"https://news.google.com/swg/js/v1/swg.js\\",\\"secretPasswordServiceProduct\\":\\"&_&que_es_mi_barco$_$\\",\\"favoritesURL\\":\\"https://static.elpais.com/dist/resources/js/334f83a783d9964bffcb2080a770b0c8/ENP-favorites.js\\",\\"apiOrigin\\":\\"https://publicapi.elpais.com\\",\\"publicApi\\":\\"https://publicapi.elpais.com\\",\\"entitlements\\":{\\"basic\\":[2895115629259653],\\"premium\\":[2810938707754442]},\\"omitAds\\":false,\\"isHomepage\\":true,\\"refresh\\":true},\\"deployment\\":{\\"arcVersion\\":\\"2381\\",\\"cssVersion\\":\\"334f83a783d9964bffcb2080a770b0c8\\",\\"jsVersion\\":\\"334f83a783d9964bffcb2080a770b0c8\\",\\"resourcePath\\":\\"https://static.elpais.com/dist\\"},\\"translations\\":{\\"dateTime\\":{\\"dateTimeConnector\\":\\"a las\\",\\"ago\\":\\"Hace %s\\",\\"actualizado\\":\\"Actualizado\\",\\"act\\":\\"Act.\\",\\"published\\":\\"Publicado a las:\\",\\"modified\\":\\"y modificado a las\\"},\\"sharedBar\\":{\\"commentsMessage\\":\\"Ir a los comentarios\\",\\"copyLink\\":\\"Enlace copiado\\"},\\"subscribePremiumText\\":\\"Añade más ventajas a tu suscripción: 2 cuentas de email, PDF de EL PAÍS y todo Cinco Días.\\",\\"subscribePremiumButton\\":\\"HAZTE PREMIUM\\",\\"chatbot\\":{\\"welcomeMessage\\":\\"Hola%s, ¿puedo ayudarte?\\"},\\"cutOffMarks\\":{\\"searchBox\\":{\\"common\\":{\\"defaultOptionText\\":\\"Por %s\\"}},\\"cutOffMarksList\\":{\\"common\\":{\\"noResultsMessage\\":\\"No se encontraron resultados\\"}}},\\"games\\":{\\"registerPrimaryPlayText\\":\\"Regístrate ahora\\",\\"registerSecondaryPlayText\\":\\"Ya soy suscriptor\\"},\\"wrapped2025\\":{\\"mostReadSections\\":{\\"titleSubscribed\\":\\"Tus artículos más leídos han sido sobre\\"}}},\\"siteProperties\\":{\\"liveKickerUrl\\":\\"https://eskup.elpais.com/OuteskupSimple\\",\\"languageCode\\":\\"es-ES\\",\\"siteDomainURL\\":\\"https://elpais.com\\",\\"subscribeOther\\":{\\"default\\":{\\"MX\\":\\"https://elpais.com/suscripciones/america/mexico/digital/#/campaign#\\",\\"CO\\":\\"https://elpais.com/suscripciones/america/colombia/digital/#/campaign#\\",\\"CL\\":\\"https://elpais.com/suscripciones/america/chile/digital/#/campaign#\\",\\"CA\\":\\"https://elpais.com/suscripciones/digital/eucan/\\",\\"US\\":\\"https://elpais.com/suscripciones/digital/eucan/\\"},\\"freemium_t2\\":{\\"default\\":\\"https://elpais.com/suscripciones/premium/primer-mes-anual/#/campaign\\",\\"defaultAm\\":\\"https://elpais.com/suscripcion/latam/primermes/premium/mensual/anual/#/campaign\\",\\"MX\\":\\"https://elpais.com/suscripcion/latam/primermes/premium/mensual/anual/#/campaign\\",\\"CO\\":\\"https://elpais.com/suscripcion/colombia/premium/primermes/anual\\",\\"CL\\":\\"https://elpais.com/suscripcion/latam/primermes/premium/mensual/anual/#/campaign\\",\\"CA\\":\\"https://elpais.com/suscripciones/digital/premium/primer-mes-a'... 1071240 more characters,
      level: 'DEBUG',
      test_run_uuid: 'd438c723-c341-4821-a503-c9623a60f888'
    }
  ]
} to 28529:0
2026-02-24T21:19:39.374Z CLI info [testhub:request-queue-handler]  [vedantvankar_WD2nZN]  [srujyhua7le0kbwv6qz2yzcqpznuptkb92dxcer1]  [5be2e400-7dbb-417d-b612-44702b0f7e80]  Added the event {
  event_type: 'LogCreated',
  logs: [
    {
      testFrameworkName: 'pytest',
      testFrameworkVersion: '9.0.2',
      testFrameworkState: 'INIT_TEST',
      timestamp: '2026-02-24T21:18:57.917Z',
      uuid: 'd438c723-c341-4821-a503-c9623a60f888',
      kind: 'TEST_LOG',
      message: 'Finished Request',
      level: 'DEBUG',
      test_run_uuid: 'd438c723-c341-4821-a503-c9623a60f888'
    }
  ]
} to 28529:0
2026-02-24T21:19:39.374Z CLI info [testhub:request-queue-handler]  [vedantvankar_WD2nZN]  [srujyhua7le0kbwv6qz2yzcqpznuptkb92dxcer1]  [5be2e400-7dbb-417d-b612-44702b0f7e80]  Added the event {
  event_type: 'LogCreated',
  logs: [
    {
      testFrameworkName: 'pytest',
      testFrameworkVersion: '9.0.2',
      testFrameworkState: 'INIT_TEST',
      timestamp: '2026-02-24T21:18:58.019Z',
      uuid: 'd438c723-c341-4821-a503-c9623a60f888',
      kind: 'TEST_LOG',
      message: "POST https://hub-aps.browserstack.com/wd/hub/session/2e5cc9e6c637cc94577b1514d25170329d982ac1/url {'url': 'https://elpais.com/opinion/2026-02-24/no-mas-secretos-del-23-f.html'}",
      level: 'DEBUG',
      test_run_uuid: 'd438c723-c341-4821-a503-c9623a60f888'
    }
  ]
} to 28529:0
2026-02-24T21:19:39.375Z CLI info [testhub:request-queue-handler]  [vedantvankar_WD2nZN]  [srujyhua7le0kbwv6qz2yzcqpznuptkb92dxcer1]  [5be2e400-7dbb-417d-b612-44702b0f7e80]  Added the event {
  event_type: 'LogCreated',
  logs: [
    {
      testFrameworkName: 'pytest',
      testFrameworkVersion: '9.0.2',
      testFrameworkState: 'INIT_TEST',
      timestamp: '2026-02-24T21:18:59.439Z',
      uuid: 'd438c723-c341-4821-a503-c9623a60f888',
      kind: 'TEST_LOG',
      message: 'https://hub-aps.browserstack.com:443 "POST /wd/hub/session/2e5cc9e6c637cc94577b1514d25170329d982ac1/url HTTP/1.1" 200 0',
      level: 'DEBUG',
      test_run_uuid: 'd438c723-c341-4821-a503-c9623a60f888'
    }
  ]
} to 28529:0
2026-02-24T21:19:39.375Z CLI info [testhub:request-queue-handler]  [vedantvankar_WD2nZN]  [srujyhua7le0kbwv6qz2yzcqpznuptkb92dxcer1]  [5be2e400-7dbb-417d-b612-44702b0f7e80]  Added the event {
  event_type: 'LogCreated',
  logs: [
    {
      testFrameworkName: 'pytest',
      testFrameworkVersion: '9.0.2',
      testFrameworkState: 'INIT_TEST',
      timestamp: '2026-02-24T21:18:59.439Z',
      uuid: 'd438c723-c341-4821-a503-c9623a60f888',
      kind: 'TEST_LOG',
      message: `Remote response: status=200 | data={"value":null} | headers=HTTPHeaderDict({'Server': 'nginx', 'Date': 'Tue, 24 Feb 2026 21:18:59 GMT', 'Content-Type': 'application/json;charset=utf-8', 'Content-Length': '14', 'Connection': 'keep-alive', 'Source-From': '02', 'expires': 'Thu, 01 Jan 1970 00:00:00 GMT', 'cache-control': 'no-cache, no-cache'})`,
      level: 'DEBUG',
      test_run_uuid: 'd438c723-c341-4821-a503-c9623a60f888'
    }
  ]
} to 28529:0
2026-02-24T21:19:39.375Z CLI info [testhub:request-queue-handler]  [vedantvankar_WD2nZN]  [srujyhua7le0kbwv6qz2yzcqpznuptkb92dxcer1]  [5be2e400-7dbb-417d-b612-44702b0f7e80]  Added the event {
  event_type: 'LogCreated',
  logs: [
    {
      testFrameworkName: 'pytest',
      testFrameworkVersion: '9.0.2',
      testFrameworkState: 'INIT_TEST',
      timestamp: '2026-02-24T21:18:59.440Z',
      uuid: 'd438c723-c341-4821-a503-c9623a60f888',
      kind: 'TEST_LOG',
      message: 'Finished Request',
      level: 'DEBUG',
      test_run_uuid: 'd438c723-c341-4821-a503-c9623a60f888'
    }
  ]
} to 28529:0
2026-02-24T21:19:39.375Z CLI info [testhub:request-queue-handler]  [vedantvankar_WD2nZN]  [srujyhua7le0kbwv6qz2yzcqpznuptkb92dxcer1]  [5be2e400-7dbb-417d-b612-44702b0f7e80]  Added the event {
  event_type: 'LogCreated',
  logs: [
    {
      testFrameworkName: 'pytest',
      testFrameworkVersion: '9.0.2',
      testFrameworkState: 'INIT_TEST',
      timestamp: '2026-02-24T21:19:03.441Z',
      uuid: 'd438c723-c341-4821-a503-c9623a60f888',
      kind: 'TEST_LOG',
      message: 'GET https://hub-aps.browserstack.com/wd/hub/session/2e5cc9e6c637cc94577b1514d25170329d982ac1/source {}',
      level: 'DEBUG',
      test_run_uuid: 'd438c723-c341-4821-a503-c9623a60f888'
    }
  ]
} to 28529:0
2026-02-24T21:19:39.376Z CLI info [testhub:request-queue-handler]  [vedantvankar_WD2nZN]  [srujyhua7le0kbwv6qz2yzcqpznuptkb92dxcer1]  [5be2e400-7dbb-417d-b612-44702b0f7e80]  Added the event {
  event_type: 'LogCreated',
  logs: [
    {
      testFrameworkName: 'pytest',
      testFrameworkVersion: '9.0.2',
      testFrameworkState: 'INIT_TEST',
      timestamp: '2026-02-24T21:19:04.343Z',
      uuid: 'd438c723-c341-4821-a503-c9623a60f888',
      kind: 'TEST_LOG',
      message: 'https://hub-aps.browserstack.com:443 "GET /wd/hub/session/2e5cc9e6c637cc94577b1514d25170329d982ac1/source HTTP/1.1" 200 0',
      level: 'DEBUG',
      test_run_uuid: 'd438c723-c341-4821-a503-c9623a60f888'
    }
  ]
} to 28529:0
2026-02-24T21:19:39.376Z CLI info [testhub:request-queue-handler]  [vedantvankar_WD2nZN]  [srujyhua7le0kbwv6qz2yzcqpznuptkb92dxcer1]  [5be2e400-7dbb-417d-b612-44702b0f7e80]  Added the event {
  event_type: 'LogCreated',
  logs: [
    {
      testFrameworkName: 'pytest',
      testFrameworkVersion: '9.0.2',
      testFrameworkState: 'INIT_TEST',
      timestamp: '2026-02-24T21:19:04.344Z',
      uuid: 'd438c723-c341-4821-a503-c9623a60f888',
      kind: 'TEST_LOG',
      message: 'Remote response: status=200 | data={"value":"<html lang=\\"es\\"><head><meta charset=\\"UTF-8\\"><meta name=\\"viewport\\" content=\\"width=device-width, initial-scale=1.0\\"><link rel=\\"preload\\" as=\\"image\\" imagesrcset=\\"https://imagenes.elpais.com/resizer/v2/SHDVIQXHKFLXZKBFNJ4J6ZELZM.jpg?auth=afdfa7f50415820dcc3e31575c8addc93a1f6e0fc466add03b8cf54361de7548&amp;width=414 414w,https://imagenes.elpais.com/resizer/v2/SHDVIQXHKFLXZKBFNJ4J6ZELZM.jpg?auth=afdfa7f50415820dcc3e31575c8addc93a1f6e0fc466add03b8cf54361de7548&amp;width=640 640w,https://imagenes.elpais.com/resizer/v2/SHDVIQXHKFLXZKBFNJ4J6ZELZM.jpg?auth=afdfa7f50415820dcc3e31575c8addc93a1f6e0fc466add03b8cf54361de7548&amp;width=1000 1000w,https://imagenes.elpais.com/resizer/v2/SHDVIQXHKFLXZKBFNJ4J6ZELZM.jpg?auth=afdfa7f50415820dcc3e31575c8addc93a1f6e0fc466add03b8cf54361de7548&amp;width=1200 1200w\\" imagesizes=\\"(min-width:1199px) 661px, (min-width:1001px) 54vw, (min-width:768px) 715px, 100vw\\"><script async=\\"\\" src=\\"https://c.amazon-adsystem.com/aax2/apstag.js\\"></script><link rel=\\"dns-prefetch\\"><link rel=\\"preconnect\\"><script async=\\"\\" src=\\"https://sb.scorecardresearch.com/cs/8671776/beacon.js\\"></script><script src=\\"https://sdk.mrf.io/statics/marfeel-sdk.es5.js?id=2223\\" async=\\"\\" type=\\"text/javascript\\" nomodule=\\"\\"></script><script src=\\"https://sdk.mrf.io/statics/marfeel-sdk.js?id=2223\\" type=\\"module\\"></script><script id=\\"gfkS2s\\" async=\\"\\" type=\\"text/javascript\\" src=\\"https://ES-config.sensic.net/s2s-web.js\\"></script><script id=\\"spcloader\\" type=\\"text/javascript\\" async=\\"\\" src=\\"https://sdk.privacy-center.org/8ba38674-edba-484d-8053-435051d79f72/loader.js?target=epconsentwalnoneu.com\\" charset=\\"utf-8\\"></script><script async=\\"\\" src=\\"https://news.google.com/swg/js/v1/swg-gaa.js\\"></script><script async=\\"\\" subscriptions-control=\\"manual\\" src=\\"https://news.google.com/swg/js/v1/swg.js\\"></script><script id=\\"dsq-count-scr\\" src=\\"https://el-pais-1.disqus.com/count.js\\" async=\\"\\"></script><script src=\\"https://accounts.google.com/gsi/client\\" async=\\"\\" defer=\\"\\"></script><link rel=\\"preconnect\\" href=\\"//static.elpais.com\\"><link rel=\\"preconnect\\" href=\\"//assets.adobedtm.com\\"><link rel=\\"preconnect\\" href=\\"//sdk.privacy-center.org\\"><link rel=\\"preload\\" href=\\"https://imagenes.elpais.com/resizer/v2/SHDVIQXHKFLXZKBFNJ4J6ZELZM.jpg?auth=afdfa7f50415820dcc3e31575c8addc93a1f6e0fc466add03b8cf54361de7548&amp;width=414\\" imagesrcset=\\"https://imagenes.elpais.com/resizer/v2/SHDVIQXHKFLXZKBFNJ4J6ZELZM.jpg?auth=afdfa7f50415820dcc3e31575c8addc93a1f6e0fc466add03b8cf54361de7548&amp;width=414 414w,https://imagenes.elpais.com/resizer/v2/SHDVIQXHKFLXZKBFNJ4J6ZELZM.jpg?auth=afdfa7f50415820dcc3e31575c8addc93a1f6e0fc466add03b8cf54361de7548&amp;width=640 640w,https://imagenes.elpais.com/resizer/v2/SHDVIQXHKFLXZKBFNJ4J6ZELZM.jpg?auth=afdfa7f50415820dcc3e31575c8addc93a1f6e0fc466add03b8cf54361de7548&amp;width=1000 1000w,https://imagenes.elpais.com/resizer/v2/SHDVIQXHKFLXZKBFNJ4J6ZELZM.jpg?auth=afdfa7f50415820dcc3e31575c8addc93a1f6e0fc466add03b8cf54361de7548&amp;width=1200 1200w\\" imagesizes=\\"(min-width:1199px) 661px, (min-width:1001px) 54vw, (min-width:768px) 715px, 100vw\\" as=\\"image\\" fetchpriority=\\"high\\"><link rel=\\"preload\\" href=\\"https://static.elpais.com/dist/resources/fonts/majrit/majrit-text/Majrit-Text-Roman.woff2\\" as=\\"font\\" type=\\"font/woff2\\" crossorigin=\\"\\"><link rel=\\"preload\\" href=\\"https://static.elpais.com/dist/resources/fonts/majrit/majrit-text/Majrit-Text-Black-Italic.woff2\\" as=\\"font\\" type=\\"font/woff2\\" crossorigin=\\"\\"><title>No más secretos del 23-F | Opinión | EL PAÍS</title><meta name=\\"date\\" scheme=\\"W3CDTF\\" content=\\"2026-02-24T05:30:01+01:00\\"><meta name=\\"lang\\" content=\\"es\\"><meta name=\\"author\\" content=\\"El País\\"><meta name=\\"robots\\" content=\\"index,follow,max-image-preview:large\\"><meta name=\\"description\\" content=\\"Desclasificar los documentos del golpe de Estado ayudará a acabar con las conspiraciones interesadas sobre la Transición\\"><meta name=\\"organization\\" content=\\"Ediciones EL PAÍS S.L.\\"><meta property=\\"article:publisher\\" content=\\"https://www.facebook.com/elpais\\"><meta property=\\"article:published_time\\" content=\\"2026-02-24T05:30:01+01:00\\"><meta property=\\"article:modified_time\\" content=\\"2026-02-24T05:30:01+01:00\\"><meta property=\\"og:title\\" content=\\"No más secretos del 23-F\\"><meta property=\\"og:description\\" content=\\"Desclasificar los documentos del golpe de Estado ayudará a acabar con las conspiraciones interesadas sobre la Transición\\"><meta property=\\"og:updated_time\\" content=\\"2026-02-24T05:30:01+01:00\\"><meta property=\\"og:image\\" content=\\"https://imagenes.elpais.com/resizer/v2/SHDVIQXHKFLXZKBFNJ4J6ZELZM.jpg?auth=afdfa7f50415820dcc3e31575c8addc93a1f6e0fc466add03b8cf54361de7548&amp;width=1200\\"><meta property=\\"og:image:width\\" content=\\"1200\\"><meta property=\\"og:image:height\\" content=\\"792\\"><meta property=\\"og:url\\" content=\\"https://elpais.com/opinion/2026-02-24/no-mas-secretos-del-23-f.html\\"><meta property=\\"og:type\\" content=\\"article\\"><meta property=\\"og:site_name\\" content=\\"El País\\"><meta property=\\"fb:app_id\\" content=\\"94039431626\\"><meta property=\\"twitter:card\\" content=\\"summary_large_image\\"><meta property=\\"twitter:site\\" content=\\"@el_pais\\"><link rel=\\"canonical\\" href=\\"https://elpais.com/opinion/2026-02-24/no-mas-secretos-del-23-f.html\\"><link rel=\\"amphtml\\" href=\\"https://elpais.com/opinion/2026-02-24/no-mas-secretos-del-23-f.html?outputType=amp\\"><meta property=\\"article:section\\" content=\\"Opinión\\"><meta property=\\"article:tag\\" content=\\"Opinión\\"><meta property=\\"article:tag\\" content=\\"Consejo de Ministros\\"><meta property=\\"article:tag\\" content=\\"23-F\\"><meta property=\\"article:tag\\" content=\\"Pedro Sánchez\\"><meta property=\\"article:tag\\" content=\\"Redes sociales\\"><meta property=\\"article:tag\\" content=\\"España\\"><meta property=\\"article:tag\\" content=\\"Historia\\"><meta property=\\"article:tag\\" content=\\"Política\\"><meta property=\\"article:tag\\" content=\\"Golpes estado\\"><meta property=\\"article:tag\\" content=\\"Juan Carlos I\\"><meta property=\\"article:tag\\" content=\\"Transición española\\"><meta property=\\"article:tag\\" content=\\"Transición democrática\\"><meta property=\\"article:tag\\" content=\\"Operación Galaxia\\"><meta property=\\"article:tag\\" content=\\"Monarquía\\"><meta property=\\"article:tag\\" content=\\"Ley Secretos Oficiales\\"><meta property=\\"article:tag\\" content=\\"Secretos oficiales\\"><meta property=\\"article:tag\\" content=\\"Desclasificación documentos\\"><meta property=\\"article:tag\\" content=\\"Franquismo\\"><meta property=\\"article:tag\\" content=\\"Guerra sucia\\"><meta property=\\"article:tag\\" content=\\"ETA\\"><meta property=\\"article:tag\\" content=\\"Ultraderecha\\"><meta property=\\"article:tag\\" content=\\"Democracia\\"><meta property=\\"twitter:title\\" content=\\"No más secretos del 23-F | Editorial\\"><meta property=\\"og:article:publisher\\" content=\\"EL PAÍS\\"><meta property=\\"og:article:author\\" content=\\"El País\\"><meta name=\\"DC.date.issued\\" content=\\"2026-02-24T05:30:01+01:00\\"><meta property=\\"mrf:tags\\" content=\\"brandedContent:false;\\"><meta property=\\"fb:pages\\" content=\\"8585811569\\"><meta property=\\"news_keywords\\" content=\\"Opinión, Consejo de Ministros, 23-F, Pedro Sánchez, Redes sociales, España, Historia, Política, Golpes estado, Juan Carlos I, Transición española, Transición democrática, Operación Galaxia, Monarquía, Ley Secretos Oficiales, Secretos oficiales, Desclasificación documentos, Franquismo, Guerra sucia, ETA, Ultraderecha, Democracia\\"><link rel=\\"alternate\\" href=\\"https://feeds.elpais.com/mrss-s/pages/ep/site/elpais.com/section/opinion/portada\\" type=\\"application/rss+xml\\" title=\\"RSS sobre Opinión\\"><link rel=\\"manifest\\" href=\\"/pf/resources/manifests/site.webmanifest?d=2381\\"><link rel=\\"icon\\" href=\\"https://static.elpais.com/dist/resources/images/favicon.ico\\" type=\\"image/x-icon\\"><link rel=\\"icon\\" href=\\"https://static.elpais.com/dist/resources/images/favicon_96.png\\" type=\\"image/png\\" sizes=\\"96x96\\"><link rel=\\"apple-touch-icon\\" sizes=\\"180x180\\" href=\\"https://static.elpais.com/dist/resources/images/apple-touch-icon.png\\"><script type=\\"application/javascript\\">window.ENP = {\\"globalContent\\":{\\"_id\\":\\"DIWYSWN2W5G5BDCCNBYU4B6PDI\\",\\"website\\":\\"el-pais\\",\\"alertEnabled\\":true,\\"lotteryButtonEnabled\\":false,\\"chatbotDisabled\\":true,\\"subscribeLinkByIP\\":\\"https://elpais.com/suscripciones/america/#/campaign\\",\\"subscribeLink\\":\\"https://elpais.com/suscripciones/#/campaign\\",\\"subscribePremiumLink\\":{\\"default\\":\\"https://elpais.com/suscripciones/premium/upgrade/\\",\\"CA\\":\\"https://elpais.com/suscripciones/digital/premium/upgrade/eucan/\\",\\"US\\":\\"https://elpais.com/suscripciones/digital/premium/upgrade/eucan/\\"},\\"usunLoginUrl\\":\\"https://services.users.elpais.com/serviceLogin.html\\",\\"baseUrlApiGateway\\":\\"https://wdnf3ec6zb.execute-api.eu-west-1.amazonaws.com/PRO/api/\\",\\"serviceProductUrl\\":\\"https://services.users.elpais.com/serviceProduct.html\\",\\"newsGoogleScript\\":\\"https://news.google.com/swg/js/v1/swg.js\\",\\"secretPasswordServiceProduct\\":\\"&_&que_es_mi_barco$_$\\",\\"favoritesURL\\":\\"https://static.elpais.com/dist/resources/js/334f83a783d9964bffcb2080a770b0c8/ENP-favorites.js\\",\\"apiOrigin\\":\\"https://publicapi.elpais.com\\",\\"publicApi\\":\\"https://publicapi.elpais.com\\",\\"entitlements\\":{\\"basic\\":[2895115629259653],\\"premium\\":[2810938707754442]},\\"omitAds\\":false,\\"isArticle\\":true,\\"isPageWithLiveBlog\\":false,\\"isPageWithLes\\":false,\\"isScoreboardLive\\":false,\\"hasSportLive\\":false,\\"source_system\\":\\"composer\\",\\"canonicalUrl\\":\\"/opinion/2026-02-24/no-mas-secretos-del-23-f.html\\",\\"alertsOption\\":{\\"enableAlert\\":true},\\"comments\\":{\\"display_comments\\":true},\\"sites\\":{\\"el-pais\\":{\\"socialLinks\\":{\\"facebook\\":\\"https://es-es.facebook.com/elpais/\\",\\"twitter\\":\\"https://twitter.com/el_pais\\",\\"youtube\\":\\"https://www.youtube.com/channel/UCnsvJeZO4RigQ898WdDNoBw\\",\\"wikipedia\\":\\'... 559128 more characters,
      level: 'DEBUG',
      test_run_uuid: 'd438c723-c341-4821-a503-c9623a60f888'
    }
  ]
} to 28529:0
2026-02-24T21:19:39.376Z CLI info [testhub:request-queue-handler]  [vedantvankar_WD2nZN]  [srujyhua7le0kbwv6qz2yzcqpznuptkb92dxcer1]  [5be2e400-7dbb-417d-b612-44702b0f7e80]  Added the event {
  event_type: 'LogCreated',
  logs: [
    {
      testFrameworkName: 'pytest',
      testFrameworkVersion: '9.0.2',
      testFrameworkState: 'INIT_TEST',
      timestamp: '2026-02-24T21:19:04.358Z',
      uuid: 'd438c723-c341-4821-a503-c9623a60f888',
      kind: 'TEST_LOG',
      message: 'Finished Request',
      level: 'DEBUG',
      test_run_uuid: 'd438c723-c341-4821-a503-c9623a60f888'
    }
  ]
} to 28529:0
2026-02-24T21:19:39.377Z CLI info [testhub:request-queue-handler]  [vedantvankar_WD2nZN]  [srujyhua7le0kbwv6qz2yzcqpznuptkb92dxcer1]  [5be2e400-7dbb-417d-b612-44702b0f7e80]  Added the event {
  event_type: 'LogCreated',
  logs: [
    {
      testFrameworkName: 'pytest',
      testFrameworkVersion: '9.0.2',
      testFrameworkState: 'INIT_TEST',
      timestamp: '2026-02-24T21:19:04.420Z',
      uuid: 'd438c723-c341-4821-a503-c9623a60f888',
      kind: 'TEST_LOG',
      message: 'Starting new HTTPS connection (1): imagenes.elpais.com:443',
      level: 'DEBUG',
      test_run_uuid: 'd438c723-c341-4821-a503-c9623a60f888'
    }
  ]
} to 28529:0
2026-02-24T21:19:39.377Z CLI info [testhub:request-queue-handler]  [vedantvankar_WD2nZN]  [srujyhua7le0kbwv6qz2yzcqpznuptkb92dxcer1]  [5be2e400-7dbb-417d-b612-44702b0f7e80]  Added the event {
  event_type: 'LogCreated',
  logs: [
    {
      testFrameworkName: 'pytest',
      testFrameworkVersion: '9.0.2',
      testFrameworkState: 'INIT_TEST',
      timestamp: '2026-02-24T21:19:06.108Z',
      uuid: 'd438c723-c341-4821-a503-c9623a60f888',
      kind: 'TEST_LOG',
      message: 'https://imagenes.elpais.com:443 "GET /resizer/v2/SHDVIQXHKFLXZKBFNJ4J6ZELZM.jpg?auth=afdfa7f50415820dcc3e31575c8addc93a1f6e0fc466add03b8cf54361de7548&width=1200 HTTP/1.1" 200 131447',
      level: 'DEBUG',
      test_run_uuid: 'd438c723-c341-4821-a503-c9623a60f888'
    }
  ]
} to 28529:0
2026-02-24T21:19:39.377Z CLI info [testhub:request-queue-handler]  [vedantvankar_WD2nZN]  [srujyhua7le0kbwv6qz2yzcqpznuptkb92dxcer1]  [5be2e400-7dbb-417d-b612-44702b0f7e80]  Added the event {
  event_type: 'LogCreated',
  logs: [
    {
      testFrameworkName: 'pytest',
      testFrameworkVersion: '9.0.2',
      testFrameworkState: 'INIT_TEST',
      timestamp: '2026-02-24T21:19:06.490Z',
      uuid: 'd438c723-c341-4821-a503-c9623a60f888',
      kind: 'TEST_LOG',
      message: "POST https://hub-aps.browserstack.com/wd/hub/session/2e5cc9e6c637cc94577b1514d25170329d982ac1/url {'url': 'https://elpais.com/opinion/2026-02-24/la-lenta-gestacion-de-la-extrema-derecha.html'}",
      level: 'DEBUG',
      test_run_uuid: 'd438c723-c341-4821-a503-c9623a60f888'
    }
  ]
} to 28529:0
2026-02-24T21:19:39.377Z CLI info [testhub:request-queue-handler]  [vedantvankar_WD2nZN]  [srujyhua7le0kbwv6qz2yzcqpznuptkb92dxcer1]  [5be2e400-7dbb-417d-b612-44702b0f7e80]  Added the event {
  event_type: 'LogCreated',
  logs: [
    {
      testFrameworkName: 'pytest',
      testFrameworkVersion: '9.0.2',
      testFrameworkState: 'INIT_TEST',
      timestamp: '2026-02-24T21:19:07.688Z',
      uuid: 'd438c723-c341-4821-a503-c9623a60f888',
      kind: 'TEST_LOG',
      message: 'https://hub-aps.browserstack.com:443 "POST /wd/hub/session/2e5cc9e6c637cc94577b1514d25170329d982ac1/url HTTP/1.1" 200 0',
      level: 'DEBUG',
      test_run_uuid: 'd438c723-c341-4821-a503-c9623a60f888'
    }
  ]
} to 28529:0
2026-02-24T21:19:39.378Z CLI info [testhub:request-queue-handler]  [vedantvankar_WD2nZN]  [srujyhua7le0kbwv6qz2yzcqpznuptkb92dxcer1]  [5be2e400-7dbb-417d-b612-44702b0f7e80]  Added the event {
  event_type: 'LogCreated',
  logs: [
    {
      testFrameworkName: 'pytest',
      testFrameworkVersion: '9.0.2',
      testFrameworkState: 'INIT_TEST',
      timestamp: '2026-02-24T21:19:07.689Z',
      uuid: 'd438c723-c341-4821-a503-c9623a60f888',
      kind: 'TEST_LOG',
      message: `Remote response: status=200 | data={"value":null} | headers=HTTPHeaderDict({'Server': 'nginx', 'Date': 'Tue, 24 Feb 2026 21:19:07 GMT', 'Content-Type': 'application/json;charset=utf-8', 'Content-Length': '14', 'Connection': 'keep-alive', 'Source-From': '02', 'expires': 'Thu, 01 Jan 1970 00:00:00 GMT', 'cache-control': 'no-cache, no-cache'})`,
      level: 'DEBUG',
      test_run_uuid: 'd438c723-c341-4821-a503-c9623a60f888'
    }
  ]
} to 28529:0
2026-02-24T21:19:39.378Z CLI info [testhub:request-queue-handler]  [vedantvankar_WD2nZN]  [srujyhua7le0kbwv6qz2yzcqpznuptkb92dxcer1]  [5be2e400-7dbb-417d-b612-44702b0f7e80]  Added the event {
  event_type: 'LogCreated',
  logs: [
    {
      testFrameworkName: 'pytest',
      testFrameworkVersion: '9.0.2',
      testFrameworkState: 'INIT_TEST',
      timestamp: '2026-02-24T21:19:07.689Z',
      uuid: 'd438c723-c341-4821-a503-c9623a60f888',
      kind: 'TEST_LOG',
      message: 'Finished Request',
      level: 'DEBUG',
      test_run_uuid: 'd438c723-c341-4821-a503-c9623a60f888'
    }
  ]
} to 28529:0
2026-02-24T21:19:39.378Z CLI info [testhub:request-queue-handler]  [vedantvankar_WD2nZN]  [srujyhua7le0kbwv6qz2yzcqpznuptkb92dxcer1]  [5be2e400-7dbb-417d-b612-44702b0f7e80]  Added the event {
  event_type: 'LogCreated',
  logs: [
    {
      testFrameworkName: 'pytest',
      testFrameworkVersion: '9.0.2',
      testFrameworkState: 'INIT_TEST',
      timestamp: '2026-02-24T21:19:11.692Z',
      uuid: 'd438c723-c341-4821-a503-c9623a60f888',
      kind: 'TEST_LOG',
      message: 'GET https://hub-aps.browserstack.com/wd/hub/session/2e5cc9e6c637cc94577b1514d25170329d982ac1/source {}',
      level: 'DEBUG',
      test_run_uuid: 'd438c723-c341-4821-a503-c9623a60f888'
    }
  ]
} to 28529:0
2026-02-24T21:19:39.379Z CLI info [testhub:request-queue-handler]  [vedantvankar_WD2nZN]  [srujyhua7le0kbwv6qz2yzcqpznuptkb92dxcer1]  [5be2e400-7dbb-417d-b612-44702b0f7e80]  Added the event {
  event_type: 'LogCreated',
  logs: [
    {
      testFrameworkName: 'pytest',
      testFrameworkVersion: '9.0.2',
      testFrameworkState: 'INIT_TEST',
      timestamp: '2026-02-24T21:19:12.536Z',
      uuid: 'd438c723-c341-4821-a503-c9623a60f888',
      kind: 'TEST_LOG',
      message: 'https://hub-aps.browserstack.com:443 "GET /wd/hub/session/2e5cc9e6c637cc94577b1514d25170329d982ac1/source HTTP/1.1" 200 0',
      level: 'DEBUG',
      test_run_uuid: 'd438c723-c341-4821-a503-c9623a60f888'
    }
  ]
} to 28529:0
2026-02-24T21:19:39.379Z CLI info [testhub:request-queue-handler]  [vedantvankar_WD2nZN]  [srujyhua7le0kbwv6qz2yzcqpznuptkb92dxcer1]  [5be2e400-7dbb-417d-b612-44702b0f7e80]  Added the event {
  event_type: 'LogCreated',
  logs: [
    {
      testFrameworkName: 'pytest',
      testFrameworkVersion: '9.0.2',
      testFrameworkState: 'INIT_TEST',
      timestamp: '2026-02-24T21:19:12.537Z',
      uuid: 'd438c723-c341-4821-a503-c9623a60f888',
      kind: 'TEST_LOG',
      message: 'Remote response: status=200 | data={"value":"<html lang=\\"es\\"><head><meta charset=\\"UTF-8\\"><meta name=\\"viewport\\" content=\\"width=device-width, initial-scale=1.0\\"><link rel=\\"preload\\" as=\\"image\\" imagesrcset=\\"https://imagenes.elpais.com/resizer/v2/RVARX53BAFGGBGXKCBT444XZPI.jpg?auth=1674ff05e33872db06a644acfa2f105bcb5bbb7daf9455dee85b36e1f63f3e7f&amp;width=414 414w,https://imagenes.elpais.com/resizer/v2/RVARX53BAFGGBGXKCBT444XZPI.jpg?auth=1674ff05e33872db06a644acfa2f105bcb5bbb7daf9455dee85b36e1f63f3e7f&amp;width=640 640w,https://imagenes.elpais.com/resizer/v2/RVARX53BAFGGBGXKCBT444XZPI.jpg?auth=1674ff05e33872db06a644acfa2f105bcb5bbb7daf9455dee85b36e1f63f3e7f&amp;width=1000 1000w,https://imagenes.elpais.com/resizer/v2/RVARX53BAFGGBGXKCBT444XZPI.jpg?auth=1674ff05e33872db06a644acfa2f105bcb5bbb7daf9455dee85b36e1f63f3e7f&amp;width=1200 1200w\\" imagesizes=\\"(min-width:1199px) 661px, (min-width:1001px) 54vw, (min-width:768px) 715px, 100vw\\"><script async=\\"\\" src=\\"https://c.amazon-adsystem.com/aax2/apstag.js\\"></script><link rel=\\"dns-prefetch\\"><link rel=\\"preconnect\\"><script async=\\"\\" src=\\"https://sb.scorecardresearch.com/cs/8671776/beacon.js\\"></script><script src=\\"https://sdk.mrf.io/statics/marfeel-sdk.es5.js?id=2223\\" async=\\"\\" type=\\"text/javascript\\" nomodule=\\"\\"></script><script src=\\"https://sdk.mrf.io/statics/marfeel-sdk.js?id=2223\\" type=\\"module\\"></script><script id=\\"gfkS2s\\" async=\\"\\" type=\\"text/javascript\\" src=\\"https://ES-config.sensic.net/s2s-web.js\\"></script><script id=\\"spcloader\\" type=\\"text/javascript\\" async=\\"\\" src=\\"https://sdk.privacy-center.org/8ba38674-edba-484d-8053-435051d79f72/loader.js?target=epconsentwalnoneu.com\\" charset=\\"utf-8\\"></script><script async=\\"\\" src=\\"https://news.google.com/swg/js/v1/swg-gaa.js\\"></script><script async=\\"\\" subscriptions-control=\\"manual\\" src=\\"https://news.google.com/swg/js/v1/swg.js\\"></script><script id=\\"dsq-count-scr\\" src=\\"https://el-pais-1.disqus.com/count.js\\" async=\\"\\"></script><script src=\\"https://accounts.google.com/gsi/client\\" async=\\"\\" defer=\\"\\"></script><link rel=\\"preconnect\\" href=\\"//static.elpais.com\\"><link rel=\\"preconnect\\" href=\\"//assets.adobedtm.com\\"><link rel=\\"preconnect\\" href=\\"//sdk.privacy-center.org\\"><link rel=\\"preload\\" href=\\"https://imagenes.elpais.com/resizer/v2/RVARX53BAFGGBGXKCBT444XZPI.jpg?auth=1674ff05e33872db06a644acfa2f105bcb5bbb7daf9455dee85b36e1f63f3e7f&amp;width=414\\" imagesrcset=\\"https://imagenes.elpais.com/resizer/v2/RVARX53BAFGGBGXKCBT444XZPI.jpg?auth=1674ff05e33872db06a644acfa2f105bcb5bbb7daf9455dee85b36e1f63f3e7f&amp;width=414 414w,https://imagenes.elpais.com/resizer/v2/RVARX53BAFGGBGXKCBT444XZPI.jpg?auth=1674ff05e33872db06a644acfa2f105bcb5bbb7daf9455dee85b36e1f63f3e7f&amp;width=640 640w,https://imagenes.elpais.com/resizer/v2/RVARX53BAFGGBGXKCBT444XZPI.jpg?auth=1674ff05e33872db06a644acfa2f105bcb5bbb7daf9455dee85b36e1f63f3e7f&amp;width=1000 1000w,https://imagenes.elpais.com/resizer/v2/RVARX53BAFGGBGXKCBT444XZPI.jpg?auth=1674ff05e33872db06a644acfa2f105bcb5bbb7daf9455dee85b36e1f63f3e7f&amp;width=1200 1200w\\" imagesizes=\\"(min-width:1199px) 661px, (min-width:1001px) 54vw, (min-width:768px) 715px, 100vw\\" as=\\"image\\" fetchpriority=\\"high\\"><link rel=\\"preload\\" href=\\"https://static.elpais.com/dist/resources/fonts/majrit/majrit-text/Majrit-Text-Roman.woff2\\" as=\\"font\\" type=\\"font/woff2\\" crossorigin=\\"\\"><link rel=\\"preload\\" href=\\"https://static.elpais.com/dist/resources/fonts/majrit/majrit-text/Majrit-Text-Black-Italic.woff2\\" as=\\"font\\" type=\\"font/woff2\\" crossorigin=\\"\\"><title>La lenta gestación de la extrema derecha | Opinión | EL PAÍS</title><meta name=\\"date\\" scheme=\\"W3CDTF\\" content=\\"2026-02-24T05:30:01+01:00\\"><meta name=\\"lang\\" content=\\"es\\"><meta name=\\"author\\" content=\\"Ignacio Sánchez-Cuenca\\"><meta name=\\"robots\\" content=\\"index,follow,max-image-preview:large\\"><meta name=\\"description\\" content=\\"El ascenso de Vox se explica mejor por el resurgir del nacionalismo español más rancio que por razones económicas\\"><meta name=\\"organization\\" content=\\"Ediciones EL PAÍS S.L.\\"><meta property=\\"article:publisher\\" content=\\"https://www.facebook.com/elpais\\"><meta property=\\"article:published_time\\" content=\\"2026-02-24T05:30:01+01:00\\"><meta property=\\"article:modified_time\\" content=\\"2026-02-24T05:30:01+01:00\\"><meta property=\\"og:title\\" content=\\"La lenta gestación de la extrema derecha\\"><meta property=\\"og:description\\" content=\\"El ascenso de Vox se explica mejor por el resurgir del nacionalismo español más rancio que por razones económicas\\"><meta property=\\"og:updated_time\\" content=\\"2026-02-24T05:30:01+01:00\\"><meta property=\\"og:image\\" content=\\"https://imagenes.elpais.com/resizer/v2/P6A4ZTH4Y5BW5HQL4K5VPS6P6U.jpg?auth=58ff4afe29595ecace66833f06dc0477090261a74769039e175d89cac5f36153&amp;width=1200\\"><meta property=\\"og:image:width\\" content=\\"1200\\"><meta property=\\"og:image:height\\" content=\\"675\\"><meta property=\\"og:url\\" content=\\"https://elpais.com/opinion/2026-02-24/la-lenta-gestacion-de-la-extrema-derecha.html\\"><meta property=\\"og:type\\" content=\\"article\\"><meta property=\\"og:site_name\\" content=\\"El País\\"><meta property=\\"fb:app_id\\" content=\\"94039431626\\"><meta property=\\"twitter:card\\" content=\\"summary_large_image\\"><meta property=\\"twitter:site\\" content=\\"@el_pais\\"><link rel=\\"canonical\\" href=\\"https://elpais.com/opinion/2026-02-24/la-lenta-gestacion-de-la-extrema-derecha.html\\"><link rel=\\"amphtml\\" href=\\"https://elpais.com/opinion/2026-02-24/la-lenta-gestacion-de-la-extrema-derecha.html?outputType=amp\\"><meta property=\\"article:section\\" content=\\"Opinión\\"><meta property=\\"article:tag\\" content=\\"Opinión\\"><meta property=\\"article:tag\\" content=\\"España\\"><meta property=\\"article:tag\\" content=\\"Política\\"><meta property=\\"article:tag\\" content=\\"Partidos políticos\\"><meta property=\\"article:tag\\" content=\\"Vox\\"><meta property=\\"article:tag\\" content=\\"Extrema derecha\\"><meta property=\\"article:tag\\" content=\\"Ultraderecha\\"><meta property=\\"article:tag\\" content=\\"Partidos ultraderecha\\"><meta property=\\"article:tag\\" content=\\"Santiago Abascal\\"><meta property=\\"article:tag\\" content=\\"Democracia\\"><meta property=\\"article:tag\\" content=\\"Nacionalismo\\"><meta property=\\"article:tag\\" content=\\"Partidos conservadores\\"><meta property=\\"article:tag\\" content=\\"Independentismo\\"><meta property=\\"article:tag\\" content=\\"Franquismo\\"><meta property=\\"article:tag\\" content=\\"Dictadura\\"><meta property=\\"article:tag\\" content=\\"Revisionismo histórico\\"><meta property=\\"article:tag\\" content=\\"Revisionismo Conquista América\\"><meta property=\\"article:tag\\" content=\\"Economía\\"><meta property=\\"article:tag\\" content=\\"Jóvenes\\"><meta property=\\"article:tag\\" content=\\"Tasa paro\\"><meta property=\\"article:tag\\" content=\\"Vivienda\\"><meta property=\\"article:tag\\" content=\\"Precio vivienda\\"><meta property=\\"twitter:title\\" content=\\"La lenta gestación de la extrema derecha | Tribuna\\"><meta property=\\"og:article:publisher\\" content=\\"EL PAÍS\\"><meta property=\\"og:article:author\\" content=\\"Ignacio Sánchez-Cuenca\\"><meta name=\\"DC.date.issued\\" content=\\"2026-02-24T05:30:01+01:00\\"><meta property=\\"mrf:tags\\" content=\\"brandedContent:false;\\"><meta property=\\"fb:pages\\" content=\\"8585811569\\"><meta property=\\"news_keywords\\" content=\\"Opinión, España, Política, Partidos políticos, Vox, Extrema derecha, Ultraderecha, Partidos ultraderecha, Santiago Abascal, Democracia, Nacionalismo, Partidos conservadores, Independentismo, Franquismo, Dictadura, Revisionismo histórico, Revisionismo Conquista América, Economía, Jóvenes, Tasa paro, Vivienda, Precio vivienda\\"><link rel=\\"alternate\\" href=\\"https://feeds.elpais.com/mrss-s/pages/ep/site/elpais.com/section/opinion/portada\\" type=\\"application/rss+xml\\" title=\\"RSS sobre Opinión\\"><link rel=\\"manifest\\" href=\\"/pf/resources/manifests/site.webmanifest?d=2381\\"><link rel=\\"icon\\" href=\\"https://static.elpais.com/dist/resources/images/favicon.ico\\" type=\\"image/x-icon\\"><link rel=\\"icon\\" href=\\"https://static.elpais.com/dist/resources/images/favicon_96.png\\" type=\\"image/png\\" sizes=\\"96x96\\"><link rel=\\"apple-touch-icon\\" sizes=\\"180x180\\" href=\\"https://static.elpais.com/dist/resources/images/apple-touch-icon.png\\"><script type=\\"application/javascript\\">window.ENP = {\\"globalContent\\":{\\"_id\\":\\"3ZU22G2RHFDGPN2B4U6P63ICPY\\",\\"website\\":\\"el-pais\\",\\"alertEnabled\\":true,\\"lotteryButtonEnabled\\":false,\\"chatbotDisabled\\":true,\\"subscribeLinkByIP\\":\\"https://elpais.com/suscripciones/america/#/campaign\\",\\"subscribeLink\\":\\"https://elpais.com/suscripciones/#/campaign\\",\\"subscribePremiumLink\\":{\\"default\\":\\"https://elpais.com/suscripciones/premium/upgrade/\\",\\"CA\\":\\"https://elpais.com/suscripciones/digital/premium/upgrade/eucan/\\",\\"US\\":\\"https://elpais.com/suscripciones/digital/premium/upgrade/eucan/\\"},\\"usunLoginUrl\\":\\"https://services.users.elpais.com/serviceLogin.html\\",\\"baseUrlApiGateway\\":\\"https://wdnf3ec6zb.execute-api.eu-west-1.amazonaws.com/PRO/api/\\",\\"serviceProductUrl\\":\\"https://services.users.elpais.com/serviceProduct.html\\",\\"newsGoogleScript\\":\\"https://news.google.com/swg/js/v1/swg.js\\",\\"secretPasswordServiceProduct\\":\\"&_&que_es_mi_barco$_$\\",\\"favoritesURL\\":\\"https://static.elpais.com/dist/resources/js/334f83a783d9964bffcb2080a770b0c8/ENP-favorites.js\\",\\"apiOrigin\\":\\"https://publicapi.elpais.com\\",\\"publicApi\\":\\"https://publicapi.elpais.com\\",\\"entitlements\\":{\\"basic\\":[2895115629259653],\\"premium\\":[2810938707754442]},\\"omitAds\\":false,\\"isArticle\\":true,\\"isPageWithLiveBlog\\":false,\\"isPageWithLes\\":false,\\"isScoreboardLive\\":false,\\"hasSportLive\\":false,\\"source_system\\":\\"composer\\",\\"canonicalUrl\\":\\"/opinion/2026-02-24/la-lenta-gestacion-de-la-extrema-derecha.html\\",\\"alertsOption\\":{\\"enableAlert\\":true},\\"comments\\":{\\"display_comments\\":true},\\"sites\\":{\\"el-pais\\":{\\"socialLinks\\":{\\"facebook\\":\\"https://es-es.facebook.com/elpais/\\",\\"twitter\\":\\"'... 579188 more characters,
      level: 'DEBUG',
      test_run_uuid: 'd438c723-c341-4821-a503-c9623a60f888'
    }
  ]
} to 28529:0
2026-02-24T21:19:39.379Z CLI info [testhub:request-queue-handler]  [vedantvankar_WD2nZN]  [srujyhua7le0kbwv6qz2yzcqpznuptkb92dxcer1]  [5be2e400-7dbb-417d-b612-44702b0f7e80]  Added the event {
  event_type: 'LogCreated',
  logs: [
    {
      testFrameworkName: 'pytest',
      testFrameworkVersion: '9.0.2',
      testFrameworkState: 'INIT_TEST',
      timestamp: '2026-02-24T21:19:12.551Z',
      uuid: 'd438c723-c341-4821-a503-c9623a60f888',
      kind: 'TEST_LOG',
      message: 'Finished Request',
      level: 'DEBUG',
      test_run_uuid: 'd438c723-c341-4821-a503-c9623a60f888'
    }
  ]
} to 28529:0
2026-02-24T21:19:39.379Z CLI info [testhub:request-queue-handler]  [vedantvankar_WD2nZN]  [srujyhua7le0kbwv6qz2yzcqpznuptkb92dxcer1]  [5be2e400-7dbb-417d-b612-44702b0f7e80]  Added the event {
  event_type: 'LogCreated',
  logs: [
    {
      testFrameworkName: 'pytest',
      testFrameworkVersion: '9.0.2',
      testFrameworkState: 'INIT_TEST',
      timestamp: '2026-02-24T21:19:12.614Z',
      uuid: 'd438c723-c341-4821-a503-c9623a60f888',
      kind: 'TEST_LOG',
      message: 'Starting new HTTPS connection (1): imagenes.elpais.com:443',
      level: 'DEBUG',
      test_run_uuid: 'd438c723-c341-4821-a503-c9623a60f888'
    }
  ]
} to 28529:0
2026-02-24T21:19:39.379Z CLI info [testhub:request-queue-handler]  [vedantvankar_WD2nZN]  [srujyhua7le0kbwv6qz2yzcqpznuptkb92dxcer1]  [5be2e400-7dbb-417d-b612-44702b0f7e80]  Added the event {
  event_type: 'LogCreated',
  logs: [
    {
      testFrameworkName: 'pytest',
      testFrameworkVersion: '9.0.2',
      testFrameworkState: 'INIT_TEST',
      timestamp: '2026-02-24T21:19:13.595Z',
      uuid: 'd438c723-c341-4821-a503-c9623a60f888',
      kind: 'TEST_LOG',
      message: 'https://imagenes.elpais.com:443 "GET /resizer/v2/P6A4ZTH4Y5BW5HQL4K5VPS6P6U.jpg?auth=58ff4afe29595ecace66833f06dc0477090261a74769039e175d89cac5f36153&width=1200 HTTP/1.1" 200 54483',
      level: 'DEBUG',
      test_run_uuid: 'd438c723-c341-4821-a503-c9623a60f888'
    }
  ]
} to 28529:0
2026-02-24T21:19:39.379Z CLI info [testhub:request-queue-handler]  [vedantvankar_WD2nZN]  [srujyhua7le0kbwv6qz2yzcqpznuptkb92dxcer1]  [5be2e400-7dbb-417d-b612-44702b0f7e80]  Added the event {
  event_type: 'LogCreated',
  logs: [
    {
      testFrameworkName: 'pytest',
      testFrameworkVersion: '9.0.2',
      testFrameworkState: 'INIT_TEST',
      timestamp: '2026-02-24T21:19:13.847Z',
      uuid: 'd438c723-c341-4821-a503-c9623a60f888',
      kind: 'TEST_LOG',
      message: "POST https://hub-aps.browserstack.com/wd/hub/session/2e5cc9e6c637cc94577b1514d25170329d982ac1/url {'url': 'https://elpais.com/opinion/2026-02-24/la-conga-de-los-pocholos.html'}",
      level: 'DEBUG',
      test_run_uuid: 'd438c723-c341-4821-a503-c9623a60f888'
    }
  ]
} to 28529:0
2026-02-24T21:19:39.379Z CLI info [testhub:request-queue-handler]  [vedantvankar_WD2nZN]  [srujyhua7le0kbwv6qz2yzcqpznuptkb92dxcer1]  [5be2e400-7dbb-417d-b612-44702b0f7e80]  Added the event {
  event_type: 'LogCreated',
  logs: [
    {
      testFrameworkName: 'pytest',
      testFrameworkVersion: '9.0.2',
      testFrameworkState: 'INIT_TEST',
      timestamp: '2026-02-24T21:19:15.395Z',
      uuid: 'd438c723-c341-4821-a503-c9623a60f888',
      kind: 'TEST_LOG',
      message: 'https://hub-aps.browserstack.com:443 "POST /wd/hub/session/2e5cc9e6c637cc94577b1514d25170329d982ac1/url HTTP/1.1" 200 0',
      level: 'DEBUG',
      test_run_uuid: 'd438c723-c341-4821-a503-c9623a60f888'
    }
  ]
} to 28529:0
2026-02-24T21:19:39.379Z CLI info [testhub:request-queue-handler]  [vedantvankar_WD2nZN]  [srujyhua7le0kbwv6qz2yzcqpznuptkb92dxcer1]  [5be2e400-7dbb-417d-b612-44702b0f7e80]  Added the event {
  event_type: 'LogCreated',
  logs: [
    {
      testFrameworkName: 'pytest',
      testFrameworkVersion: '9.0.2',
      testFrameworkState: 'INIT_TEST',
      timestamp: '2026-02-24T21:19:15.395Z',
      uuid: 'd438c723-c341-4821-a503-c9623a60f888',
      kind: 'TEST_LOG',
      message: `Remote response: status=200 | data={"value":null} | headers=HTTPHeaderDict({'Server': 'nginx', 'Date': 'Tue, 24 Feb 2026 21:19:15 GMT', 'Content-Type': 'application/json;charset=utf-8', 'Content-Length': '14', 'Connection': 'keep-alive', 'Source-From': '02', 'expires': 'Thu, 01 Jan 1970 00:00:00 GMT', 'cache-control': 'no-cache, no-cache'})`,
      level: 'DEBUG',
      test_run_uuid: 'd438c723-c341-4821-a503-c9623a60f888'
    }
  ]
} to 28529:0
2026-02-24T21:19:39.379Z CLI info [testhub:request-queue-handler]  [vedantvankar_WD2nZN]  [srujyhua7le0kbwv6qz2yzcqpznuptkb92dxcer1]  [5be2e400-7dbb-417d-b612-44702b0f7e80]  Added the event {
  event_type: 'LogCreated',
  logs: [
    {
      testFrameworkName: 'pytest',
      testFrameworkVersion: '9.0.2',
      testFrameworkState: 'INIT_TEST',
      timestamp: '2026-02-24T21:19:15.396Z',
      uuid: 'd438c723-c341-4821-a503-c9623a60f888',
      kind: 'TEST_LOG',
      message: 'Finished Request',
      level: 'DEBUG',
      test_run_uuid: 'd438c723-c341-4821-a503-c9623a60f888'
    }
  ]
} to 28529:0
2026-02-24T21:19:39.380Z CLI info [testhub:request-queue-handler]  [vedantvankar_WD2nZN]  [srujyhua7le0kbwv6qz2yzcqpznuptkb92dxcer1]  [5be2e400-7dbb-417d-b612-44702b0f7e80]  Added the event {
  event_type: 'LogCreated',
  logs: [
    {
      testFrameworkName: 'pytest',
      testFrameworkVersion: '9.0.2',
      testFrameworkState: 'INIT_TEST',
      timestamp: '2026-02-24T21:19:19.398Z',
      uuid: 'd438c723-c341-4821-a503-c9623a60f888',
      kind: 'TEST_LOG',
      message: 'GET https://hub-aps.browserstack.com/wd/hub/session/2e5cc9e6c637cc94577b1514d25170329d982ac1/source {}',
      level: 'DEBUG',
      test_run_uuid: 'd438c723-c341-4821-a503-c9623a60f888'
    }
  ]
} to 28529:0
2026-02-24T21:19:39.380Z CLI info [testhub:request-queue-handler]  [vedantvankar_WD2nZN]  [srujyhua7le0kbwv6qz2yzcqpznuptkb92dxcer1]  [5be2e400-7dbb-417d-b612-44702b0f7e80]  Added the event {
  event_type: 'LogCreated',
  logs: [
    {
      testFrameworkName: 'pytest',
      testFrameworkVersion: '9.0.2',
      testFrameworkState: 'INIT_TEST',
      timestamp: '2026-02-24T21:19:20.090Z',
      uuid: 'd438c723-c341-4821-a503-c9623a60f888',
      kind: 'TEST_LOG',
      message: 'https://hub-aps.browserstack.com:443 "GET /wd/hub/session/2e5cc9e6c637cc94577b1514d25170329d982ac1/source HTTP/1.1" 200 0',
      level: 'DEBUG',
      test_run_uuid: 'd438c723-c341-4821-a503-c9623a60f888'
    }
  ]
} to 28529:0
2026-02-24T21:19:39.380Z CLI info [testhub:request-queue-handler]  [vedantvankar_WD2nZN]  [srujyhua7le0kbwv6qz2yzcqpznuptkb92dxcer1]  [5be2e400-7dbb-417d-b612-44702b0f7e80]  Added the event {
  event_type: 'LogCreated',
  logs: [
    {
      testFrameworkName: 'pytest',
      testFrameworkVersion: '9.0.2',
      testFrameworkState: 'INIT_TEST',
      timestamp: '2026-02-24T21:19:20.092Z',
      uuid: 'd438c723-c341-4821-a503-c9623a60f888',
      kind: 'TEST_LOG',
      message: 'Remote response: status=200 | data={"value":"<html lang=\\"es\\"><head><meta charset=\\"UTF-8\\"><meta name=\\"viewport\\" content=\\"width=device-width, initial-scale=1.0\\"><link rel=\\"preload\\" as=\\"image\\" imagesrcset=\\"https://imagenes.elpais.com/resizer/v2/U2FPW5IHSY5HUAYQGX5RXUAKQA.jpg?auth=a8563a915a055768778bab7dcce2b873f771cc5d7383df49ddb5ba9162f8dcd8&amp;width=414 414w,https://imagenes.elpais.com/resizer/v2/U2FPW5IHSY5HUAYQGX5RXUAKQA.jpg?auth=a8563a915a055768778bab7dcce2b873f771cc5d7383df49ddb5ba9162f8dcd8&amp;width=640 640w,https://imagenes.elpais.com/resizer/v2/U2FPW5IHSY5HUAYQGX5RXUAKQA.jpg?auth=a8563a915a055768778bab7dcce2b873f771cc5d7383df49ddb5ba9162f8dcd8&amp;width=1000 1000w,https://imagenes.elpais.com/resizer/v2/U2FPW5IHSY5HUAYQGX5RXUAKQA.jpg?auth=a8563a915a055768778bab7dcce2b873f771cc5d7383df49ddb5ba9162f8dcd8&amp;width=1200 1200w\\" imagesizes=\\"(min-width:1199px) 661px, (min-width:1001px) 54vw, (min-width:768px) 715px, 100vw\\"><script async=\\"\\" src=\\"https://c.amazon-adsystem.com/aax2/apstag.js\\"></script><link rel=\\"dns-prefetch\\"><link rel=\\"preconnect\\"><script async=\\"\\" src=\\"https://sb.scorecardresearch.com/cs/8671776/beacon.js\\"></script><script src=\\"https://sdk.mrf.io/statics/marfeel-sdk.es5.js?id=2223\\" async=\\"\\" type=\\"text/javascript\\" nomodule=\\"\\"></script><script src=\\"https://sdk.mrf.io/statics/marfeel-sdk.js?id=2223\\" type=\\"module\\"></script><script id=\\"gfkS2s\\" async=\\"\\" type=\\"text/javascript\\" src=\\"https://ES-config.sensic.net/s2s-web.js\\"></script><script id=\\"spcloader\\" type=\\"text/javascript\\" async=\\"\\" src=\\"https://sdk.privacy-center.org/8ba38674-edba-484d-8053-435051d79f72/loader.js?target=epconsentwalnoneu.com\\" charset=\\"utf-8\\"></script><script async=\\"\\" src=\\"https://news.google.com/swg/js/v1/swg-gaa.js\\"></script><script async=\\"\\" subscriptions-control=\\"manual\\" src=\\"https://news.google.com/swg/js/v1/swg.js\\"></script><script id=\\"dsq-count-scr\\" src=\\"https://el-pais-1.disqus.com/count.js\\" async=\\"\\"></script><script src=\\"https://accounts.google.com/gsi/client\\" async=\\"\\" defer=\\"\\"></script><link rel=\\"preconnect\\" href=\\"//static.elpais.com\\"><link rel=\\"preconnect\\" href=\\"//assets.adobedtm.com\\"><link rel=\\"preconnect\\" href=\\"//sdk.privacy-center.org\\"><link rel=\\"preload\\" href=\\"https://imagenes.elpais.com/resizer/v2/U2FPW5IHSY5HUAYQGX5RXUAKQA.jpg?auth=a8563a915a055768778bab7dcce2b873f771cc5d7383df49ddb5ba9162f8dcd8&amp;width=414\\" imagesrcset=\\"https://imagenes.elpais.com/resizer/v2/U2FPW5IHSY5HUAYQGX5RXUAKQA.jpg?auth=a8563a915a055768778bab7dcce2b873f771cc5d7383df49ddb5ba9162f8dcd8&amp;width=414 414w,https://imagenes.elpais.com/resizer/v2/U2FPW5IHSY5HUAYQGX5RXUAKQA.jpg?auth=a8563a915a055768778bab7dcce2b873f771cc5d7383df49ddb5ba9162f8dcd8&amp;width=640 640w,https://imagenes.elpais.com/resizer/v2/U2FPW5IHSY5HUAYQGX5RXUAKQA.jpg?auth=a8563a915a055768778bab7dcce2b873f771cc5d7383df49ddb5ba9162f8dcd8&amp;width=1000 1000w,https://imagenes.elpais.com/resizer/v2/U2FPW5IHSY5HUAYQGX5RXUAKQA.jpg?auth=a8563a915a055768778bab7dcce2b873f771cc5d7383df49ddb5ba9162f8dcd8&amp;width=1200 1200w\\" imagesizes=\\"(min-width:1199px) 661px, (min-width:1001px) 54vw, (min-width:768px) 715px, 100vw\\" as=\\"image\\" fetchpriority=\\"high\\"><link rel=\\"preload\\" href=\\"https://static.elpais.com/dist/resources/fonts/majrit/majrit-text/Majrit-Text-Roman.woff2\\" as=\\"font\\" type=\\"font/woff2\\" crossorigin=\\"\\"><link rel=\\"preload\\" href=\\"https://static.elpais.com/dist/resources/fonts/majrit/majrit-text/Majrit-Text-Black-Italic.woff2\\" as=\\"font\\" type=\\"font/woff2\\" crossorigin=\\"\\"><title>La conga de los pocholos | Opinión | EL PAÍS</title><meta name=\\"date\\" scheme=\\"W3CDTF\\" content=\\"2026-02-24T05:30:01+01:00\\"><meta name=\\"lang\\" content=\\"es\\"><meta name=\\"author\\" content=\\"Raquel Peláez\\"><meta name=\\"robots\\" content=\\"index,follow,max-image-preview:large\\"><meta name=\\"description\\" content=\\"La clave para ganar en cualquier carrera institucional es no soltarse en ningún momento\\"><meta name=\\"organization\\" content=\\"Ediciones EL PAÍS S.L.\\"><meta property=\\"article:publisher\\" content=\\"https://www.facebook.com/elpais\\"><meta property=\\"article:published_time\\" content=\\"2026-02-24T05:30:01+01:00\\"><meta property=\\"article:modified_time\\" content=\\"2026-02-24T05:30:01+01:00\\"><meta property=\\"og:title\\" content=\\"La conga de los pocholos\\"><meta property=\\"og:description\\" content=\\"La clave para ganar en cualquier carrera institucional es no soltarse en ningún momento\\"><meta property=\\"og:updated_time\\" content=\\"2026-02-24T05:30:01+01:00\\"><meta property=\\"og:image\\" content=\\"https://imagenes.elpais.com/resizer/v2/U2FPW5IHSY5HUAYQGX5RXUAKQA.jpg?auth=a8563a915a055768778bab7dcce2b873f771cc5d7383df49ddb5ba9162f8dcd8&amp;width=1200\\"><meta property=\\"og:image:width\\" content=\\"1200\\"><meta property=\\"og:image:height\\" content=\\"751\\"><meta property=\\"og:url\\" content=\\"https://elpais.com/opinion/2026-02-24/la-conga-de-los-pocholos.html\\"><meta property=\\"og:type\\" content=\\"article\\"><meta property=\\"og:site_name\\" content=\\"El País\\"><meta property=\\"fb:app_id\\" content=\\"94039431626\\"><meta property=\\"twitter:card\\" content=\\"summary_large_image\\"><meta property=\\"twitter:site\\" content=\\"@el_pais\\"><link rel=\\"canonical\\" href=\\"https://elpais.com/opinion/2026-02-24/la-conga-de-los-pocholos.html\\"><link rel=\\"amphtml\\" href=\\"https://elpais.com/opinion/2026-02-24/la-conga-de-los-pocholos.html?outputType=amp\\"><meta property=\\"article:section\\" content=\\"Opinión\\"><meta property=\\"article:tag\\" content=\\"Opinión\\"><meta property=\\"article:tag\\" content=\\"España\\"><meta property=\\"article:tag\\" content=\\"Política\\"><meta property=\\"article:tag\\" content=\\"Partidos políticos\\"><meta property=\\"article:tag\\" content=\\"Políticos\\"><meta property=\\"article:tag\\" content=\\"PP\\"><meta property=\\"article:tag\\" content=\\"PP Madrid\\"><meta property=\\"article:tag\\" content=\\"Comunidad de Madrid\\"><meta property=\\"article:tag\\" content=\\"Isabel Díaz Ayuso\\"><meta property=\\"article:tag\\" content=\\"Cristina Cifuentes\\"><meta property=\\"article:tag\\" content=\\"Esperanza Aguirre\\"><meta property=\\"article:tag\\" content=\\"Isabel Carrasco\\"><meta property=\\"article:tag\\" content=\\"Caso Carrasco\\"><meta property=\\"twitter:title\\" content=\\"La conga de los pocholos | Columna\\"><meta property=\\"og:article:publisher\\" content=\\"EL PAÍS\\"><meta property=\\"og:article:author\\" content=\\"Raquel Peláez\\"><meta name=\\"DC.date.issued\\" content=\\"2026-02-24T05:30:01+01:00\\"><meta property=\\"mrf:tags\\" content=\\"brandedContent:false;\\"><meta property=\\"fb:pages\\" content=\\"8585811569\\"><meta property=\\"news_keywords\\" content=\\"Opinión, España, Política, Partidos políticos, Políticos, PP, PP Madrid, Comunidad de Madrid, Isabel Díaz Ayuso, Cristina Cifuentes, Esperanza Aguirre, Isabel Carrasco, Caso Carrasco\\"><link rel=\\"alternate\\" href=\\"https://feeds.elpais.com/mrss-s/pages/ep/site/elpais.com/section/opinion/portada\\" type=\\"application/rss+xml\\" title=\\"RSS sobre Opinión\\"><link rel=\\"manifest\\" href=\\"/pf/resources/manifests/site.webmanifest?d=2381\\"><link rel=\\"icon\\" href=\\"https://static.elpais.com/dist/resources/images/favicon.ico\\" type=\\"image/x-icon\\"><link rel=\\"icon\\" href=\\"https://static.elpais.com/dist/resources/images/favicon_96.png\\" type=\\"image/png\\" sizes=\\"96x96\\"><link rel=\\"apple-touch-icon\\" sizes=\\"180x180\\" href=\\"https://static.elpais.com/dist/resources/images/apple-touch-icon.png\\"><script type=\\"application/javascript\\">window.ENP = {\\"globalContent\\":{\\"_id\\":\\"LEO72N5225ACDDGI3FQLOYBCPA\\",\\"website\\":\\"el-pais\\",\\"alertEnabled\\":true,\\"lotteryButtonEnabled\\":false,\\"chatbotDisabled\\":true,\\"subscribeLinkByIP\\":\\"https://elpais.com/suscripciones/america/#/campaign\\",\\"subscribeLink\\":\\"https://elpais.com/suscripciones/#/campaign\\",\\"subscribePremiumLink\\":{\\"default\\":\\"https://elpais.com/suscripciones/premium/upgrade/\\",\\"CA\\":\\"https://elpais.com/suscripciones/digital/premium/upgrade/eucan/\\",\\"US\\":\\"https://elpais.com/suscripciones/digital/premium/upgrade/eucan/\\"},\\"usunLoginUrl\\":\\"https://services.users.elpais.com/serviceLogin.html\\",\\"baseUrlApiGateway\\":\\"https://wdnf3ec6zb.execute-api.eu-west-1.amazonaws.com/PRO/api/\\",\\"serviceProductUrl\\":\\"https://services.users.elpais.com/serviceProduct.html\\",\\"newsGoogleScript\\":\\"https://news.google.com/swg/js/v1/swg.js\\",\\"secretPasswordServiceProduct\\":\\"&_&que_es_mi_barco$_$\\",\\"favoritesURL\\":\\"https://static.elpais.com/dist/resources/js/334f83a783d9964bffcb2080a770b0c8/ENP-favorites.js\\",\\"apiOrigin\\":\\"https://publicapi.elpais.com\\",\\"publicApi\\":\\"https://publicapi.elpais.com\\",\\"entitlements\\":{\\"basic\\":[2895115629259653],\\"premium\\":[2810938707754442]},\\"omitAds\\":false,\\"isArticle\\":true,\\"isPageWithLiveBlog\\":false,\\"isPageWithLes\\":false,\\"isScoreboardLive\\":false,\\"hasSportLive\\":false,\\"source_system\\":\\"composer\\",\\"canonicalUrl\\":\\"/opinion/2026-02-24/la-conga-de-los-pocholos.html\\",\\"alertsOption\\":{\\"enableAlert\\":true},\\"comments\\":{\\"display_comments\\":true},\\"sites\\":{\\"el-pais\\":{\\"socialLinks\\":{\\"facebook\\":\\"https://es-es.facebook.com/elpais/\\",\\"twitter\\":\\"https://twitter.com/el_pais\\",\\"youtube\\":\\"https://www.youtube.com/channel/UCnsvJeZO4RigQ898WdDNoBw\\",\\"wikipedia\\":\\"https://es.wikipedia.org/wiki/El_Pa%C3%ADs\\",\\"instagram\\":\\"https://www.instagram.com/el_pais/\\"},\\"twitterUsername\\":\\"el_pais\\",\\"siteLanguage\\":\\"es\\"},\\"el-pais-america\\":{\\"socialLinks\\":{\\"facebook\\":\\"https://www.facebook.com/elpaisamerica\\",\\"twitter\\":\\"https://twitter.com/elpais_america\\",\\"youtube\\":\\"https://www.youtube.com/user/elpaiscom\\",\\"wikipedia\\":\\"https://es.wikipedia.org/wiki/El_Pa%C3%ADs\\",\\"instagram\\":\\"https://www.instagram.com/elpaisamerica\\"},\\"twitterUsername\\":\\"elpais_america\\",\\"siteLanguage\\":\\"es\\"},\\"el-pais-mexico\\":{\\"socialLinks\\":{\\"facebook\\":\\"https://www.facebook.com/elpaismexico\\",\\"twitter\\":\\"https://twitter.com/elpaismexico\\",\\"youtube\\":\\"https://www.youtube.com/user/elp'... 554709 more characters,
      level: 'DEBUG',
      test_run_uuid: 'd438c723-c341-4821-a503-c9623a60f888'
    }
  ]
} to 28529:0
2026-02-24T21:19:39.380Z CLI info [testhub:request-queue-handler]  [vedantvankar_WD2nZN]  [srujyhua7le0kbwv6qz2yzcqpznuptkb92dxcer1]  [5be2e400-7dbb-417d-b612-44702b0f7e80]  Added the event {
  event_type: 'LogCreated',
  logs: [
    {
      testFrameworkName: 'pytest',
      testFrameworkVersion: '9.0.2',
      testFrameworkState: 'INIT_TEST',
      timestamp: '2026-02-24T21:19:20.112Z',
      uuid: 'd438c723-c341-4821-a503-c9623a60f888',
      kind: 'TEST_LOG',
      message: 'Finished Request',
      level: 'DEBUG',
      test_run_uuid: 'd438c723-c341-4821-a503-c9623a60f888'
    }
  ]
} to 28529:0
2026-02-24T21:19:39.380Z CLI info [testhub:request-queue-handler]  [vedantvankar_WD2nZN]  [srujyhua7le0kbwv6qz2yzcqpznuptkb92dxcer1]  [5be2e400-7dbb-417d-b612-44702b0f7e80]  Added the event {
  event_type: 'LogCreated',
  logs: [
    {
      testFrameworkName: 'pytest',
      testFrameworkVersion: '9.0.2',
      testFrameworkState: 'INIT_TEST',
      timestamp: '2026-02-24T21:19:20.169Z',
      uuid: 'd438c723-c341-4821-a503-c9623a60f888',
      kind: 'TEST_LOG',
      message: 'Starting new HTTPS connection (1): imagenes.elpais.com:443',
      level: 'DEBUG',
      test_run_uuid: 'd438c723-c341-4821-a503-c9623a60f888'
    }
  ]
} to 28529:0
2026-02-24T21:19:39.380Z CLI info [testhub:request-queue-handler]  [vedantvankar_WD2nZN]  [srujyhua7le0kbwv6qz2yzcqpznuptkb92dxcer1]  [5be2e400-7dbb-417d-b612-44702b0f7e80]  Added the event {
  event_type: 'LogCreated',
  logs: [
    {
      testFrameworkName: 'pytest',
      testFrameworkVersion: '9.0.2',
      testFrameworkState: 'INIT_TEST',
      timestamp: '2026-02-24T21:19:21.468Z',
      uuid: 'd438c723-c341-4821-a503-c9623a60f888',
      kind: 'TEST_LOG',
      message: 'https://imagenes.elpais.com:443 "GET /resizer/v2/U2FPW5IHSY5HUAYQGX5RXUAKQA.jpg?auth=a8563a915a055768778bab7dcce2b873f771cc5d7383df49ddb5ba9162f8dcd8&width=1200 HTTP/1.1" 200 91233',
      level: 'DEBUG',
      test_run_uuid: 'd438c723-c341-4821-a503-c9623a60f888'
    }
  ]
} to 28529:0
2026-02-24T21:19:39.380Z CLI info [testhub:request-queue-handler]  [vedantvankar_WD2nZN]  [srujyhua7le0kbwv6qz2yzcqpznuptkb92dxcer1]  [5be2e400-7dbb-417d-b612-44702b0f7e80]  Added the event {
  event_type: 'LogCreated',
  logs: [
    {
      testFrameworkName: 'pytest',
      testFrameworkVersion: '9.0.2',
      testFrameworkState: 'INIT_TEST',
      timestamp: '2026-02-24T21:19:21.730Z',
      uuid: 'd438c723-c341-4821-a503-c9623a60f888',
      kind: 'TEST_LOG',
      message: "POST https://hub-aps.browserstack.com/wd/hub/session/2e5cc9e6c637cc94577b1514d25170329d982ac1/url {'url': 'https://elpais.com/opinion/2026-02-24/riki-blanco-prohibido.html'}",
      level: 'DEBUG',
      test_run_uuid: 'd438c723-c341-4821-a503-c9623a60f888'
    }
  ]
} to 28529:0
2026-02-24T21:19:39.381Z CLI info [testhub:request-queue-handler]  [vedantvankar_WD2nZN]  [srujyhua7le0kbwv6qz2yzcqpznuptkb92dxcer1]  [5be2e400-7dbb-417d-b612-44702b0f7e80]  Added the event {
  event_type: 'LogCreated',
  logs: [
    {
      testFrameworkName: 'pytest',
      testFrameworkVersion: '9.0.2',
      testFrameworkState: 'INIT_TEST',
      timestamp: '2026-02-24T21:19:23.123Z',
      uuid: 'd438c723-c341-4821-a503-c9623a60f888',
      kind: 'TEST_LOG',
      message: 'https://hub-aps.browserstack.com:443 "POST /wd/hub/session/2e5cc9e6c637cc94577b1514d25170329d982ac1/url HTTP/1.1" 200 0',
      level: 'DEBUG',
      test_run_uuid: 'd438c723-c341-4821-a503-c9623a60f888'
    }
  ]
} to 28529:0
2026-02-24T21:19:39.381Z CLI info [testhub:request-queue-handler]  [vedantvankar_WD2nZN]  [srujyhua7le0kbwv6qz2yzcqpznuptkb92dxcer1]  [5be2e400-7dbb-417d-b612-44702b0f7e80]  Added the event {
  event_type: 'LogCreated',
  logs: [
    {
      testFrameworkName: 'pytest',
      testFrameworkVersion: '9.0.2',
      testFrameworkState: 'INIT_TEST',
      timestamp: '2026-02-24T21:19:23.123Z',
      uuid: 'd438c723-c341-4821-a503-c9623a60f888',
      kind: 'TEST_LOG',
      message: `Remote response: status=200 | data={"value":null} | headers=HTTPHeaderDict({'Server': 'nginx', 'Date': 'Tue, 24 Feb 2026 21:19:23 GMT', 'Content-Type': 'application/json;charset=utf-8', 'Content-Length': '14', 'Connection': 'keep-alive', 'Source-From': '02', 'expires': 'Thu, 01 Jan 1970 00:00:00 GMT', 'cache-control': 'no-cache, no-cache'})`,
      level: 'DEBUG',
      test_run_uuid: 'd438c723-c341-4821-a503-c9623a60f888'
    }
  ]
} to 28529:0
2026-02-24T21:19:39.381Z CLI info [testhub:request-queue-handler]  [vedantvankar_WD2nZN]  [srujyhua7le0kbwv6qz2yzcqpznuptkb92dxcer1]  [5be2e400-7dbb-417d-b612-44702b0f7e80]  Added the event {
  event_type: 'LogCreated',
  logs: [
    {
      testFrameworkName: 'pytest',
      testFrameworkVersion: '9.0.2',
      testFrameworkState: 'INIT_TEST',
      timestamp: '2026-02-24T21:19:23.123Z',
      uuid: 'd438c723-c341-4821-a503-c9623a60f888',
      kind: 'TEST_LOG',
      message: 'Finished Request',
      level: 'DEBUG',
      test_run_uuid: 'd438c723-c341-4821-a503-c9623a60f888'
    }
  ]
} to 28529:0
2026-02-24T21:19:39.381Z CLI info [testhub:request-queue-handler]  [vedantvankar_WD2nZN]  [srujyhua7le0kbwv6qz2yzcqpznuptkb92dxcer1]  [5be2e400-7dbb-417d-b612-44702b0f7e80]  Added the event {
  event_type: 'LogCreated',
  logs: [
    {
      testFrameworkName: 'pytest',
      testFrameworkVersion: '9.0.2',
      testFrameworkState: 'INIT_TEST',
      timestamp: '2026-02-24T21:19:27.125Z',
      uuid: 'd438c723-c341-4821-a503-c9623a60f888',
      kind: 'TEST_LOG',
      message: 'GET https://hub-aps.browserstack.com/wd/hub/session/2e5cc9e6c637cc94577b1514d25170329d982ac1/source {}',
      level: 'DEBUG',
      test_run_uuid: 'd438c723-c341-4821-a503-c9623a60f888'
    }
  ]
} to 28529:0
2026-02-24T21:19:39.381Z CLI info [testhub:request-queue-handler]  [vedantvankar_WD2nZN]  [srujyhua7le0kbwv6qz2yzcqpznuptkb92dxcer1]  [5be2e400-7dbb-417d-b612-44702b0f7e80]  Added the event {
  event_type: 'LogCreated',
  logs: [
    {
      testFrameworkName: 'pytest',
      testFrameworkVersion: '9.0.2',
      testFrameworkState: 'INIT_TEST',
      timestamp: '2026-02-24T21:19:27.694Z',
      uuid: 'd438c723-c341-4821-a503-c9623a60f888',
      kind: 'TEST_LOG',
      message: 'https://hub-aps.browserstack.com:443 "GET /wd/hub/session/2e5cc9e6c637cc94577b1514d25170329d982ac1/source HTTP/1.1" 200 0',
      level: 'DEBUG',
      test_run_uuid: 'd438c723-c341-4821-a503-c9623a60f888'
    }
  ]
} to 28529:0
2026-02-24T21:19:39.381Z CLI info [testhub:request-queue-handler]  [vedantvankar_WD2nZN]  [srujyhua7le0kbwv6qz2yzcqpznuptkb92dxcer1]  [5be2e400-7dbb-417d-b612-44702b0f7e80]  Added the event {
  event_type: 'LogCreated',
  logs: [
    {
      testFrameworkName: 'pytest',
      testFrameworkVersion: '9.0.2',
      testFrameworkState: 'INIT_TEST',
      timestamp: '2026-02-24T21:19:27.695Z',
      uuid: 'd438c723-c341-4821-a503-c9623a60f888',
      kind: 'TEST_LOG',
      message: 'Remote response: status=200 | data={"value":"<html lang=\\"es\\"><head><meta charset=\\"UTF-8\\"><meta name=\\"viewport\\" content=\\"width=device-width, initial-scale=1.0\\"><link rel=\\"preload\\" as=\\"image\\" imagesrcset=\\"https://imagenes.elpais.com/resizer/v2/JLQ7MEGN6FCITJWOJMZG5ZVZYY.jpg?auth=5ce8d349f5435d611ee9d6d77f62bcca6d49606df71fdf6c658f46f05021020b&amp;width=414 414w,https://imagenes.elpais.com/resizer/v2/JLQ7MEGN6FCITJWOJMZG5ZVZYY.jpg?auth=5ce8d349f5435d611ee9d6d77f62bcca6d49606df71fdf6c658f46f05021020b&amp;width=640 640w,https://imagenes.elpais.com/resizer/v2/JLQ7MEGN6FCITJWOJMZG5ZVZYY.jpg?auth=5ce8d349f5435d611ee9d6d77f62bcca6d49606df71fdf6c658f46f05021020b&amp;width=1000 1000w,https://imagenes.elpais.com/resizer/v2/JLQ7MEGN6FCITJWOJMZG5ZVZYY.jpg?auth=5ce8d349f5435d611ee9d6d77f62bcca6d49606df71fdf6c658f46f05021020b&amp;width=1200 1200w\\" imagesizes=\\"(min-width:1199px) 661px, (min-width:1001px) 54vw, (min-width:768px) 715px, 100vw\\"><script async=\\"\\" src=\\"https://c.amazon-adsystem.com/aax2/apstag.js\\"></script><link rel=\\"dns-prefetch\\"><link rel=\\"preconnect\\"><script async=\\"\\" src=\\"https://sb.scorecardresearch.com/cs/8671776/beacon.js\\"></script><script src=\\"https://sdk.mrf.io/statics/marfeel-sdk.es5.js?id=2223\\" async=\\"\\" type=\\"text/javascript\\" nomodule=\\"\\"></script><script src=\\"https://sdk.mrf.io/statics/marfeel-sdk.js?id=2223\\" type=\\"module\\"></script><script id=\\"gfkS2s\\" async=\\"\\" type=\\"text/javascript\\" src=\\"https://ES-config.sensic.net/s2s-web.js\\"></script><script id=\\"spcloader\\" type=\\"text/javascript\\" async=\\"\\" src=\\"https://sdk.privacy-center.org/8ba38674-edba-484d-8053-435051d79f72/loader.js?target=epconsentwalnoneu.com\\" charset=\\"utf-8\\"></script><script async=\\"\\" src=\\"https://news.google.com/swg/js/v1/swg-gaa.js\\"></script><script async=\\"\\" subscriptions-control=\\"manual\\" src=\\"https://news.google.com/swg/js/v1/swg.js\\"></script><script id=\\"dsq-count-scr\\" src=\\"https://el-pais-1.disqus.com/count.js\\" async=\\"\\"></script><script src=\\"https://accounts.google.com/gsi/client\\" async=\\"\\" defer=\\"\\"></script><link rel=\\"preconnect\\" href=\\"//static.elpais.com\\"><link rel=\\"preconnect\\" href=\\"//assets.adobedtm.com\\"><link rel=\\"preconnect\\" href=\\"//sdk.privacy-center.org\\"><link rel=\\"preload\\" href=\\"https://imagenes.elpais.com/resizer/v2/JLQ7MEGN6FCITJWOJMZG5ZVZYY.jpg?auth=5ce8d349f5435d611ee9d6d77f62bcca6d49606df71fdf6c658f46f05021020b&amp;width=414\\" imagesrcset=\\"https://imagenes.elpais.com/resizer/v2/JLQ7MEGN6FCITJWOJMZG5ZVZYY.jpg?auth=5ce8d349f5435d611ee9d6d77f62bcca6d49606df71fdf6c658f46f05021020b&amp;width=414 414w,https://imagenes.elpais.com/resizer/v2/JLQ7MEGN6FCITJWOJMZG5ZVZYY.jpg?auth=5ce8d349f5435d611ee9d6d77f62bcca6d49606df71fdf6c658f46f05021020b&amp;width=640 640w,https://imagenes.elpais.com/resizer/v2/JLQ7MEGN6FCITJWOJMZG5ZVZYY.jpg?auth=5ce8d349f5435d611ee9d6d77f62bcca6d49606df71fdf6c658f46f05021020b&amp;width=1000 1000w,https://imagenes.elpais.com/resizer/v2/JLQ7MEGN6FCITJWOJMZG5ZVZYY.jpg?auth=5ce8d349f5435d611ee9d6d77f62bcca6d49606df71fdf6c658f46f05021020b&amp;width=1200 1200w\\" imagesizes=\\"(min-width:1199px) 661px, (min-width:1001px) 54vw, (min-width:768px) 715px, 100vw\\" as=\\"image\\" fetchpriority=\\"high\\"><link rel=\\"preload\\" href=\\"https://static.elpais.com/dist/resources/fonts/majrit/majrit-text/Majrit-Text-Roman.woff2\\" as=\\"font\\" type=\\"font/woff2\\" crossorigin=\\"\\"><link rel=\\"preload\\" href=\\"https://static.elpais.com/dist/resources/fonts/majrit/majrit-text/Majrit-Text-Black-Italic.woff2\\" as=\\"font\\" type=\\"font/woff2\\" crossorigin=\\"\\"><title>Riki Blanco: prohibido | Opinión | EL PAÍS</title><meta name=\\"date\\" scheme=\\"W3CDTF\\" content=\\"2026-02-24T05:45:01+01:00\\"><meta name=\\"lang\\" content=\\"es\\"><meta name=\\"author\\" content=\\"Riki Blanco\\"><meta name=\\"robots\\" content=\\"index,follow,max-image-preview:large\\"><meta name=\\"description\\" content=\\"Viñeta del 24 de febrero de 2026\\"><meta name=\\"organization\\" content=\\"Ediciones EL PAÍS S.L.\\"><meta property=\\"article:publisher\\" content=\\"https://www.facebook.com/elpais\\"><meta property=\\"article:published_time\\" content=\\"2026-02-24T05:45:01+01:00\\"><meta property=\\"article:modified_time\\" content=\\"2026-02-24T05:45:01+01:00\\"><meta property=\\"og:title\\" content=\\"Riki Blanco: prohibido\\"><meta property=\\"og:description\\" content=\\"Viñeta del 24 de febrero de 2026\\"><meta property=\\"og:updated_time\\" content=\\"2026-02-24T05:45:01+01:00\\"><meta property=\\"og:image\\" content=\\"https://imagenes.elpais.com/resizer/v2/JLQ7MEGN6FCITJWOJMZG5ZVZYY.jpg?auth=5ce8d349f5435d611ee9d6d77f62bcca6d49606df71fdf6c658f46f05021020b&amp;width=1200\\"><meta property=\\"og:image:width\\" content=\\"1200\\"><meta property=\\"og:image:height\\" content=\\"1070\\"><meta property=\\"og:url\\" content=\\"https://elpais.com/opinion/2026-02-24/riki-blanco-prohibido.html\\"><meta property=\\"og:type\\" content=\\"article\\"><meta property=\\"og:site_name\\" content=\\"El País\\"><meta property=\\"fb:app_id\\" content=\\"94039431626\\"><meta property=\\"twitter:card\\" content=\\"summary_large_image\\"><meta property=\\"twitter:site\\" content=\\"@el_pais\\"><link rel=\\"canonical\\" href=\\"https://elpais.com/opinion/2026-02-24/riki-blanco-prohibido.html\\"><link rel=\\"amphtml\\" href=\\"https://elpais.com/opinion/2026-02-24/riki-blanco-prohibido.html?outputType=amp\\"><meta property=\\"article:section\\" content=\\"Opinión\\"><meta property=\\"article:tag\\" content=\\"Opinión\\"><meta property=\\"article:tag\\" content=\\"Viñetas\\"><meta property=\\"article:tag\\" content=\\"Humor gráfico\\"><meta property=\\"twitter:title\\" content=\\"Riki Blanco: prohibido\\"><meta property=\\"og:article:publisher\\" content=\\"EL PAÍS\\"><meta property=\\"og:article:author\\" content=\\"Riki Blanco\\"><meta name=\\"DC.date.issued\\" content=\\"2026-02-24T05:45:01+01:00\\"><meta property=\\"mrf:tags\\" content=\\"brandedContent:false;\\"><meta property=\\"fb:pages\\" content=\\"8585811569\\"><meta property=\\"news_keywords\\" content=\\"Opinión, Viñetas, Humor gráfico\\"><link rel=\\"alternate\\" href=\\"https://feeds.elpais.com/mrss-s/pages/ep/site/elpais.com/section/opinion/portada\\" type=\\"application/rss+xml\\" title=\\"RSS sobre Opinión\\"><link rel=\\"manifest\\" href=\\"/pf/resources/manifests/site.webmanifest?d=2381\\"><link rel=\\"icon\\" href=\\"https://static.elpais.com/dist/resources/images/favicon.ico\\" type=\\"image/x-icon\\"><link rel=\\"icon\\" href=\\"https://static.elpais.com/dist/resources/images/favicon_96.png\\" type=\\"image/png\\" sizes=\\"96x96\\"><link rel=\\"apple-touch-icon\\" sizes=\\"180x180\\" href=\\"https://static.elpais.com/dist/resources/images/apple-touch-icon.png\\"><script type=\\"application/javascript\\">window.ENP = {\\"globalContent\\":{\\"_id\\":\\"5NV3EFA42BEC7GMBX3UKIRB47I\\",\\"website\\":\\"el-pais\\",\\"alertEnabled\\":true,\\"lotteryButtonEnabled\\":false,\\"chatbotDisabled\\":true,\\"subscribeLinkByIP\\":\\"https://elpais.com/suscripciones/america/#/campaign\\",\\"subscribeLink\\":\\"https://elpais.com/suscripciones/#/campaign\\",\\"subscribePremiumLink\\":{\\"default\\":\\"https://elpais.com/suscripciones/premium/upgrade/\\",\\"CA\\":\\"https://elpais.com/suscripciones/digital/premium/upgrade/eucan/\\",\\"US\\":\\"https://elpais.com/suscripciones/digital/premium/upgrade/eucan/\\"},\\"usunLoginUrl\\":\\"https://services.users.elpais.com/serviceLogin.html\\",\\"baseUrlApiGateway\\":\\"https://wdnf3ec6zb.execute-api.eu-west-1.amazonaws.com/PRO/api/\\",\\"serviceProductUrl\\":\\"https://services.users.elpais.com/serviceProduct.html\\",\\"newsGoogleScript\\":\\"https://news.google.com/swg/js/v1/swg.js\\",\\"secretPasswordServiceProduct\\":\\"&_&que_es_mi_barco$_$\\",\\"favoritesURL\\":\\"https://static.elpais.com/dist/resources/js/334f83a783d9964bffcb2080a770b0c8/ENP-favorites.js\\",\\"apiOrigin\\":\\"https://publicapi.elpais.com\\",\\"publicApi\\":\\"https://publicapi.elpais.com\\",\\"entitlements\\":{\\"basic\\":[2895115629259653],\\"premium\\":[2810938707754442]},\\"omitAds\\":false,\\"isArticle\\":true,\\"isPageWithLiveBlog\\":false,\\"isPageWithLes\\":false,\\"isScoreboardLive\\":false,\\"hasSportLive\\":false,\\"source_system\\":\\"composer\\",\\"canonicalUrl\\":\\"/opinion/2026-02-24/riki-blanco-prohibido.html\\",\\"alertsOption\\":{\\"enableAlert\\":true},\\"comments\\":{\\"display_comments\\":true},\\"sites\\":{\\"el-pais\\":{\\"socialLinks\\":{\\"facebook\\":\\"https://es-es.facebook.com/elpais/\\",\\"twitter\\":\\"https://twitter.com/el_pais\\",\\"youtube\\":\\"https://www.youtube.com/channel/UCnsvJeZO4RigQ898WdDNoBw\\",\\"wikipedia\\":\\"https://es.wikipedia.org/wiki/El_Pa%C3%ADs\\",\\"instagram\\":\\"https://www.instagram.com/el_pais/\\"},\\"twitterUsername\\":\\"el_pais\\",\\"siteLanguage\\":\\"es\\"},\\"el-pais-america\\":{\\"socialLinks\\":{\\"facebook\\":\\"https://www.facebook.com/elpaisamerica\\",\\"twitter\\":\\"https://twitter.com/elpais_america\\",\\"youtube\\":\\"https://www.youtube.com/user/elpaiscom\\",\\"wikipedia\\":\\"https://es.wikipedia.org/wiki/El_Pa%C3%ADs\\",\\"instagram\\":\\"https://www.instagram.com/elpaisamerica\\"},\\"twitterUsername\\":\\"elpais_america\\",\\"siteLanguage\\":\\"es\\"},\\"el-pais-mexico\\":{\\"socialLinks\\":{\\"facebook\\":\\"https://www.facebook.com/elpaismexico\\",\\"twitter\\":\\"https://twitter.com/elpaismexico\\",\\"youtube\\":\\"https://www.youtube.com/user/elpaiscom\\",\\"wikipedia\\":\\"https://es.wikipedia.org/wiki/El_Pa%C3%ADs\\",\\"instagram\\":\\"https://www.instagram.com/elpaismexico\\"},\\"twitterUsername\\":\\"elpaismexico\\",\\"siteLanguage\\":\\"es\\"},\\"el-pais-colombia\\":{\\"socialLinks\\":{\\"facebook\\":\\"https://www.facebook.com/elpaisamericacolombia\\",\\"twitter\\":\\"https://twitter.com/ElPaisAmericaCo\\",\\"youtube\\":\\"https://www.youtube.com/user/elpaiscom\\",\\"wikipedia\\":\\"https://es.wikipedia.org/wiki/El_Pa%C3%ADs\\",\\"instagram\\":\\"https://www.instagram.com/elpaisamericacolombia\\"},\\"twitterUsername\\":\\"elpaisamericaco\\",\\"siteLanguage\\":\\"es\\"},\\"el-pais-argentina\\":{\\"socialLinks\\":{\\"facebook\\":\\"https://www.facebook.com/elpaisamerica\\",\\"twitter\\":\\"https://twitter.com/elpais_america\\",\\"youtube\\":\\"https://www.youtube.com/user/elpaiscom\\",\\"wikipedia\\":\\"https://es.wikipedia.org/wiki/El_Pa%C3%ADs\\",\\"insta'... 454726 more characters,
      level: 'DEBUG',
      test_run_uuid: 'd438c723-c341-4821-a503-c9623a60f888'
    }
  ]
} to 28529:0
2026-02-24T21:19:39.382Z CLI info [testhub:request-queue-handler]  [vedantvankar_WD2nZN]  [srujyhua7le0kbwv6qz2yzcqpznuptkb92dxcer1]  [5be2e400-7dbb-417d-b612-44702b0f7e80]  Added the event {
  event_type: 'LogCreated',
  logs: [
    {
      testFrameworkName: 'pytest',
      testFrameworkVersion: '9.0.2',
      testFrameworkState: 'INIT_TEST',
      timestamp: '2026-02-24T21:19:27.706Z',
      uuid: 'd438c723-c341-4821-a503-c9623a60f888',
      kind: 'TEST_LOG',
      message: 'Finished Request',
      level: 'DEBUG',
      test_run_uuid: 'd438c723-c341-4821-a503-c9623a60f888'
    }
  ]
} to 28529:0
2026-02-24T21:19:39.382Z CLI info [testhub:request-queue-handler]  [vedantvankar_WD2nZN]  [srujyhua7le0kbwv6qz2yzcqpznuptkb92dxcer1]  [5be2e400-7dbb-417d-b612-44702b0f7e80]  Added the event {
  event_type: 'LogCreated',
  logs: [
    {
      testFrameworkName: 'pytest',
      testFrameworkVersion: '9.0.2',
      testFrameworkState: 'INIT_TEST',
      timestamp: '2026-02-24T21:19:27.760Z',
      uuid: 'd438c723-c341-4821-a503-c9623a60f888',
      kind: 'TEST_LOG',
      message: 'Starting new HTTPS connection (1): imagenes.elpais.com:443',
      level: 'DEBUG',
      test_run_uuid: 'd438c723-c341-4821-a503-c9623a60f888'
    }
  ]
} to 28529:0
2026-02-24T21:19:39.382Z CLI info [testhub:request-queue-handler]  [vedantvankar_WD2nZN]  [srujyhua7le0kbwv6qz2yzcqpznuptkb92dxcer1]  [5be2e400-7dbb-417d-b612-44702b0f7e80]  Added the event {
  event_type: 'LogCreated',
  logs: [
    {
      testFrameworkName: 'pytest',
      testFrameworkVersion: '9.0.2',
      testFrameworkState: 'INIT_TEST',
      timestamp: '2026-02-24T21:19:28.833Z',
      uuid: 'd438c723-c341-4821-a503-c9623a60f888',
      kind: 'TEST_LOG',
      message: 'https://imagenes.elpais.com:443 "GET /resizer/v2/JLQ7MEGN6FCITJWOJMZG5ZVZYY.jpg?auth=5ce8d349f5435d611ee9d6d77f62bcca6d49606df71fdf6c658f46f05021020b&width=1200 HTTP/1.1" 200 210644',
      level: 'DEBUG',
      test_run_uuid: 'd438c723-c341-4821-a503-c9623a60f888'
    }
  ]
} to 28529:0
2026-02-24T21:19:39.382Z CLI info [testhub:request-queue-handler]  [vedantvankar_WD2nZN]  [srujyhua7le0kbwv6qz2yzcqpznuptkb92dxcer1]  [5be2e400-7dbb-417d-b612-44702b0f7e80]  Added the event {
  event_type: 'LogCreated',
  logs: [
    {
      testFrameworkName: 'pytest',
      testFrameworkVersion: '9.0.2',
      testFrameworkState: 'INIT_TEST',
      timestamp: '2026-02-24T21:19:29.387Z',
      uuid: 'd438c723-c341-4821-a503-c9623a60f888',
      kind: 'TEST_LOG',
      message: "POST https://hub-aps.browserstack.com/wd/hub/session/2e5cc9e6c637cc94577b1514d25170329d982ac1/url {'url': 'https://elpais.com/opinion/2026-02-24/desconectados-del-mundo.html'}",
      level: 'DEBUG',
      test_run_uuid: 'd438c723-c341-4821-a503-c9623a60f888'
    }
  ]
} to 28529:0
2026-02-24T21:19:39.382Z CLI info [testhub:request-queue-handler]  [vedantvankar_WD2nZN]  [srujyhua7le0kbwv6qz2yzcqpznuptkb92dxcer1]  [5be2e400-7dbb-417d-b612-44702b0f7e80]  Added the event {
  event_type: 'LogCreated',
  logs: [
    {
      testFrameworkName: 'pytest',
      testFrameworkVersion: '9.0.2',
      testFrameworkState: 'INIT_TEST',
      timestamp: '2026-02-24T21:19:30.831Z',
      uuid: 'd438c723-c341-4821-a503-c9623a60f888',
      kind: 'TEST_LOG',
      message: 'https://hub-aps.browserstack.com:443 "POST /wd/hub/session/2e5cc9e6c637cc94577b1514d25170329d982ac1/url HTTP/1.1" 200 0',
      level: 'DEBUG',
      test_run_uuid: 'd438c723-c341-4821-a503-c9623a60f888'
    }
  ]
} to 28529:0
2026-02-24T21:19:39.382Z CLI info [testhub:request-queue-handler]  [vedantvankar_WD2nZN]  [srujyhua7le0kbwv6qz2yzcqpznuptkb92dxcer1]  [5be2e400-7dbb-417d-b612-44702b0f7e80]  Added the event {
  event_type: 'LogCreated',
  logs: [
    {
      testFrameworkName: 'pytest',
      testFrameworkVersion: '9.0.2',
      testFrameworkState: 'INIT_TEST',
      timestamp: '2026-02-24T21:19:30.831Z',
      uuid: 'd438c723-c341-4821-a503-c9623a60f888',
      kind: 'TEST_LOG',
      message: `Remote response: status=200 | data={"value":null} | headers=HTTPHeaderDict({'Server': 'nginx', 'Date': 'Tue, 24 Feb 2026 21:19:30 GMT', 'Content-Type': 'application/json;charset=utf-8', 'Content-Length': '14', 'Connection': 'keep-alive', 'Source-From': '02', 'expires': 'Thu, 01 Jan 1970 00:00:00 GMT', 'cache-control': 'no-cache, no-cache'})`,
      level: 'DEBUG',
      test_run_uuid: 'd438c723-c341-4821-a503-c9623a60f888'
    }
  ]
} to 28529:0
2026-02-24T21:19:39.382Z CLI info [testhub:request-queue-handler]  [vedantvankar_WD2nZN]  [srujyhua7le0kbwv6qz2yzcqpznuptkb92dxcer1]  [5be2e400-7dbb-417d-b612-44702b0f7e80]  Added the event {
  event_type: 'LogCreated',
  logs: [
    {
      testFrameworkName: 'pytest',
      testFrameworkVersion: '9.0.2',
      testFrameworkState: 'INIT_TEST',
      timestamp: '2026-02-24T21:19:30.832Z',
      uuid: 'd438c723-c341-4821-a503-c9623a60f888',
      kind: 'TEST_LOG',
      message: 'Finished Request',
      level: 'DEBUG',
      test_run_uuid: 'd438c723-c341-4821-a503-c9623a60f888'
    }
  ]
} to 28529:0
2026-02-24T21:19:39.382Z CLI info [testhub:request-queue-handler]  [vedantvankar_WD2nZN]  [srujyhua7le0kbwv6qz2yzcqpznuptkb92dxcer1]  [5be2e400-7dbb-417d-b612-44702b0f7e80]  Added the event {
  event_type: 'LogCreated',
  logs: [
    {
      testFrameworkName: 'pytest',
      testFrameworkVersion: '9.0.2',
      testFrameworkState: 'INIT_TEST',
      timestamp: '2026-02-24T21:19:34.834Z',
      uuid: 'd438c723-c341-4821-a503-c9623a60f888',
      kind: 'TEST_LOG',
      message: 'GET https://hub-aps.browserstack.com/wd/hub/session/2e5cc9e6c637cc94577b1514d25170329d982ac1/source {}',
      level: 'DEBUG',
      test_run_uuid: 'd438c723-c341-4821-a503-c9623a60f888'
    }
  ]
} to 28529:0
2026-02-24T21:19:39.382Z CLI info [testhub:request-queue-handler]  [vedantvankar_WD2nZN]  [srujyhua7le0kbwv6qz2yzcqpznuptkb92dxcer1]  [5be2e400-7dbb-417d-b612-44702b0f7e80]  Added the event {
  event_type: 'LogCreated',
  logs: [
    {
      testFrameworkName: 'pytest',
      testFrameworkVersion: '9.0.2',
      testFrameworkState: 'INIT_TEST',
      timestamp: '2026-02-24T21:19:35.529Z',
      uuid: 'd438c723-c341-4821-a503-c9623a60f888',
      kind: 'TEST_LOG',
      message: 'https://hub-aps.browserstack.com:443 "GET /wd/hub/session/2e5cc9e6c637cc94577b1514d25170329d982ac1/source HTTP/1.1" 200 0',
      level: 'DEBUG',
      test_run_uuid: 'd438c723-c341-4821-a503-c9623a60f888'
    }
  ]
} to 28529:0
2026-02-24T21:19:39.395Z CLI info [testhub:request-queue-handler]  [vedantvankar_WD2nZN]  [srujyhua7le0kbwv6qz2yzcqpznuptkb92dxcer1]  [5be2e400-7dbb-417d-b612-44702b0f7e80]  Added the event {
  event_type: 'LogCreated',
  logs: [
    {
      testFrameworkName: 'pytest',
      testFrameworkVersion: '9.0.2',
      testFrameworkState: 'INIT_TEST',
      timestamp: '2026-02-24T21:19:35.529Z',
      uuid: 'd438c723-c341-4821-a503-c9623a60f888',
      kind: 'TEST_LOG',
      message: 'Remote response: status=200 | data={"value":"<html lang=\\"es\\"><head><meta charset=\\"UTF-8\\"><meta name=\\"viewport\\" content=\\"width=device-width, initial-scale=1.0\\"><link rel=\\"preload\\" as=\\"image\\" imagesrcset=\\"https://imagenes.elpais.com/resizer/v2/PIFW5CNFI5E6BMYOTFTQC5ZRCA.jpg?auth=c6474bcd191b4dcb7ef010e12f20ef5908b7554264b459f45f83cca5595fe517&amp;width=414 414w,https://imagenes.elpais.com/resizer/v2/PIFW5CNFI5E6BMYOTFTQC5ZRCA.jpg?auth=c6474bcd191b4dcb7ef010e12f20ef5908b7554264b459f45f83cca5595fe517&amp;width=640 640w,https://imagenes.elpais.com/resizer/v2/PIFW5CNFI5E6BMYOTFTQC5ZRCA.jpg?auth=c6474bcd191b4dcb7ef010e12f20ef5908b7554264b459f45f83cca5595fe517&amp;width=1000 1000w,https://imagenes.elpais.com/resizer/v2/PIFW5CNFI5E6BMYOTFTQC5ZRCA.jpg?auth=c6474bcd191b4dcb7ef010e12f20ef5908b7554264b459f45f83cca5595fe517&amp;width=1200 1200w\\" imagesizes=\\"(min-width:1199px) 661px, (min-width:1001px) 54vw, (min-width:768px) 715px, 100vw\\"><script async=\\"\\" src=\\"https://c.amazon-adsystem.com/aax2/apstag.js\\"></script><link rel=\\"dns-prefetch\\"><link rel=\\"preconnect\\"><script async=\\"\\" src=\\"https://sb.scorecardresearch.com/cs/8671776/beacon.js\\"></script><script src=\\"https://sdk.mrf.io/statics/marfeel-sdk.es5.js?id=2223\\" async=\\"\\" type=\\"text/javascript\\" nomodule=\\"\\"></script><script src=\\"https://sdk.mrf.io/statics/marfeel-sdk.js?id=2223\\" type=\\"module\\"></script><script id=\\"gfkS2s\\" async=\\"\\" type=\\"text/javascript\\" src=\\"https://ES-config.sensic.net/s2s-web.js\\"></script><script id=\\"spcloader\\" type=\\"text/javascript\\" async=\\"\\" src=\\"https://sdk.privacy-center.org/8ba38674-edba-484d-8053-435051d79f72/loader.js?target=epconsentwalnoneu.com\\" charset=\\"utf-8\\"></script><script async=\\"\\" src=\\"https://news.google.com/swg/js/v1/swg-gaa.js\\"></script><script async=\\"\\" subscriptions-control=\\"manual\\" src=\\"https://news.google.com/swg/js/v1/swg.js\\"></script><script id=\\"dsq-count-scr\\" src=\\"https://el-pais-1.disqus.com/count.js\\" async=\\"\\"></script><script src=\\"https://accounts.google.com/gsi/client\\" async=\\"\\" defer=\\"\\"></script><link rel=\\"preconnect\\" href=\\"//static.elpais.com\\"><link rel=\\"preconnect\\" href=\\"//assets.adobedtm.com\\"><link rel=\\"preconnect\\" href=\\"//sdk.privacy-center.org\\"><link rel=\\"preload\\" href=\\"https://imagenes.elpais.com/resizer/v2/PIFW5CNFI5E6BMYOTFTQC5ZRCA.jpg?auth=c6474bcd191b4dcb7ef010e12f20ef5908b7554264b459f45f83cca5595fe517&amp;width=414\\" imagesrcset=\\"https://imagenes.elpais.com/resizer/v2/PIFW5CNFI5E6BMYOTFTQC5ZRCA.jpg?auth=c6474bcd191b4dcb7ef010e12f20ef5908b7554264b459f45f83cca5595fe517&amp;width=414 414w,https://imagenes.elpais.com/resizer/v2/PIFW5CNFI5E6BMYOTFTQC5ZRCA.jpg?auth=c6474bcd191b4dcb7ef010e12f20ef5908b7554264b459f45f83cca5595fe517&amp;width=640 640w,https://imagenes.elpais.com/resizer/v2/PIFW5CNFI5E6BMYOTFTQC5ZRCA.jpg?auth=c6474bcd191b4dcb7ef010e12f20ef5908b7554264b459f45f83cca5595fe517&amp;width=1000 1000w,https://imagenes.elpais.com/resizer/v2/PIFW5CNFI5E6BMYOTFTQC5ZRCA.jpg?auth=c6474bcd191b4dcb7ef010e12f20ef5908b7554264b459f45f83cca5595fe517&amp;width=1200 1200w\\" imagesizes=\\"(min-width:1199px) 661px, (min-width:1001px) 54vw, (min-width:768px) 715px, 100vw\\" as=\\"image\\" fetchpriority=\\"high\\"><link rel=\\"preload\\" href=\\"https://static.elpais.com/dist/resources/fonts/majrit/majrit-text/Majrit-Text-Roman.woff2\\" as=\\"font\\" type=\\"font/woff2\\" crossorigin=\\"\\"><link rel=\\"preload\\" href=\\"https://static.elpais.com/dist/resources/fonts/majrit/majrit-text/Majrit-Text-Black-Italic.woff2\\" as=\\"font\\" type=\\"font/woff2\\" crossorigin=\\"\\"><title>Desconectados del mundo  | Opinión | EL PAÍS</title><meta name=\\"date\\" scheme=\\"W3CDTF\\" content=\\"2026-02-24T05:30:01+01:00\\"><meta name=\\"lang\\" content=\\"es\\"><meta name=\\"author\\" content=\\"Cartas al Director\\"><meta name=\\"robots\\" content=\\"index,follow,max-image-preview:large\\"><meta name=\\"description\\" content=\\"Los lectores y las lectoras escriben sobre el aislamiento social generado por la tecnología, el 23-F, Antonio Castillo Algarra, el jefe de Los Pocholos, y la mercantilización del fútbol\\"><meta name=\\"organization\\" content=\\"Ediciones EL PAÍS S.L.\\"><meta property=\\"article:publisher\\" content=\\"https://www.facebook.com/elpais\\"><meta property=\\"article:published_time\\" content=\\"2026-02-24T05:30:01+01:00\\"><meta property=\\"article:modified_time\\" content=\\"2026-02-24T05:30:01+01:00\\"><meta property=\\"og:title\\" content=\\"Desconectados del mundo \\"><meta property=\\"og:description\\" content=\\"Los lectores y las lectoras escriben sobre el aislamiento social generado por la tecnología, el 23-F, Antonio Castillo Algarra, el jefe de Los Pocholos, y la mercantilización del fútbol\\"><meta property=\\"og:updated_time\\" content=\\"2026-02-24T05:30:01+01:00\\"><meta property=\\"og:image\\" content=\\"https://imagenes.elpais.com/resizer/v2/PIFW5CNFI5E6BMYOTFTQC5ZRCA.jpg?auth=c6474bcd191b4dcb7ef010e12f20ef5908b7554264b459f45f83cca5595fe517&amp;width=1200\\"><meta property=\\"og:image:width\\" content=\\"1200\\"><meta property=\\"og:image:height\\" content=\\"800\\"><meta property=\\"og:url\\" content=\\"https://elpais.com/opinion/2026-02-24/desconectados-del-mundo.html\\"><meta property=\\"og:type\\" content=\\"article\\"><meta property=\\"og:site_name\\" content=\\"El País\\"><meta property=\\"fb:app_id\\" content=\\"94039431626\\"><meta property=\\"twitter:card\\" content=\\"summary_large_image\\"><meta property=\\"twitter:site\\" content=\\"@el_pais\\"><link rel=\\"canonical\\" href=\\"https://elpais.com/opinion/2026-02-24/desconectados-del-mundo.html\\"><link rel=\\"amphtml\\" href=\\"https://elpais.com/opinion/2026-02-24/desconectados-del-mundo.html?outputType=amp\\"><meta property=\\"article:section\\" content=\\"Opinión\\"><meta property=\\"article:tag\\" content=\\"Opinión\\"><meta property=\\"article:tag\\" content=\\"Sociedad\\"><meta property=\\"article:tag\\" content=\\"Tecnología\\"><meta property=\\"article:tag\\" content=\\"Relaciones humanas\\"><meta property=\\"article:tag\\" content=\\"Smartphone\\"><meta property=\\"article:tag\\" content=\\"Redes sociales\\"><meta property=\\"article:tag\\" content=\\"Plataformas digitales\\"><meta property=\\"article:tag\\" content=\\"Spotify\\"><meta property=\\"article:tag\\" content=\\"Auriculares\\"><meta property=\\"article:tag\\" content=\\"23-F\\"><meta property=\\"article:tag\\" content=\\"Golpes estado\\"><meta property=\\"article:tag\\" content=\\"Transición democrática\\"><meta property=\\"article:tag\\" content=\\"Transición española\\"><meta property=\\"article:tag\\" content=\\"Franquismo\\"><meta property=\\"article:tag\\" content=\\"Historia\\"><meta property=\\"article:tag\\" content=\\"Política\\"><meta property=\\"article:tag\\" content=\\"Comunidad de Madrid\\"><meta property=\\"article:tag\\" content=\\"Isabel Díaz Ayuso\\"><meta property=\\"article:tag\\" content=\\"Educación\\"><meta property=\\"article:tag\\" content=\\"Política educativa\\"><meta property=\\"article:tag\\" content=\\"Deportes\\"><meta property=\\"article:tag\\" content=\\"Fútbol\\"><meta property=\\"twitter:title\\" content=\\"Desconectados del mundo  | Cartas al director\\"><meta property=\\"og:article:publisher\\" content=\\"EL PAÍS\\"><meta property=\\"og:article:author\\" content=\\"Cartas al Director\\"><meta name=\\"DC.date.issued\\" content=\\"2026-02-24T05:30:01+01:00\\"><meta property=\\"mrf:tags\\" content=\\"brandedContent:false;\\"><meta property=\\"fb:pages\\" content=\\"8585811569\\"><meta property=\\"news_keywords\\" content=\\"Opinión, Sociedad, Tecnología, Relaciones humanas, Smartphone, Redes sociales, Plataformas digitales, Spotify, Auriculares, 23-F, Golpes estado, Transición democrática, Transición española, Franquismo, Historia, Política, Comunidad de Madrid, Isabel Díaz Ayuso, Educación, Política educativa, Deportes, Fútbol\\"><link rel=\\"alternate\\" href=\\"https://feeds.elpais.com/mrss-s/pages/ep/site/elpais.com/section/opinion/portada\\" type=\\"application/rss+xml\\" title=\\"RSS sobre Opinión\\"><link rel=\\"manifest\\" href=\\"/pf/resources/manifests/site.webmanifest?d=2381\\"><link rel=\\"icon\\" href=\\"https://static.elpais.com/dist/resources/images/favicon.ico\\" type=\\"image/x-icon\\"><link rel=\\"icon\\" href=\\"https://static.elpais.com/dist/resources/images/favicon_96.png\\" type=\\"image/png\\" sizes=\\"96x96\\"><link rel=\\"apple-touch-icon\\" sizes=\\"180x180\\" href=\\"https://static.elpais.com/dist/resources/images/apple-touch-icon.png\\"><script type=\\"application/javascript\\">window.ENP = {\\"globalContent\\":{\\"_id\\":\\"ZVBLBLQO5NHFLGEGEBDK4HAPTI\\",\\"website\\":\\"el-pais\\",\\"alertEnabled\\":true,\\"lotteryButtonEnabled\\":false,\\"chatbotDisabled\\":true,\\"subscribeLinkByIP\\":\\"https://elpais.com/suscripciones/america/#/campaign\\",\\"subscribeLink\\":\\"https://elpais.com/suscripciones/#/campaign\\",\\"subscribePremiumLink\\":{\\"default\\":\\"https://elpais.com/suscripciones/premium/upgrade/\\",\\"CA\\":\\"https://elpais.com/suscripciones/digital/premium/upgrade/eucan/\\",\\"US\\":\\"https://elpais.com/suscripciones/digital/premium/upgrade/eucan/\\"},\\"usunLoginUrl\\":\\"https://services.users.elpais.com/serviceLogin.html\\",\\"baseUrlApiGateway\\":\\"https://wdnf3ec6zb.execute-api.eu-west-1.amazonaws.com/PRO/api/\\",\\"serviceProductUrl\\":\\"https://services.users.elpais.com/serviceProduct.html\\",\\"newsGoogleScript\\":\\"https://news.google.com/swg/js/v1/swg.js\\",\\"secretPasswordServiceProduct\\":\\"&_&que_es_mi_barco$_$\\",\\"favoritesURL\\":\\"https://static.elpais.com/dist/resources/js/334f83a783d9964bffcb2080a770b0c8/ENP-favorites.js\\",\\"apiOrigin\\":\\"https://publicapi.elpais.com\\",\\"publicApi\\":\\"https://publicapi.elpais.com\\",\\"entitlements\\":{\\"basic\\":[2895115629259653],\\"premium\\":[2810938707754442]},\\"omitAds\\":false,\\"isArticle\\":true,\\"isPageWithLiveBlog\\":false,\\"isPageWithLes\\":false,\\"isScoreboardLive\\":false,\\"hasSportLive\\":false,\\"source_system\\":\\"composer\\",\\"canonicalUrl\\":\\"/opinion/2026-02-24/desconectados-del-mundo.html\\",\\"alertsOption\\":{\\"enableAlert\\":true},\\"comments\\":{\\"display_comments\\":true},\\"sites\\":{\\"el-pais\\":{\\"socialLinks\\":{\\"facebook\\":\\"https://es-es.facebook.com/elpais/\\",\\"twitter\\":\\"h'... 558633 more characters,
      level: 'DEBUG',
      test_run_uuid: 'd438c723-c341-4821-a503-c9623a60f888'
    }
  ]
} to 28529:0
2026-02-24T21:19:39.395Z CLI info [testhub:request-queue-handler]  [vedantvankar_WD2nZN]  [srujyhua7le0kbwv6qz2yzcqpznuptkb92dxcer1]  [5be2e400-7dbb-417d-b612-44702b0f7e80]  Added the event {
  event_type: 'LogCreated',
  logs: [
    {
      testFrameworkName: 'pytest',
      testFrameworkVersion: '9.0.2',
      testFrameworkState: 'INIT_TEST',
      timestamp: '2026-02-24T21:19:35.541Z',
      uuid: 'd438c723-c341-4821-a503-c9623a60f888',
      kind: 'TEST_LOG',
      message: 'Finished Request',
      level: 'DEBUG',
      test_run_uuid: 'd438c723-c341-4821-a503-c9623a60f888'
    }
  ]
} to 28529:0
2026-02-24T21:19:39.395Z CLI info [testhub:request-queue-handler]  [vedantvankar_WD2nZN]  [srujyhua7le0kbwv6qz2yzcqpznuptkb92dxcer1]  [5be2e400-7dbb-417d-b612-44702b0f7e80]  Added the event {
  event_type: 'LogCreated',
  logs: [
    {
      testFrameworkName: 'pytest',
      testFrameworkVersion: '9.0.2',
      testFrameworkState: 'INIT_TEST',
      timestamp: '2026-02-24T21:19:35.589Z',
      uuid: 'd438c723-c341-4821-a503-c9623a60f888',
      kind: 'TEST_LOG',
      message: 'Starting new HTTPS connection (1): imagenes.elpais.com:443',
      level: 'DEBUG',
      test_run_uuid: 'd438c723-c341-4821-a503-c9623a60f888'
    }
  ]
} to 28529:0
2026-02-24T21:19:39.395Z CLI info [testhub:request-queue-handler]  [vedantvankar_WD2nZN]  [srujyhua7le0kbwv6qz2yzcqpznuptkb92dxcer1]  [5be2e400-7dbb-417d-b612-44702b0f7e80]  Added the event {
  event_type: 'LogCreated',
  logs: [
    {
      testFrameworkName: 'pytest',
      testFrameworkVersion: '9.0.2',
      testFrameworkState: 'INIT_TEST',
      timestamp: '2026-02-24T21:19:35.882Z',
      uuid: 'd438c723-c341-4821-a503-c9623a60f888',
      kind: 'TEST_LOG',
      message: 'https://imagenes.elpais.com:443 "GET /resizer/v2/PIFW5CNFI5E6BMYOTFTQC5ZRCA.jpg?auth=c6474bcd191b4dcb7ef010e12f20ef5908b7554264b459f45f83cca5595fe517&width=1200 HTTP/1.1" 200 97265',
      level: 'DEBUG',
      test_run_uuid: 'd438c723-c341-4821-a503-c9623a60f888'
    }
  ]
} to 28529:0
2026-02-24T21:19:39.395Z CLI info [testhub:request-queue-handler]  [vedantvankar_WD2nZN]  [srujyhua7le0kbwv6qz2yzcqpznuptkb92dxcer1]  [5be2e400-7dbb-417d-b612-44702b0f7e80]  Added the event {
  event_type: 'LogCreated',
  logs: [
    {
      testFrameworkName: 'pytest',
      testFrameworkVersion: '9.0.2',
      testFrameworkState: 'INIT_TEST',
      timestamp: '2026-02-24T21:19:36.003Z',
      uuid: 'd438c723-c341-4821-a503-c9623a60f888',
      kind: 'TEST_LOG',
      message: 'Starting new HTTPS connection (1): rapid-translate-multi-traduction.p.rapidapi.com:443',
      level: 'DEBUG',
      test_run_uuid: 'd438c723-c341-4821-a503-c9623a60f888'
    }
  ]
} to 28529:0
2026-02-24T21:19:39.396Z CLI info [testhub:request-queue-handler]  [vedantvankar_WD2nZN]  [srujyhua7le0kbwv6qz2yzcqpznuptkb92dxcer1]  [5be2e400-7dbb-417d-b612-44702b0f7e80]  Added the event {
  event_type: 'LogCreated',
  logs: [
    {
      testFrameworkName: 'pytest',
      testFrameworkVersion: '9.0.2',
      testFrameworkState: 'INIT_TEST',
      timestamp: '2026-02-24T21:19:36.838Z',
      uuid: 'd438c723-c341-4821-a503-c9623a60f888',
      kind: 'TEST_LOG',
      message: 'https://rapid-translate-multi-traduction.p.rapidapi.com:443 "POST /t HTTP/1.1" 200 None',
      level: 'DEBUG',
      test_run_uuid: 'd438c723-c341-4821-a503-c9623a60f888'
    }
  ]
} to 28529:0
2026-02-24T21:19:39.616Z CLI info [testhub:request-queue-handler]  [vedantvankar_WD2nZN]  [srujyhua7le0kbwv6qz2yzcqpznuptkb92dxcer1]  [5be2e400-7dbb-417d-b612-44702b0f7e80]  Processing batch event [
  { event_type: 'LogCreated', logs: [ [Object] ] },
  { event_type: 'LogCreated', logs: [ [Object] ] },
  { event_type: 'LogCreated', logs: [ [Object] ] },
  { event_type: 'LogCreated', logs: [ [Object] ] },
  { event_type: 'LogCreated', logs: [ [Object] ] },
  { event_type: 'LogCreated', logs: [ [Object] ] },
  {
    event_type: 'HookRunFinished',
    hook_run: {
      type: 'hook',
      hook_type: 'AFTER_EACH',
      framework: 'pytest',
      uuid: '2325f6b6-41c8-453a-b030-6eba2f8b2953',
      name: 'teardown',
      result: 'passed',
      test_run_id: '288266c0-cfec-4e91-8be5-ecf81df1c4d2',
      body: [Object],
      scope: 'test_elpais_scraper',
      custom_metadata: {},
      tags: [],
      scopes: [Array],
      file_name: 'main.py',
      location: 'main.py',
      vc_filepath: 'main.py',
      started_at: '2026-02-24T21:19:37.194Z',
      finished_at: '2026-02-24T21:19:38.957Z'
    },
    logs: []
  },
  { event_type: 'LogCreated', logs: [ [Object] ] },
  { event_type: 'LogCreated', logs: [ [Object] ] },
  { event_type: 'LogCreated', logs: [ [Object] ] },
  { event_type: 'LogCreated', logs: [ [Object] ] },
  { event_type: 'LogCreated', logs: [ [Object] ] },
  { event_type: 'LogCreated', logs: [ [Object] ] },
  { event_type: 'LogCreated', logs: [ [Object] ] },
  { event_type: 'LogCreated', logs: [ [Object] ] },
  { event_type: 'LogCreated', logs: [ [Object] ] },
  { event_type: 'LogCreated', logs: [ [Object] ] },
  { event_type: 'LogCreated', logs: [ [Object] ] },
  { event_type: 'LogCreated', logs: [ [Object] ] },
  { event_type: 'LogCreated', logs: [ [Object] ] },
  { event_type: 'LogCreated', logs: [ [Object] ] },
  { event_type: 'LogCreated', logs: [ [Object] ] },
  { event_type: 'LogCreated', logs: [ [Object] ] },
  { event_type: 'LogCreated', logs: [ [Object] ] },
  { event_type: 'LogCreated', logs: [ [Object] ] },
  { event_type: 'LogCreated', logs: [ [Object] ] },
  { event_type: 'LogCreated', logs: [ [Object] ] },
  { event_type: 'LogCreated', logs: [ [Object] ] },
  { event_type: 'LogCreated', logs: [ [Object] ] },
  { event_type: 'LogCreated', logs: [ [Object] ] },
  { event_type: 'LogCreated', logs: [ [Object] ] },
  { event_type: 'LogCreated', logs: [ [Object] ] },
  { event_type: 'LogCreated', logs: [ [Object] ] },
  { event_type: 'LogCreated', logs: [ [Object] ] },
  { event_type: 'LogCreated', logs: [ [Object] ] },
  { event_type: 'LogCreated', logs: [ [Object] ] },
  { event_type: 'LogCreated', logs: [ [Object] ] },
  { event_type: 'LogCreated', logs: [ [Object] ] },
  { event_type: 'LogCreated', logs: [ [Object] ] },
  { event_type: 'LogCreated', logs: [ [Object] ] },
  { event_type: 'LogCreated', logs: [ [Object] ] },
  { event_type: 'LogCreated', logs: [ [Object] ] },
  { event_type: 'LogCreated', logs: [ [Object] ] },
  { event_type: 'LogCreated', logs: [ [Object] ] },
  { event_type: 'LogCreated', logs: [ [Object] ] },
  { event_type: 'LogCreated', logs: [ [Object] ] },
  { event_type: 'LogCreated', logs: [ [Object] ] },
  { event_type: 'LogCreated', logs: [ [Object] ] },
  { event_type: 'LogCreated', logs: [ [Object] ] },
  { event_type: 'LogCreated', logs: [ [Object] ] },
  { event_type: 'LogCreated', logs: [ [Object] ] },
  { event_type: 'LogCreated', logs: [ [Object] ] },
  { event_type: 'LogCreated', logs: [ [Object] ] },
  { event_type: 'LogCreated', logs: [ [Object] ] },
  { event_type: 'LogCreated', logs: [ [Object] ] },
  { event_type: 'LogCreated', logs: [ [Object] ] },
  { event_type: 'LogCreated', logs: [ [Object] ] },
  { event_type: 'LogCreated', logs: [ [Object] ] },
  { event_type: 'LogCreated', logs: [ [Object] ] },
  { event_type: 'LogCreated', logs: [ [Object] ] },
  { event_type: 'LogCreated', logs: [ [Object] ] },
  { event_type: 'LogCreated', logs: [ [Object] ] },
  { event_type: 'LogCreated', logs: [ [Object] ] },
  { event_type: 'LogCreated', logs: [ [Object] ] },
  { event_type: 'LogCreated', logs: [ [Object] ] },
  { event_type: 'LogCreated', logs: [ [Object] ] },
  { event_type: 'LogCreated', logs: [ [Object] ] },
  { event_type: 'LogCreated', logs: [ [Object] ] },
  { event_type: 'LogCreated', logs: [ [Object] ] },
  { event_type: 'LogCreated', logs: [ [Object] ] },
  { event_type: 'LogCreated', logs: [ [Object] ] },
  { event_type: 'LogCreated', logs: [ [Object] ] },
  { event_type: 'LogCreated', logs: [ [Object] ] },
  { event_type: 'LogCreated', logs: [ [Object] ] },
  { event_type: 'LogCreated', logs: [ [Object] ] },
  { event_type: 'LogCreated', logs: [ [Object] ] },
  { event_type: 'LogCreated', logs: [ [Object] ] },
  { event_type: 'LogCreated', logs: [ [Object] ] },
  { event_type: 'LogCreated', logs: [ [Object] ] },
  { event_type: 'LogCreated', logs: [ [Object] ] },
  { event_type: 'LogCreated', logs: [ [Object] ] },
  { event_type: 'LogCreated', logs: [ [Object] ] },
  { event_type: 'LogCreated', logs: [ [Object] ] },
  {
    event_type: 'HookRunFinished',
    hook_run: {
      type: 'hook',
      hook_type: 'AFTER_EACH',
      framework: 'pytest',
      uuid: 'f949313b-4dd2-442d-a147-5830d0b91126',
      name: 'teardown',
      result: 'passed',
      test_run_id: 'd438c723-c341-4821-a503-c9623a60f888',
      body: [Object],
      scope: 'test_elpais_scraper',
      custom_metadata: {},
      tags: [],
      scopes: [Array],
      file_name: 'main.py',
      location: 'main.py',
      vc_filepath: 'main.py',
      started_at: '2026-02-24T21:19:37.418Z',
      finished_at: '2026-02-24T21:19:39.291Z'
    },
    logs: []
  },
  { event_type: 'LogCreated', logs: [ [Object] ] },
  { event_type: 'LogCreated', logs: [ [Object] ] },
  { event_type: 'LogCreated', logs: [ [Object] ] },
  { event_type: 'LogCreated', logs: [ [Object] ] },
  { event_type: 'LogCreated', logs: [ [Object] ] },
  { event_type: 'LogCreated', logs: [ [Object] ] },
  { event_type: 'LogCreated', logs: [ [Object] ] },
  { event_type: 'LogCreated', logs: [ [Object] ] },
  { event_type: 'LogCreated', logs: [ [Object] ] },
  { event_type: 'LogCreated', logs: [ [Object] ] },
  { event_type: 'LogCreated', logs: [ [Object] ] },
  { event_type: 'LogCreated', logs: [ [Object] ] },
  { event_type: 'LogCreated', logs: [ [Object] ] },
  { event_type: 'LogCreated', logs: [ [Object] ] },
  { event_type: 'LogCreated', logs: [ [Object] ] },
  { event_type: 'LogCreated', logs: [ [Object] ] },
  ... 60 more items
] to 28529:0
2026-02-24T21:19:39.936Z CLI info  [vedantvankar_WD2nZN]  [srujyhua7le0kbwv6qz2yzcqpznuptkb92dxcer1]  [5be2e400-7dbb-417d-b612-44702b0f7e80]  [PRODUCTION] Making POST request to https://collector-observability.browserstack.com
2026-02-24T21:19:43.661Z CLI info [testhub:request-queue-handler]  [vedantvankar_WD2nZN]  [srujyhua7le0kbwv6qz2yzcqpznuptkb92dxcer1]  [5be2e400-7dbb-417d-b612-44702b0f7e80]  Added the event {
  event_type: 'LogCreated',
  logs: [
    {
      testFrameworkName: 'pytest',
      testFrameworkVersion: '9.0.2',
      testFrameworkState: 'INIT_TEST',
      timestamp: '2026-02-24T21:18:39.636Z',
      uuid: '1a8c5e8a-1351-4807-9f6d-1fb775d14a06',
      kind: 'TEST_LOG',
      message: '\nTITLE (Spanish):',
      level: 'INFO',
      test_run_uuid: '1a8c5e8a-1351-4807-9f6d-1fb775d14a06'
    }
  ]
} to 28529:0
2026-02-24T21:19:43.665Z CLI info [testhub:request-queue-handler]  [vedantvankar_WD2nZN]  [srujyhua7le0kbwv6qz2yzcqpznuptkb92dxcer1]  [5be2e400-7dbb-417d-b612-44702b0f7e80]  Added the event {
  event_type: 'LogCreated',
  logs: [
    {
      testFrameworkName: 'pytest',
      testFrameworkVersion: '9.0.2',
      testFrameworkState: 'INIT_TEST',
      timestamp: '2026-02-24T21:18:39.636Z',
      uuid: '1a8c5e8a-1351-4807-9f6d-1fb775d14a06',
      kind: 'TEST_LOG',
      message: 'Desconectados del mundo',
      level: 'INFO',
      test_run_uuid: '1a8c5e8a-1351-4807-9f6d-1fb775d14a06'
    }
  ]
} to 28529:0
2026-02-24T21:19:43.668Z CLI info [testhub:request-queue-handler]  [vedantvankar_WD2nZN]  [srujyhua7le0kbwv6qz2yzcqpznuptkb92dxcer1]  [5be2e400-7dbb-417d-b612-44702b0f7e80]  Added the event {
  event_type: 'LogCreated',
  logs: [
    {
      testFrameworkName: 'pytest',
      testFrameworkVersion: '9.0.2',
      testFrameworkState: 'INIT_TEST',
      timestamp: '2026-02-24T21:18:39.636Z',
      uuid: '1a8c5e8a-1351-4807-9f6d-1fb775d14a06',
      kind: 'TEST_LOG',
      message: '\nCONTENT PREVIEW:',
      level: 'INFO',
      test_run_uuid: '1a8c5e8a-1351-4807-9f6d-1fb775d14a06'
    }
  ]
} to 28529:0
2026-02-24T21:19:43.670Z CLI info [testhub:request-queue-handler]  [vedantvankar_WD2nZN]  [srujyhua7le0kbwv6qz2yzcqpznuptkb92dxcer1]  [5be2e400-7dbb-417d-b612-44702b0f7e80]  Added the event {
  event_type: 'LogCreated',
  logs: [
    {
      testFrameworkName: 'pytest',
      testFrameworkVersion: '9.0.2',
      testFrameworkState: 'INIT_TEST',
      timestamp: '2026-02-24T21:18:39.636Z',
      uuid: '1a8c5e8a-1351-4807-9f6d-1fb775d14a06',
      kind: 'TEST_LOG',
      message: 'Los lectores y las lectoras escriben sobre el aislamiento social generado por la tecnología, el 23-F, Antonio Castillo Algarra, el jefe de Los Pocholos, y la mercantilización del fútbol\n' +
        'El pasado domingo, visité una sauna. Me sorprendió que casi todos llevaban auriculares. ¡En una sauna! Nadie hablaba. Nadie miraba. Cada cualencerrado en su propio sonido. Entró una mujer con ganas de conversar. Saludó. Preguntó qué tal el día. No obtuvo respuesta. Tras unos minutos, se marchó. Podría parecer que ...',
      level: 'INFO',
      test_run_uuid: '1a8c5e8a-1351-4807-9f6d-1fb775d14a06'
    }
  ]
} to 28529:0
2026-02-24T21:19:44.608Z CLI info [testhub:request-queue-handler]  [vedantvankar_WD2nZN]  [srujyhua7le0kbwv6qz2yzcqpznuptkb92dxcer1]  [5be2e400-7dbb-417d-b612-44702b0f7e80]  Added the event {
  event_type: 'LogCreated',
  logs: [
    {
      testFrameworkName: 'pytest',
      testFrameworkVersion: '9.0.2',
      testFrameworkState: 'INIT_TEST',
      timestamp: '2026-02-24T21:18:39.962Z',
      uuid: '819487dd-188d-4ef5-99c8-dcc5d3d67b38',
      kind: 'TEST_LOG',
      message: '\nTITLE (Spanish):',
      level: 'INFO',
      test_run_uuid: '819487dd-188d-4ef5-99c8-dcc5d3d67b38'
    }
  ]
} to 28529:0
2026-02-24T21:19:44.610Z CLI info [testhub:request-queue-handler]  [vedantvankar_WD2nZN]  [srujyhua7le0kbwv6qz2yzcqpznuptkb92dxcer1]  [5be2e400-7dbb-417d-b612-44702b0f7e80]  Added the event {
  event_type: 'LogCreated',
  logs: [
    {
      testFrameworkName: 'pytest',
      testFrameworkVersion: '9.0.2',
      testFrameworkState: 'INIT_TEST',
      timestamp: '2026-02-24T21:18:39.962Z',
      uuid: '819487dd-188d-4ef5-99c8-dcc5d3d67b38',
      kind: 'TEST_LOG',
      message: 'Desconectados del mundo',
      level: 'INFO',
      test_run_uuid: '819487dd-188d-4ef5-99c8-dcc5d3d67b38'
    }
  ]
} to 28529:0
2026-02-24T21:19:44.614Z CLI info [testhub:request-queue-handler]  [vedantvankar_WD2nZN]  [srujyhua7le0kbwv6qz2yzcqpznuptkb92dxcer1]  [5be2e400-7dbb-417d-b612-44702b0f7e80]  Added the event {
  event_type: 'LogCreated',
  logs: [
    {
      testFrameworkName: 'pytest',
      testFrameworkVersion: '9.0.2',
      testFrameworkState: 'INIT_TEST',
      timestamp: '2026-02-24T21:18:39.962Z',
      uuid: '819487dd-188d-4ef5-99c8-dcc5d3d67b38',
      kind: 'TEST_LOG',
      message: '\nCONTENT PREVIEW:',
      level: 'INFO',
      test_run_uuid: '819487dd-188d-4ef5-99c8-dcc5d3d67b38'
    }
  ]
} to 28529:0
2026-02-24T21:19:44.616Z CLI info [testhub:request-queue-handler]  [vedantvankar_WD2nZN]  [srujyhua7le0kbwv6qz2yzcqpznuptkb92dxcer1]  [5be2e400-7dbb-417d-b612-44702b0f7e80]  Added the event {
  event_type: 'LogCreated',
  logs: [
    {
      testFrameworkName: 'pytest',
      testFrameworkVersion: '9.0.2',
      testFrameworkState: 'INIT_TEST',
      timestamp: '2026-02-24T21:18:39.962Z',
      uuid: '819487dd-188d-4ef5-99c8-dcc5d3d67b38',
      kind: 'TEST_LOG',
      message: 'Los lectores y las lectoras escriben sobre el aislamiento social generado por la tecnología, el 23-F, Antonio Castillo Algarra, el jefe de Los Pocholos, y la mercantilización del fútbol\n' +
        'El pasado domingo, visité una sauna. Me sorprendió que casi todos llevaban auriculares. ¡En una sauna! Nadie hablaba. Nadie miraba. Cada cualencerrado en su propio sonido. Entró una mujer con ganas de conversar. Saludó. Preguntó qué tal el día. No obtuvo respuesta. Tras unos minutos, se marchó. Podría parecer que ...',
      level: 'INFO',
      test_run_uuid: '819487dd-188d-4ef5-99c8-dcc5d3d67b38'
    }
  ]
} to 28529:0
2026-02-24T21:19:44.984Z CLI info [testhub:request-queue-handler]  [vedantvankar_WD2nZN]  [srujyhua7le0kbwv6qz2yzcqpznuptkb92dxcer1]  [5be2e400-7dbb-417d-b612-44702b0f7e80]  Added the event {
  event_type: 'LogCreated',
  logs: [
    {
      testFrameworkName: 'pytest',
      testFrameworkVersion: '9.0.2',
      testFrameworkState: 'INIT_TEST',
      timestamp: '2026-02-24T21:18:39.636Z',
      uuid: '1a8c5e8a-1351-4807-9f6d-1fb775d14a06',
      kind: 'TEST_LOG',
      message: 'Image saved: images/article_5.jpg',
      level: 'INFO',
      test_run_uuid: '1a8c5e8a-1351-4807-9f6d-1fb775d14a06'
    }
  ]
} to 28529:0
2026-02-24T21:19:44.986Z CLI info [testhub:request-queue-handler]  [vedantvankar_WD2nZN]  [srujyhua7le0kbwv6qz2yzcqpznuptkb92dxcer1]  [5be2e400-7dbb-417d-b612-44702b0f7e80]  Added the event {
  event_type: 'LogCreated',
  logs: [
    {
      testFrameworkName: 'pytest',
      testFrameworkVersion: '9.0.2',
      testFrameworkState: 'INIT_TEST',
      timestamp: '2026-02-24T21:18:39.636Z',
      uuid: '1a8c5e8a-1351-4807-9f6d-1fb775d14a06',
      kind: 'TEST_LOG',
      message: '\n==============================',
      level: 'INFO',
      test_run_uuid: '1a8c5e8a-1351-4807-9f6d-1fb775d14a06'
    }
  ]
} to 28529:0
2026-02-24T21:19:44.989Z CLI info [testhub:request-queue-handler]  [vedantvankar_WD2nZN]  [srujyhua7le0kbwv6qz2yzcqpznuptkb92dxcer1]  [5be2e400-7dbb-417d-b612-44702b0f7e80]  Added the event {
  event_type: 'LogCreated',
  logs: [
    {
      testFrameworkName: 'pytest',
      testFrameworkVersion: '9.0.2',
      testFrameworkState: 'INIT_TEST',
      timestamp: '2026-02-24T21:18:39.636Z',
      uuid: '1a8c5e8a-1351-4807-9f6d-1fb775d14a06',
      kind: 'TEST_LOG',
      message: 'TRANSLATING TITLES TO ENGLISH',
      level: 'INFO',
      test_run_uuid: '1a8c5e8a-1351-4807-9f6d-1fb775d14a06'
    }
  ]
} to 28529:0
2026-02-24T21:19:45.618Z CLI info [testhub:request-queue-handler]  [vedantvankar_WD2nZN]  [srujyhua7le0kbwv6qz2yzcqpznuptkb92dxcer1]  [5be2e400-7dbb-417d-b612-44702b0f7e80]  Processing batch event [
  { event_type: 'LogCreated', logs: [ [Object] ] },
  { event_type: 'LogCreated', logs: [ [Object] ] },
  { event_type: 'LogCreated', logs: [ [Object] ] },
  { event_type: 'LogCreated', logs: [ [Object] ] },
  { event_type: 'LogCreated', logs: [ [Object] ] },
  { event_type: 'LogCreated', logs: [ [Object] ] },
  { event_type: 'LogCreated', logs: [ [Object] ] },
  { event_type: 'LogCreated', logs: [ [Object] ] },
  { event_type: 'LogCreated', logs: [ [Object] ] },
  { event_type: 'LogCreated', logs: [ [Object] ] },
  { event_type: 'LogCreated', logs: [ [Object] ] }
] to 28529:0
2026-02-24T21:19:45.621Z CLI info  [vedantvankar_WD2nZN]  [srujyhua7le0kbwv6qz2yzcqpznuptkb92dxcer1]  [5be2e400-7dbb-417d-b612-44702b0f7e80]  [PRODUCTION] Making POST request to https://collector-observability.browserstack.com
2026-02-24T21:19:45.743Z CLI info [testhub:request-queue-handler]  [vedantvankar_WD2nZN]  [srujyhua7le0kbwv6qz2yzcqpznuptkb92dxcer1]  [5be2e400-7dbb-417d-b612-44702b0f7e80]  Added the event {
  event_type: 'LogCreated',
  logs: [
    {
      testFrameworkName: 'pytest',
      testFrameworkVersion: '9.0.2',
      testFrameworkState: 'INIT_TEST',
      timestamp: '2026-02-24T21:18:39.477Z',
      uuid: '68529219-2f00-4bd6-9a24-a597a7326465',
      kind: 'TEST_LOG',
      message: '\nTITLE (Spanish):',
      level: 'INFO',
      test_run_uuid: '68529219-2f00-4bd6-9a24-a597a7326465'
    }
  ]
} to 28529:0
2026-02-24T21:19:45.747Z CLI info [testhub:request-queue-handler]  [vedantvankar_WD2nZN]  [srujyhua7le0kbwv6qz2yzcqpznuptkb92dxcer1]  [5be2e400-7dbb-417d-b612-44702b0f7e80]  Added the event {
  event_type: 'LogCreated',
  logs: [
    {
      testFrameworkName: 'pytest',
      testFrameworkVersion: '9.0.2',
      testFrameworkState: 'INIT_TEST',
      timestamp: '2026-02-24T21:18:39.477Z',
      uuid: '68529219-2f00-4bd6-9a24-a597a7326465',
      kind: 'TEST_LOG',
      message: 'Riki Blanco: prohibido',
      level: 'INFO',
      test_run_uuid: '68529219-2f00-4bd6-9a24-a597a7326465'
    }
  ]
} to 28529:0
2026-02-24T21:19:45.750Z CLI info [testhub:request-queue-handler]  [vedantvankar_WD2nZN]  [srujyhua7le0kbwv6qz2yzcqpznuptkb92dxcer1]  [5be2e400-7dbb-417d-b612-44702b0f7e80]  Added the event {
  event_type: 'LogCreated',
  logs: [
    {
      testFrameworkName: 'pytest',
      testFrameworkVersion: '9.0.2',
      testFrameworkState: 'INIT_TEST',
      timestamp: '2026-02-24T21:18:39.477Z',
      uuid: '68529219-2f00-4bd6-9a24-a597a7326465',
      kind: 'TEST_LOG',
      message: '\nCONTENT PREVIEW:',
      level: 'INFO',
      test_run_uuid: '68529219-2f00-4bd6-9a24-a597a7326465'
    }
  ]
} to 28529:0
2026-02-24T21:19:45.751Z CLI info [testhub:request-queue-handler]  [vedantvankar_WD2nZN]  [srujyhua7le0kbwv6qz2yzcqpznuptkb92dxcer1]  [5be2e400-7dbb-417d-b612-44702b0f7e80]  Added the event {
  event_type: 'LogCreated',
  logs: [
    {
      testFrameworkName: 'pytest',
      testFrameworkVersion: '9.0.2',
      testFrameworkState: 'INIT_TEST',
      timestamp: '2026-02-24T21:18:39.477Z',
      uuid: '68529219-2f00-4bd6-9a24-a597a7326465',
      kind: 'TEST_LOG',
      message: 'Viñeta del 24 de febrero de 2026\n ...',
      level: 'INFO',
      test_run_uuid: '68529219-2f00-4bd6-9a24-a597a7326465'
    }
  ]
} to 28529:0
2026-02-24T21:19:46.187Z CLI info [testhub:request-queue-handler]  [vedantvankar_WD2nZN]  [srujyhua7le0kbwv6qz2yzcqpznuptkb92dxcer1]  [5be2e400-7dbb-417d-b612-44702b0f7e80]  Added the event {
  event_type: 'LogCreated',
  logs: [
    {
      testFrameworkName: 'pytest',
      testFrameworkVersion: '9.0.2',
      testFrameworkState: 'INIT_TEST',
      timestamp: '2026-02-24T21:18:39.962Z',
      uuid: '819487dd-188d-4ef5-99c8-dcc5d3d67b38',
      kind: 'TEST_LOG',
      message: 'Image saved: images/article_5.jpg',
      level: 'INFO',
      test_run_uuid: '819487dd-188d-4ef5-99c8-dcc5d3d67b38'
    }
  ]
} to 28529:0
2026-02-24T21:19:46.189Z CLI info [testhub:request-queue-handler]  [vedantvankar_WD2nZN]  [srujyhua7le0kbwv6qz2yzcqpznuptkb92dxcer1]  [5be2e400-7dbb-417d-b612-44702b0f7e80]  Added the event {
  event_type: 'LogCreated',
  logs: [
    {
      testFrameworkName: 'pytest',
      testFrameworkVersion: '9.0.2',
      testFrameworkState: 'INIT_TEST',
      timestamp: '2026-02-24T21:18:39.962Z',
      uuid: '819487dd-188d-4ef5-99c8-dcc5d3d67b38',
      kind: 'TEST_LOG',
      message: '\n==============================',
      level: 'INFO',
      test_run_uuid: '819487dd-188d-4ef5-99c8-dcc5d3d67b38'
    }
  ]
} to 28529:0
2026-02-24T21:19:46.191Z CLI info [testhub:request-queue-handler]  [vedantvankar_WD2nZN]  [srujyhua7le0kbwv6qz2yzcqpznuptkb92dxcer1]  [5be2e400-7dbb-417d-b612-44702b0f7e80]  Added the event {
  event_type: 'LogCreated',
  logs: [
    {
      testFrameworkName: 'pytest',
      testFrameworkVersion: '9.0.2',
      testFrameworkState: 'INIT_TEST',
      timestamp: '2026-02-24T21:18:39.962Z',
      uuid: '819487dd-188d-4ef5-99c8-dcc5d3d67b38',
      kind: 'TEST_LOG',
      message: 'TRANSLATING TITLES TO ENGLISH',
      level: 'INFO',
      test_run_uuid: '819487dd-188d-4ef5-99c8-dcc5d3d67b38'
    }
  ]
} to 28529:0
2026-02-24T21:19:47.290Z CLI info [testhub:request-queue-handler]  [vedantvankar_WD2nZN]  [srujyhua7le0kbwv6qz2yzcqpznuptkb92dxcer1]  [5be2e400-7dbb-417d-b612-44702b0f7e80]  Added the event {
  event_type: 'LogCreated',
  logs: [
    {
      testFrameworkName: 'pytest',
      testFrameworkVersion: '9.0.2',
      testFrameworkState: 'INIT_TEST',
      timestamp: '2026-02-24T21:18:39.636Z',
      uuid: '1a8c5e8a-1351-4807-9f6d-1fb775d14a06',
      kind: 'TEST_LOG',
      message: '\nSpanish: No más secretos del 23-F',
      level: 'INFO',
      test_run_uuid: '1a8c5e8a-1351-4807-9f6d-1fb775d14a06'
    }
  ]
} to 28529:0
2026-02-24T21:19:47.293Z CLI info [testhub:request-queue-handler]  [vedantvankar_WD2nZN]  [srujyhua7le0kbwv6qz2yzcqpznuptkb92dxcer1]  [5be2e400-7dbb-417d-b612-44702b0f7e80]  Added the event {
  event_type: 'LogCreated',
  logs: [
    {
      testFrameworkName: 'pytest',
      testFrameworkVersion: '9.0.2',
      testFrameworkState: 'INIT_TEST',
      timestamp: '2026-02-24T21:18:39.636Z',
      uuid: '1a8c5e8a-1351-4807-9f6d-1fb775d14a06',
      kind: 'TEST_LOG',
      message: 'English: No more secrets from 23-F',
      level: 'INFO',
      test_run_uuid: '1a8c5e8a-1351-4807-9f6d-1fb775d14a06'
    }
  ]
} to 28529:0
2026-02-24T21:19:47.295Z CLI info [testhub:request-queue-handler]  [vedantvankar_WD2nZN]  [srujyhua7le0kbwv6qz2yzcqpznuptkb92dxcer1]  [5be2e400-7dbb-417d-b612-44702b0f7e80]  Added the event {
  event_type: 'LogCreated',
  logs: [
    {
      testFrameworkName: 'pytest',
      testFrameworkVersion: '9.0.2',
      testFrameworkState: 'INIT_TEST',
      timestamp: '2026-02-24T21:18:39.636Z',
      uuid: '1a8c5e8a-1351-4807-9f6d-1fb775d14a06',
      kind: 'TEST_LOG',
      message: '\nSpanish: La lenta gestación de la extrema derecha',
      level: 'INFO',
      test_run_uuid: '1a8c5e8a-1351-4807-9f6d-1fb775d14a06'
    }
  ]
} to 28529:0
2026-02-24T21:19:47.297Z CLI info [testhub:request-queue-handler]  [vedantvankar_WD2nZN]  [srujyhua7le0kbwv6qz2yzcqpznuptkb92dxcer1]  [5be2e400-7dbb-417d-b612-44702b0f7e80]  Added the event {
  event_type: 'LogCreated',
  logs: [
    {
      testFrameworkName: 'pytest',
      testFrameworkVersion: '9.0.2',
      testFrameworkState: 'INIT_TEST',
      timestamp: '2026-02-24T21:18:39.636Z',
      uuid: '1a8c5e8a-1351-4807-9f6d-1fb775d14a06',
      kind: 'TEST_LOG',
      message: 'English: The slow gestation of the extreme right',
      level: 'INFO',
      test_run_uuid: '1a8c5e8a-1351-4807-9f6d-1fb775d14a06'
    }
  ]
} to 28529:0
2026-02-24T21:19:47.300Z CLI info [testhub:request-queue-handler]  [vedantvankar_WD2nZN]  [srujyhua7le0kbwv6qz2yzcqpznuptkb92dxcer1]  [5be2e400-7dbb-417d-b612-44702b0f7e80]  Added the event {
  event_type: 'LogCreated',
  logs: [
    {
      testFrameworkName: 'pytest',
      testFrameworkVersion: '9.0.2',
      testFrameworkState: 'INIT_TEST',
      timestamp: '2026-02-24T21:18:39.636Z',
      uuid: '1a8c5e8a-1351-4807-9f6d-1fb775d14a06',
      kind: 'TEST_LOG',
      message: '\nSpanish: La conga de los pocholos',
      level: 'INFO',
      test_run_uuid: '1a8c5e8a-1351-4807-9f6d-1fb775d14a06'
    }
  ]
} to 28529:0
2026-02-24T21:19:47.302Z CLI info [testhub:request-queue-handler]  [vedantvankar_WD2nZN]  [srujyhua7le0kbwv6qz2yzcqpznuptkb92dxcer1]  [5be2e400-7dbb-417d-b612-44702b0f7e80]  Added the event {
  event_type: 'LogCreated',
  logs: [
    {
      testFrameworkName: 'pytest',
      testFrameworkVersion: '9.0.2',
      testFrameworkState: 'INIT_TEST',
      timestamp: '2026-02-24T21:18:39.636Z',
      uuid: '1a8c5e8a-1351-4807-9f6d-1fb775d14a06',
      kind: 'TEST_LOG',
      message: 'English: The conga of the pocholos',
      level: 'INFO',
      test_run_uuid: '1a8c5e8a-1351-4807-9f6d-1fb775d14a06'
    }
  ]
} to 28529:0
2026-02-24T21:19:47.305Z CLI info [testhub:request-queue-handler]  [vedantvankar_WD2nZN]  [srujyhua7le0kbwv6qz2yzcqpznuptkb92dxcer1]  [5be2e400-7dbb-417d-b612-44702b0f7e80]  Added the event {
  event_type: 'LogCreated',
  logs: [
    {
      testFrameworkName: 'pytest',
      testFrameworkVersion: '9.0.2',
      testFrameworkState: 'INIT_TEST',
      timestamp: '2026-02-24T21:18:39.636Z',
      uuid: '1a8c5e8a-1351-4807-9f6d-1fb775d14a06',
      kind: 'TEST_LOG',
      message: '\nSpanish: Desconectados del mundo',
      level: 'INFO',
      test_run_uuid: '1a8c5e8a-1351-4807-9f6d-1fb775d14a06'
    }
  ]
} to 28529:0
2026-02-24T21:19:47.306Z CLI info [testhub:request-queue-handler]  [vedantvankar_WD2nZN]  [srujyhua7le0kbwv6qz2yzcqpznuptkb92dxcer1]  [5be2e400-7dbb-417d-b612-44702b0f7e80]  Added the event {
  event_type: 'LogCreated',
  logs: [
    {
      testFrameworkName: 'pytest',
      testFrameworkVersion: '9.0.2',
      testFrameworkState: 'INIT_TEST',
      timestamp: '2026-02-24T21:18:39.636Z',
      uuid: '1a8c5e8a-1351-4807-9f6d-1fb775d14a06',
      kind: 'TEST_LOG',
      message: 'English: Riki Blanco: prohibited',
      level: 'INFO',
      test_run_uuid: '1a8c5e8a-1351-4807-9f6d-1fb775d14a06'
    }
  ]
} to 28529:0
2026-02-24T21:19:47.308Z CLI info [testhub:request-queue-handler]  [vedantvankar_WD2nZN]  [srujyhua7le0kbwv6qz2yzcqpznuptkb92dxcer1]  [5be2e400-7dbb-417d-b612-44702b0f7e80]  Added the event {
  event_type: 'LogCreated',
  logs: [
    {
      testFrameworkName: 'pytest',
      testFrameworkVersion: '9.0.2',
      testFrameworkState: 'INIT_TEST',
      timestamp: '2026-02-24T21:18:39.636Z',
      uuid: '1a8c5e8a-1351-4807-9f6d-1fb775d14a06',
      kind: 'TEST_LOG',
      message: '\nSpanish: Riki Blanco: prohibido',
      level: 'INFO',
      test_run_uuid: '1a8c5e8a-1351-4807-9f6d-1fb775d14a06'
    }
  ]
} to 28529:0
2026-02-24T21:19:47.310Z CLI info [testhub:request-queue-handler]  [vedantvankar_WD2nZN]  [srujyhua7le0kbwv6qz2yzcqpznuptkb92dxcer1]  [5be2e400-7dbb-417d-b612-44702b0f7e80]  Added the event {
  event_type: 'LogCreated',
  logs: [
    {
      testFrameworkName: 'pytest',
      testFrameworkVersion: '9.0.2',
      testFrameworkState: 'INIT_TEST',
      timestamp: '2026-02-24T21:18:39.636Z',
      uuid: '1a8c5e8a-1351-4807-9f6d-1fb775d14a06',
      kind: 'TEST_LOG',
      message: 'English: Disconnected from the world',
      level: 'INFO',
      test_run_uuid: '1a8c5e8a-1351-4807-9f6d-1fb775d14a06'
    }
  ]
} to 28529:0
2026-02-24T21:19:47.342Z CLI info [testhub:request-queue-handler]  [vedantvankar_WD2nZN]  [srujyhua7le0kbwv6qz2yzcqpznuptkb92dxcer1]  [5be2e400-7dbb-417d-b612-44702b0f7e80]  Added the event {
  event_type: 'LogCreated',
  logs: [
    {
      testFrameworkName: 'pytest',
      testFrameworkVersion: '9.0.2',
      testFrameworkState: 'INIT_TEST',
      timestamp: '2026-02-24T21:18:39.636Z',
      uuid: '1a8c5e8a-1351-4807-9f6d-1fb775d14a06',
      kind: 'TEST_LOG',
      message: '\n==============================',
      level: 'INFO',
      test_run_uuid: '1a8c5e8a-1351-4807-9f6d-1fb775d14a06'
    }
  ]
} to 28529:0
2026-02-24T21:19:47.344Z CLI info [testhub:request-queue-handler]  [vedantvankar_WD2nZN]  [srujyhua7le0kbwv6qz2yzcqpznuptkb92dxcer1]  [5be2e400-7dbb-417d-b612-44702b0f7e80]  Added the event {
  event_type: 'LogCreated',
  logs: [
    {
      testFrameworkName: 'pytest',
      testFrameworkVersion: '9.0.2',
      testFrameworkState: 'INIT_TEST',
      timestamp: '2026-02-24T21:18:39.636Z',
      uuid: '1a8c5e8a-1351-4807-9f6d-1fb775d14a06',
      kind: 'TEST_LOG',
      message: 'No words repeated more than twice.',
      level: 'INFO',
      test_run_uuid: '1a8c5e8a-1351-4807-9f6d-1fb775d14a06'
    }
  ]
} to 28529:0
2026-02-24T21:19:47.346Z CLI info [testhub:request-queue-handler]  [vedantvankar_WD2nZN]  [srujyhua7le0kbwv6qz2yzcqpznuptkb92dxcer1]  [5be2e400-7dbb-417d-b612-44702b0f7e80]  Added the event {
  event_type: 'LogCreated',
  logs: [
    {
      testFrameworkName: 'pytest',
      testFrameworkVersion: '9.0.2',
      testFrameworkState: 'INIT_TEST',
      timestamp: '2026-02-24T21:18:39.636Z',
      uuid: '1a8c5e8a-1351-4807-9f6d-1fb775d14a06',
      kind: 'TEST_LOG',
      message: 'main.py::test_elpais_scraper',
      level: 'INFO',
      test_run_uuid: '1a8c5e8a-1351-4807-9f6d-1fb775d14a06'
    }
  ]
} to 28529:0
2026-02-24T21:19:47.348Z CLI info [testhub:request-queue-handler]  [vedantvankar_WD2nZN]  [srujyhua7le0kbwv6qz2yzcqpznuptkb92dxcer1]  [5be2e400-7dbb-417d-b612-44702b0f7e80]  Added the event {
  event_type: 'LogCreated',
  logs: [
    {
      testFrameworkName: 'pytest',
      testFrameworkVersion: '9.0.2',
      testFrameworkState: 'INIT_TEST',
      timestamp: '2026-02-24T21:18:39.636Z',
      uuid: '1a8c5e8a-1351-4807-9f6d-1fb775d14a06',
      kind: 'TEST_LOG',
      message: 'REPEATED WORDS (count > 2)',
      level: 'INFO',
      test_run_uuid: '1a8c5e8a-1351-4807-9f6d-1fb775d14a06'
    }
  ]
} to 28529:0
2026-02-24T21:19:47.349Z CLI info [testhub:request-queue-handler]  [vedantvankar_WD2nZN]  [srujyhua7le0kbwv6qz2yzcqpznuptkb92dxcer1]  [5be2e400-7dbb-417d-b612-44702b0f7e80]  Added the event {
  event_type: 'LogCreated',
  logs: [
    {
      testFrameworkName: 'pytest',
      testFrameworkVersion: '9.0.2',
      testFrameworkState: 'INIT_TEST',
      timestamp: '2026-02-24T21:18:39.636Z',
      uuid: '1a8c5e8a-1351-4807-9f6d-1fb775d14a06',
      kind: 'TEST_LOG',
      message: 'Test passed:',
      level: 'INFO',
      test_run_uuid: '1a8c5e8a-1351-4807-9f6d-1fb775d14a06'
    }
  ]
} to 28529:0
2026-02-24T21:19:47.351Z CLI info [testhub:request-queue-handler]  [vedantvankar_WD2nZN]  [srujyhua7le0kbwv6qz2yzcqpznuptkb92dxcer1]  [5be2e400-7dbb-417d-b612-44702b0f7e80]  Added the event {
  event_type: 'LogCreated',
  logs: [
    {
      testFrameworkName: 'pytest',
      testFrameworkVersion: '9.0.2',
      testFrameworkState: 'INIT_TEST',
      timestamp: '2026-02-24T21:18:39.636Z',
      uuid: '1a8c5e8a-1351-4807-9f6d-1fb775d14a06',
      kind: 'TEST_LOG',
      message: '\nPART 2 COMPLETE',
      level: 'INFO',
      test_run_uuid: '1a8c5e8a-1351-4807-9f6d-1fb775d14a06'
    }
  ]
} to 28529:0
2026-02-24T21:19:47.352Z CLI info [testhub:request-queue-handler]  [vedantvankar_WD2nZN]  [srujyhua7le0kbwv6qz2yzcqpznuptkb92dxcer1]  [5be2e400-7dbb-417d-b612-44702b0f7e80]  Added the event {
  event_type: 'LogCreated',
  logs: [
    {
      testFrameworkName: 'pytest',
      testFrameworkVersion: '9.0.2',
      testFrameworkState: 'INIT_TEST',
      timestamp: '2026-02-24T21:18:39.636Z',
      uuid: '1a8c5e8a-1351-4807-9f6d-1fb775d14a06',
      kind: 'TEST_LOG',
      message: 'srujyhua7le0kbwv6qz2yzcqpznuptkb92dxcer1',
      level: 'INFO',
      test_run_uuid: '1a8c5e8a-1351-4807-9f6d-1fb775d14a06'
    }
  ]
} to 28529:0
2026-02-24T21:19:47.354Z CLI info [testhub:request-queue-handler]  [vedantvankar_WD2nZN]  [srujyhua7le0kbwv6qz2yzcqpznuptkb92dxcer1]  [5be2e400-7dbb-417d-b612-44702b0f7e80]  Added the event {
  event_type: 'LogCreated',
  logs: [
    {
      testFrameworkName: 'pytest',
      testFrameworkVersion: '9.0.2',
      testFrameworkState: 'INIT_TEST',
      timestamp: '2026-02-24T21:18:39.636Z',
      uuid: '1a8c5e8a-1351-4807-9f6d-1fb775d14a06',
      kind: 'TEST_LOG',
      message: 'Test passed:  main.py::test_elpais_scraper srujyhua7le0kbwv6qz2yzcqpznuptkb92dxcer1',
      level: 'INFO',
      test_run_uuid: '1a8c5e8a-1351-4807-9f6d-1fb775d14a06'
    }
  ]
} to 28529:0
2026-02-24T21:19:47.356Z CLI info [testhub:request-queue-handler]  [vedantvankar_WD2nZN]  [srujyhua7le0kbwv6qz2yzcqpznuptkb92dxcer1]  [5be2e400-7dbb-417d-b612-44702b0f7e80]  Added the event {
  event_type: 'LogCreated',
  logs: [
    {
      testFrameworkName: 'pytest',
      testFrameworkVersion: '9.0.2',
      testFrameworkState: 'INIT_TEST',
      timestamp: '2026-02-24T21:18:39.477Z',
      uuid: '68529219-2f00-4bd6-9a24-a597a7326465',
      kind: 'TEST_LOG',
      message: 'Image saved: images/article_4.jpg',
      level: 'INFO',
      test_run_uuid: '68529219-2f00-4bd6-9a24-a597a7326465'
    }
  ]
} to 28529:0
2026-02-24T21:19:47.358Z CLI info [testhub:request-queue-handler]  [vedantvankar_WD2nZN]  [srujyhua7le0kbwv6qz2yzcqpznuptkb92dxcer1]  [5be2e400-7dbb-417d-b612-44702b0f7e80]  Added the event {
  event_type: 'LogCreated',
  logs: [
    {
      testFrameworkName: 'pytest',
      testFrameworkVersion: '9.0.2',
      testFrameworkState: 'INIT_TEST',
      timestamp: '2026-02-24T21:18:39.477Z',
      uuid: '68529219-2f00-4bd6-9a24-a597a7326465',
      kind: 'TEST_LOG',
      message: '\n==============================',
      level: 'INFO',
      test_run_uuid: '68529219-2f00-4bd6-9a24-a597a7326465'
    }
  ]
} to 28529:0
2026-02-24T21:19:47.359Z CLI info [testhub:request-queue-handler]  [vedantvankar_WD2nZN]  [srujyhua7le0kbwv6qz2yzcqpznuptkb92dxcer1]  [5be2e400-7dbb-417d-b612-44702b0f7e80]  Added the event {
  event_type: 'LogCreated',
  logs: [
    {
      testFrameworkName: 'pytest',
      testFrameworkVersion: '9.0.2',
      testFrameworkState: 'INIT_TEST',
      timestamp: '2026-02-24T21:18:39.477Z',
      uuid: '68529219-2f00-4bd6-9a24-a597a7326465',
      kind: 'TEST_LOG',
      message: 'Scraping article 5',
      level: 'INFO',
      test_run_uuid: '68529219-2f00-4bd6-9a24-a597a7326465'
    }
  ]
} to 28529:0
2026-02-24T21:19:47.362Z CLI info [testhub:request-queue-handler]  [vedantvankar_WD2nZN]  [srujyhua7le0kbwv6qz2yzcqpznuptkb92dxcer1]  [5be2e400-7dbb-417d-b612-44702b0f7e80]  Added the event {
  event_type: 'LogCreated',
  logs: [
    {
      testFrameworkName: 'pytest',
      testFrameworkVersion: '9.0.2',
      testFrameworkState: 'INIT_TEST',
      timestamp: '2026-02-24T21:18:39.636Z',
      uuid: '1a8c5e8a-1351-4807-9f6d-1fb775d14a06',
      kind: 'TEST_LOG',
      message: '\x1B[32m                                  [100%]\x1B[0m',
      level: 'INFO',
      test_run_uuid: '1a8c5e8a-1351-4807-9f6d-1fb775d14a06'
    }
  ]
} to 28529:0
2026-02-24T21:19:47.363Z CLI info [testhub:request-queue-handler]  [vedantvankar_WD2nZN]  [srujyhua7le0kbwv6qz2yzcqpznuptkb92dxcer1]  [5be2e400-7dbb-417d-b612-44702b0f7e80]  Added the event {
  event_type: 'LogCreated',
  logs: [
    {
      testFrameworkName: 'pytest',
      testFrameworkVersion: '9.0.2',
      testFrameworkState: 'INIT_TEST',
      timestamp: '2026-02-24T21:18:39.636Z',
      uuid: '1a8c5e8a-1351-4807-9f6d-1fb775d14a06',
      kind: 'TEST_LOG',
      message: '\x1B[32mPASSED\x1B[0m',
      level: 'INFO',
      test_run_uuid: '1a8c5e8a-1351-4807-9f6d-1fb775d14a06'
    }
  ]
} to 28529:0
2026-02-24T21:19:47.619Z CLI info [testhub:request-queue-handler]  [vedantvankar_WD2nZN]  [srujyhua7le0kbwv6qz2yzcqpznuptkb92dxcer1]  [5be2e400-7dbb-417d-b612-44702b0f7e80]  Processing batch event [
  { event_type: 'LogCreated', logs: [ [Object] ] },
  { event_type: 'LogCreated', logs: [ [Object] ] },
  { event_type: 'LogCreated', logs: [ [Object] ] },
  { event_type: 'LogCreated', logs: [ [Object] ] },
  { event_type: 'LogCreated', logs: [ [Object] ] },
  { event_type: 'LogCreated', logs: [ [Object] ] },
  { event_type: 'LogCreated', logs: [ [Object] ] },
  { event_type: 'LogCreated', logs: [ [Object] ] },
  { event_type: 'LogCreated', logs: [ [Object] ] },
  { event_type: 'LogCreated', logs: [ [Object] ] },
  { event_type: 'LogCreated', logs: [ [Object] ] },
  { event_type: 'LogCreated', logs: [ [Object] ] },
  { event_type: 'LogCreated', logs: [ [Object] ] },
  { event_type: 'LogCreated', logs: [ [Object] ] },
  { event_type: 'LogCreated', logs: [ [Object] ] },
  { event_type: 'LogCreated', logs: [ [Object] ] },
  { event_type: 'LogCreated', logs: [ [Object] ] },
  { event_type: 'LogCreated', logs: [ [Object] ] },
  { event_type: 'LogCreated', logs: [ [Object] ] },
  { event_type: 'LogCreated', logs: [ [Object] ] },
  { event_type: 'LogCreated', logs: [ [Object] ] },
  { event_type: 'LogCreated', logs: [ [Object] ] },
  { event_type: 'LogCreated', logs: [ [Object] ] },
  { event_type: 'LogCreated', logs: [ [Object] ] },
  { event_type: 'LogCreated', logs: [ [Object] ] },
  { event_type: 'LogCreated', logs: [ [Object] ] },
  { event_type: 'LogCreated', logs: [ [Object] ] },
  { event_type: 'LogCreated', logs: [ [Object] ] },
  { event_type: 'LogCreated', logs: [ [Object] ] },
  { event_type: 'LogCreated', logs: [ [Object] ] }
] to 28529:0
2026-02-24T21:19:47.621Z CLI info  [vedantvankar_WD2nZN]  [srujyhua7le0kbwv6qz2yzcqpznuptkb92dxcer1]  [5be2e400-7dbb-417d-b612-44702b0f7e80]  [PRODUCTION] Making POST request to https://collector-observability.browserstack.com
2026-02-24T21:19:47.665Z CLI info [testhub:request-queue-handler]  [vedantvankar_WD2nZN]  [srujyhua7le0kbwv6qz2yzcqpznuptkb92dxcer1]  [5be2e400-7dbb-417d-b612-44702b0f7e80]  Added the event {
  event_type: 'LogCreated',
  logs: [
    {
      testFrameworkName: 'pytest',
      testFrameworkVersion: '9.0.2',
      testFrameworkState: 'INIT_TEST',
      timestamp: '2026-02-24T21:18:39.962Z',
      uuid: '819487dd-188d-4ef5-99c8-dcc5d3d67b38',
      kind: 'TEST_LOG',
      message: '\nSpanish: No más secretos del 23-F',
      level: 'INFO',
      test_run_uuid: '819487dd-188d-4ef5-99c8-dcc5d3d67b38'
    }
  ]
} to 28529:0
2026-02-24T21:19:47.669Z CLI info [testhub:request-queue-handler]  [vedantvankar_WD2nZN]  [srujyhua7le0kbwv6qz2yzcqpznuptkb92dxcer1]  [5be2e400-7dbb-417d-b612-44702b0f7e80]  Added the event {
  event_type: 'LogCreated',
  logs: [
    {
      testFrameworkName: 'pytest',
      testFrameworkVersion: '9.0.2',
      testFrameworkState: 'INIT_TEST',
      timestamp: '2026-02-24T21:18:39.962Z',
      uuid: '819487dd-188d-4ef5-99c8-dcc5d3d67b38',
      kind: 'TEST_LOG',
      message: 'English: No more secrets from 23-F',
      level: 'INFO',
      test_run_uuid: '819487dd-188d-4ef5-99c8-dcc5d3d67b38'
    }
  ]
} to 28529:0
2026-02-24T21:19:47.672Z CLI info [testhub:request-queue-handler]  [vedantvankar_WD2nZN]  [srujyhua7le0kbwv6qz2yzcqpznuptkb92dxcer1]  [5be2e400-7dbb-417d-b612-44702b0f7e80]  Added the event {
  event_type: 'LogCreated',
  logs: [
    {
      testFrameworkName: 'pytest',
      testFrameworkVersion: '9.0.2',
      testFrameworkState: 'INIT_TEST',
      timestamp: '2026-02-24T21:18:39.962Z',
      uuid: '819487dd-188d-4ef5-99c8-dcc5d3d67b38',
      kind: 'TEST_LOG',
      message: '\nSpanish: La lenta gestación de la extrema derecha',
      level: 'INFO',
      test_run_uuid: '819487dd-188d-4ef5-99c8-dcc5d3d67b38'
    }
  ]
} to 28529:0
2026-02-24T21:19:47.674Z CLI info [testhub:request-queue-handler]  [vedantvankar_WD2nZN]  [srujyhua7le0kbwv6qz2yzcqpznuptkb92dxcer1]  [5be2e400-7dbb-417d-b612-44702b0f7e80]  Added the event {
  event_type: 'LogCreated',
  logs: [
    {
      testFrameworkName: 'pytest',
      testFrameworkVersion: '9.0.2',
      testFrameworkState: 'INIT_TEST',
      timestamp: '2026-02-24T21:18:39.962Z',
      uuid: '819487dd-188d-4ef5-99c8-dcc5d3d67b38',
      kind: 'TEST_LOG',
      message: 'English: The slow gestation of the extreme right',
      level: 'INFO',
      test_run_uuid: '819487dd-188d-4ef5-99c8-dcc5d3d67b38'
    }
  ]
} to 28529:0
2026-02-24T21:19:47.678Z CLI info [testhub:request-queue-handler]  [vedantvankar_WD2nZN]  [srujyhua7le0kbwv6qz2yzcqpznuptkb92dxcer1]  [5be2e400-7dbb-417d-b612-44702b0f7e80]  Added the event {
  event_type: 'LogCreated',
  logs: [
    {
      testFrameworkName: 'pytest',
      testFrameworkVersion: '9.0.2',
      testFrameworkState: 'INIT_TEST',
      timestamp: '2026-02-24T21:18:39.962Z',
      uuid: '819487dd-188d-4ef5-99c8-dcc5d3d67b38',
      kind: 'TEST_LOG',
      message: '\nSpanish: La conga de los pocholos',
      level: 'INFO',
      test_run_uuid: '819487dd-188d-4ef5-99c8-dcc5d3d67b38'
    }
  ]
} to 28529:0
2026-02-24T21:19:47.681Z CLI info [testhub:request-queue-handler]  [vedantvankar_WD2nZN]  [srujyhua7le0kbwv6qz2yzcqpznuptkb92dxcer1]  [5be2e400-7dbb-417d-b612-44702b0f7e80]  Added the event {
  event_type: 'LogCreated',
  logs: [
    {
      testFrameworkName: 'pytest',
      testFrameworkVersion: '9.0.2',
      testFrameworkState: 'INIT_TEST',
      timestamp: '2026-02-24T21:18:39.962Z',
      uuid: '819487dd-188d-4ef5-99c8-dcc5d3d67b38',
      kind: 'TEST_LOG',
      message: 'English: The conga of the pocholos',
      level: 'INFO',
      test_run_uuid: '819487dd-188d-4ef5-99c8-dcc5d3d67b38'
    }
  ]
} to 28529:0
2026-02-24T21:19:47.685Z CLI info [testhub:request-queue-handler]  [vedantvankar_WD2nZN]  [srujyhua7le0kbwv6qz2yzcqpznuptkb92dxcer1]  [5be2e400-7dbb-417d-b612-44702b0f7e80]  Added the event {
  event_type: 'LogCreated',
  logs: [
    {
      testFrameworkName: 'pytest',
      testFrameworkVersion: '9.0.2',
      testFrameworkState: 'INIT_TEST',
      timestamp: '2026-02-24T21:18:39.962Z',
      uuid: '819487dd-188d-4ef5-99c8-dcc5d3d67b38',
      kind: 'TEST_LOG',
      message: '\nSpanish: Riki Blanco: prohibido',
      level: 'INFO',
      test_run_uuid: '819487dd-188d-4ef5-99c8-dcc5d3d67b38'
    }
  ]
} to 28529:0
2026-02-24T21:19:47.686Z CLI info [testhub:request-queue-handler]  [vedantvankar_WD2nZN]  [srujyhua7le0kbwv6qz2yzcqpznuptkb92dxcer1]  [5be2e400-7dbb-417d-b612-44702b0f7e80]  Added the event {
  event_type: 'LogCreated',
  logs: [
    {
      testFrameworkName: 'pytest',
      testFrameworkVersion: '9.0.2',
      testFrameworkState: 'INIT_TEST',
      timestamp: '2026-02-24T21:18:39.962Z',
      uuid: '819487dd-188d-4ef5-99c8-dcc5d3d67b38',
      kind: 'TEST_LOG',
      message: 'English: Riki Blanco: prohibited',
      level: 'INFO',
      test_run_uuid: '819487dd-188d-4ef5-99c8-dcc5d3d67b38'
    }
  ]
} to 28529:0
2026-02-24T21:19:47.688Z CLI info [testhub:request-queue-handler]  [vedantvankar_WD2nZN]  [srujyhua7le0kbwv6qz2yzcqpznuptkb92dxcer1]  [5be2e400-7dbb-417d-b612-44702b0f7e80]  Added the event {
  event_type: 'LogCreated',
  logs: [
    {
      testFrameworkName: 'pytest',
      testFrameworkVersion: '9.0.2',
      testFrameworkState: 'INIT_TEST',
      timestamp: '2026-02-24T21:18:39.962Z',
      uuid: '819487dd-188d-4ef5-99c8-dcc5d3d67b38',
      kind: 'TEST_LOG',
      message: '\nSpanish: Desconectados del mundo',
      level: 'INFO',
      test_run_uuid: '819487dd-188d-4ef5-99c8-dcc5d3d67b38'
    }
  ]
} to 28529:0
2026-02-24T21:19:47.691Z CLI info [testhub:request-queue-handler]  [vedantvankar_WD2nZN]  [srujyhua7le0kbwv6qz2yzcqpznuptkb92dxcer1]  [5be2e400-7dbb-417d-b612-44702b0f7e80]  Added the event {
  event_type: 'LogCreated',
  logs: [
    {
      testFrameworkName: 'pytest',
      testFrameworkVersion: '9.0.2',
      testFrameworkState: 'INIT_TEST',
      timestamp: '2026-02-24T21:18:39.962Z',
      uuid: '819487dd-188d-4ef5-99c8-dcc5d3d67b38',
      kind: 'TEST_LOG',
      message: 'English: Disconnected from the world',
      level: 'INFO',
      test_run_uuid: '819487dd-188d-4ef5-99c8-dcc5d3d67b38'
    }
  ]
} to 28529:0
2026-02-24T21:19:47.693Z CLI info [testhub:request-queue-handler]  [vedantvankar_WD2nZN]  [srujyhua7le0kbwv6qz2yzcqpznuptkb92dxcer1]  [5be2e400-7dbb-417d-b612-44702b0f7e80]  Added the event {
  event_type: 'LogCreated',
  logs: [
    {
      testFrameworkName: 'pytest',
      testFrameworkVersion: '9.0.2',
      testFrameworkState: 'INIT_TEST',
      timestamp: '2026-02-24T21:18:39.962Z',
      uuid: '819487dd-188d-4ef5-99c8-dcc5d3d67b38',
      kind: 'TEST_LOG',
      message: '\n==============================',
      level: 'INFO',
      test_run_uuid: '819487dd-188d-4ef5-99c8-dcc5d3d67b38'
    }
  ]
} to 28529:0
2026-02-24T21:19:47.695Z CLI info [testhub:request-queue-handler]  [vedantvankar_WD2nZN]  [srujyhua7le0kbwv6qz2yzcqpznuptkb92dxcer1]  [5be2e400-7dbb-417d-b612-44702b0f7e80]  Added the event {
  event_type: 'LogCreated',
  logs: [
    {
      testFrameworkName: 'pytest',
      testFrameworkVersion: '9.0.2',
      testFrameworkState: 'INIT_TEST',
      timestamp: '2026-02-24T21:18:39.962Z',
      uuid: '819487dd-188d-4ef5-99c8-dcc5d3d67b38',
      kind: 'TEST_LOG',
      message: 'REPEATED WORDS (count > 2)',
      level: 'INFO',
      test_run_uuid: '819487dd-188d-4ef5-99c8-dcc5d3d67b38'
    }
  ]
} to 28529:0
2026-02-24T21:19:47.724Z CLI info [testhub:request-queue-handler]  [vedantvankar_WD2nZN]  [srujyhua7le0kbwv6qz2yzcqpznuptkb92dxcer1]  [5be2e400-7dbb-417d-b612-44702b0f7e80]  Added the event {
  event_type: 'LogCreated',
  logs: [
    {
      testFrameworkName: 'pytest',
      testFrameworkVersion: '9.0.2',
      testFrameworkState: 'INIT_TEST',
      timestamp: '2026-02-24T21:18:39.962Z',
      uuid: '819487dd-188d-4ef5-99c8-dcc5d3d67b38',
      kind: 'TEST_LOG',
      message: 'No words repeated more than twice.',
      level: 'INFO',
      test_run_uuid: '819487dd-188d-4ef5-99c8-dcc5d3d67b38'
    }
  ]
} to 28529:0
2026-02-24T21:19:47.726Z CLI info [testhub:request-queue-handler]  [vedantvankar_WD2nZN]  [srujyhua7le0kbwv6qz2yzcqpznuptkb92dxcer1]  [5be2e400-7dbb-417d-b612-44702b0f7e80]  Added the event {
  event_type: 'LogCreated',
  logs: [
    {
      testFrameworkName: 'pytest',
      testFrameworkVersion: '9.0.2',
      testFrameworkState: 'INIT_TEST',
      timestamp: '2026-02-24T21:18:39.962Z',
      uuid: '819487dd-188d-4ef5-99c8-dcc5d3d67b38',
      kind: 'TEST_LOG',
      message: '\nPART 2 COMPLETE',
      level: 'INFO',
      test_run_uuid: '819487dd-188d-4ef5-99c8-dcc5d3d67b38'
    }
  ]
} to 28529:0
2026-02-24T21:19:47.726Z CLI info [testhub:request-queue-handler]  [vedantvankar_WD2nZN]  [srujyhua7le0kbwv6qz2yzcqpznuptkb92dxcer1]  [5be2e400-7dbb-417d-b612-44702b0f7e80]  Added the event {
  event_type: 'LogCreated',
  logs: [
    {
      testFrameworkName: 'pytest',
      testFrameworkVersion: '9.0.2',
      testFrameworkState: 'INIT_TEST',
      timestamp: '2026-02-24T21:18:39.962Z',
      uuid: '819487dd-188d-4ef5-99c8-dcc5d3d67b38',
      kind: 'TEST_LOG',
      message: 'Test passed:',
      level: 'INFO',
      test_run_uuid: '819487dd-188d-4ef5-99c8-dcc5d3d67b38'
    }
  ]
} to 28529:0
2026-02-24T21:19:47.727Z CLI info [testhub:request-queue-handler]  [vedantvankar_WD2nZN]  [srujyhua7le0kbwv6qz2yzcqpznuptkb92dxcer1]  [5be2e400-7dbb-417d-b612-44702b0f7e80]  Added the event {
  event_type: 'LogCreated',
  logs: [
    {
      testFrameworkName: 'pytest',
      testFrameworkVersion: '9.0.2',
      testFrameworkState: 'INIT_TEST',
      timestamp: '2026-02-24T21:18:39.962Z',
      uuid: '819487dd-188d-4ef5-99c8-dcc5d3d67b38',
      kind: 'TEST_LOG',
      message: 'srujyhua7le0kbwv6qz2yzcqpznuptkb92dxcer1',
      level: 'INFO',
      test_run_uuid: '819487dd-188d-4ef5-99c8-dcc5d3d67b38'
    }
  ]
} to 28529:0
2026-02-24T21:19:47.727Z CLI info [testhub:request-queue-handler]  [vedantvankar_WD2nZN]  [srujyhua7le0kbwv6qz2yzcqpznuptkb92dxcer1]  [5be2e400-7dbb-417d-b612-44702b0f7e80]  Added the event {
  event_type: 'LogCreated',
  logs: [
    {
      testFrameworkName: 'pytest',
      testFrameworkVersion: '9.0.2',
      testFrameworkState: 'INIT_TEST',
      timestamp: '2026-02-24T21:18:39.962Z',
      uuid: '819487dd-188d-4ef5-99c8-dcc5d3d67b38',
      kind: 'TEST_LOG',
      message: 'Test passed:  main.py::test_elpais_scraper srujyhua7le0kbwv6qz2yzcqpznuptkb92dxcer1',
      level: 'INFO',
      test_run_uuid: '819487dd-188d-4ef5-99c8-dcc5d3d67b38'
    }
  ]
} to 28529:0
2026-02-24T21:19:47.728Z CLI info [testhub:request-queue-handler]  [vedantvankar_WD2nZN]  [srujyhua7le0kbwv6qz2yzcqpznuptkb92dxcer1]  [5be2e400-7dbb-417d-b612-44702b0f7e80]  Added the event {
  event_type: 'LogCreated',
  logs: [
    {
      testFrameworkName: 'pytest',
      testFrameworkVersion: '9.0.2',
      testFrameworkState: 'INIT_TEST',
      timestamp: '2026-02-24T21:18:39.962Z',
      uuid: '819487dd-188d-4ef5-99c8-dcc5d3d67b38',
      kind: 'TEST_LOG',
      message: 'main.py::test_elpais_scraper',
      level: 'INFO',
      test_run_uuid: '819487dd-188d-4ef5-99c8-dcc5d3d67b38'
    }
  ]
} to 28529:0
2026-02-24T21:19:47.731Z CLI info [testhub:request-queue-handler]  [vedantvankar_WD2nZN]  [srujyhua7le0kbwv6qz2yzcqpznuptkb92dxcer1]  [5be2e400-7dbb-417d-b612-44702b0f7e80]  Added the event {
  event_type: 'LogCreated',
  logs: [
    {
      testFrameworkName: 'pytest',
      testFrameworkVersion: '9.0.2',
      testFrameworkState: 'INIT_TEST',
      timestamp: '2026-02-24T21:18:39.962Z',
      uuid: '819487dd-188d-4ef5-99c8-dcc5d3d67b38',
      kind: 'TEST_LOG',
      message: '\x1B[32mPASSED\x1B[0m',
      level: 'INFO',
      test_run_uuid: '819487dd-188d-4ef5-99c8-dcc5d3d67b38'
    }
  ]
} to 28529:0
2026-02-24T21:19:47.733Z CLI info [testhub:request-queue-handler]  [vedantvankar_WD2nZN]  [srujyhua7le0kbwv6qz2yzcqpznuptkb92dxcer1]  [5be2e400-7dbb-417d-b612-44702b0f7e80]  Added the event {
  event_type: 'LogCreated',
  logs: [
    {
      testFrameworkName: 'pytest',
      testFrameworkVersion: '9.0.2',
      testFrameworkState: 'INIT_TEST',
      timestamp: '2026-02-24T21:18:39.962Z',
      uuid: '819487dd-188d-4ef5-99c8-dcc5d3d67b38',
      kind: 'TEST_LOG',
      message: '\x1B[32m                                  [100%]\x1B[0m',
      level: 'INFO',
      test_run_uuid: '819487dd-188d-4ef5-99c8-dcc5d3d67b38'
    }
  ]
} to 28529:0
2026-02-24T21:19:47.891Z CLI info [testhub:request-queue-handler]  [vedantvankar_WD2nZN]  [srujyhua7le0kbwv6qz2yzcqpznuptkb92dxcer1]  [5be2e400-7dbb-417d-b612-44702b0f7e80]  Added the event {
  event_type: 'TestRunFinished',
  test_run: {
    type: 'test',
    framework: 'pytest',
    uuid: '1a8c5e8a-1351-4807-9f6d-1fb775d14a06',
    name: 'test_elpais_scraper',
    body: {
      lang: 'python',
      code: 'def test_elpais_scraper(driver):\n' +
        '\n' +
        '    # --- Step 1: visit El País, verify Spanish ---\n' +
        '    driver.get("https://elpais.com/")\n' +
        '    time.sleep(5)\n' +
        '\n' +
        '    soup = BeautifulSoup(driver.page_source, "lxml")\n' +
        '\n' +
        '    html_tag = soup.find("html")\n' +
        '    lang = html_tag.get("lang", "") if html_tag else ""\n' +
        `    assert "es" in lang, f"Expected Spanish language tag, got: '{lang}'"\n` +
        '\n' +
        '    print(f"\\nLanguage confirmed: {lang}")\n' +
        '\n' +
        '    # --- Step 2: scrape opinion articles ---\n' +
        '    all_urls = extract_opinion_urls(soup)\n' +
        '\n' +
        '    article_urls = [\n' +
        '        u for u in all_urls\n' +
        '        if "/opinion/" in u and not u.rstrip("/").endswith("/opinion")\n' +
        '    ][:5]\n' +
        '\n' +
        '    assert len(article_urls) > 0, "No opinion article URLs found on homepage"\n' +
        '\n' +
        '    print(f"\\nFound {len(article_urls)} opinion articles:")\n' +
        '    for url in article_urls:\n' +
        '        print(url)\n' +
        '\n' +
        '    spanish_titles = scrape_articles(driver, article_urls)\n' +
        '\n' +
        '    assert len(spanish_titles) == len(article_urls), (\n' +
        '        f"Expected {len(article_urls)} titles, got {len(spanish_titles)}"\n' +
        '    )\n' +
        '\n' +
        '    # --- Step 3: translate titles ---\n' +
        '    print("\\n==============================")\n' +
        '    print("TRANSLATING TITLES TO ENGLISH")\n' +
        '\n' +
        '    translated_titles = translate_titles_to_english(spanish_titles)\n' +
        '\n' +
        '    assert len(translated_titles) == len(spanish_titles), (\n' +
        '        "Translation API returned fewer results than expected"\n' +
        '    )\n' +
        '\n' +
        '    for es, en in zip(spanish_titles, translated_titles):\n' +
        '        print(f"\\nSpanish: {es}")\n' +
        '        print(f"English: {en}")\n' +
        '\n' +
        '    # --- Step 4: word analysis ---\n' +
        '    print("\\n==============================")\n' +
        '    print("REPEATED WORDS (count > 2)")\n' +
        '\n' +
        '    repeated_words = find_repeated_words(translated_titles, min_count=3)\n' +
        '\n' +
        '    if repeated_words:\n' +
        '        for word, count in repeated_words.items():\n' +
        '            print(f"{word} -> {count}")\n' +
        '    else:\n' +
        '        print("No words repeated more than twice.")\n' +
        '\n' +
        '    print("\\nPART 2 COMPLETE")\n'
    },
    identifier: 'test_elpais_scraper',
    scope: 'test_elpais_scraper',
    scopes: [ 'main.py' ],
    file_name: 'main.py',
    vc_filepath: 'main.py',
    location: 'main.py',
    result: 'passed',
    duration_in_ms: 49351,
    started_at: '2026-02-24T21:18:57.986Z',
    finished_at: '2026-02-24T21:19:47.337Z',
    failure: null,
    failure_type: null,
    failure_reason: null,
    retry_of: null,
    custom_metadata: {},
    tags: [],
    customRerunParam: { rerun_name: 'main.py::test_elpais_scraper' },
    hooks: [ 'f415393d-4f42-4ec8-bb6c-1d398a1caf15' ],
    product_map: {
      observability: true,
      accessibility: false,
      percy: false,
      automate: true,
      app_automate: false
    }
  },
  logs: []
} to 28529:0
2026-02-24T21:19:47.907Z CLI info [testhub:request-queue-handler]  [vedantvankar_WD2nZN]  [srujyhua7le0kbwv6qz2yzcqpznuptkb92dxcer1]  [5be2e400-7dbb-417d-b612-44702b0f7e80]  Added the event {
  event_type: 'HookRunStarted',
  hook_run: {
    type: 'hook',
    hook_type: 'AFTER_EACH',
    framework: 'pytest',
    uuid: '6f7f9cf4-43ef-4e56-be12-fc1c9fc2e59b',
    name: 'teardown',
    result: 'pending',
    test_run_id: '1a8c5e8a-1351-4807-9f6d-1fb775d14a06',
    body: { lang: 'python', code: null },
    scope: 'test_elpais_scraper',
    custom_metadata: {},
    tags: [],
    scopes: [ 'main.py' ],
    file_name: 'main.py',
    location: 'main.py',
    vc_filepath: 'main.py',
    started_at: '2026-02-24T21:19:47.889Z'
  },
  logs: []
} to 28529:0
2026-02-24T21:19:48.691Z CLI info [testhub:request-queue-handler]  [vedantvankar_WD2nZN]  [srujyhua7le0kbwv6qz2yzcqpznuptkb92dxcer1]  [5be2e400-7dbb-417d-b612-44702b0f7e80]  Added the event {
  event_type: 'TestRunFinished',
  test_run: {
    type: 'test',
    framework: 'pytest',
    uuid: '819487dd-188d-4ef5-99c8-dcc5d3d67b38',
    name: 'test_elpais_scraper',
    body: {
      lang: 'python',
      code: 'def test_elpais_scraper(driver):\n' +
        '\n' +
        '    # --- Step 1: visit El País, verify Spanish ---\n' +
        '    driver.get("https://elpais.com/")\n' +
        '    time.sleep(5)\n' +
        '\n' +
        '    soup = BeautifulSoup(driver.page_source, "lxml")\n' +
        '\n' +
        '    html_tag = soup.find("html")\n' +
        '    lang = html_tag.get("lang", "") if html_tag else ""\n' +
        `    assert "es" in lang, f"Expected Spanish language tag, got: '{lang}'"\n` +
        '\n' +
        '    print(f"\\nLanguage confirmed: {lang}")\n' +
        '\n' +
        '    # --- Step 2: scrape opinion articles ---\n' +
        '    all_urls = extract_opinion_urls(soup)\n' +
        '\n' +
        '    article_urls = [\n' +
        '        u for u in all_urls\n' +
        '        if "/opinion/" in u and not u.rstrip("/").endswith("/opinion")\n' +
        '    ][:5]\n' +
        '\n' +
        '    assert len(article_urls) > 0, "No opinion article URLs found on homepage"\n' +
        '\n' +
        '    print(f"\\nFound {len(article_urls)} opinion articles:")\n' +
        '    for url in article_urls:\n' +
        '        print(url)\n' +
        '\n' +
        '    spanish_titles = scrape_articles(driver, article_urls)\n' +
        '\n' +
        '    assert len(spanish_titles) == len(article_urls), (\n' +
        '        f"Expected {len(article_urls)} titles, got {len(spanish_titles)}"\n' +
        '    )\n' +
        '\n' +
        '    # --- Step 3: translate titles ---\n' +
        '    print("\\n==============================")\n' +
        '    print("TRANSLATING TITLES TO ENGLISH")\n' +
        '\n' +
        '    translated_titles = translate_titles_to_english(spanish_titles)\n' +
        '\n' +
        '    assert len(translated_titles) == len(spanish_titles), (\n' +
        '        "Translation API returned fewer results than expected"\n' +
        '    )\n' +
        '\n' +
        '    for es, en in zip(spanish_titles, translated_titles):\n' +
        '        print(f"\\nSpanish: {es}")\n' +
        '        print(f"English: {en}")\n' +
        '\n' +
        '    # --- Step 4: word analysis ---\n' +
        '    print("\\n==============================")\n' +
        '    print("REPEATED WORDS (count > 2)")\n' +
        '\n' +
        '    repeated_words = find_repeated_words(translated_titles, min_count=3)\n' +
        '\n' +
        '    if repeated_words:\n' +
        '        for word, count in repeated_words.items():\n' +
        '            print(f"{word} -> {count}")\n' +
        '    else:\n' +
        '        print("No words repeated more than twice.")\n' +
        '\n' +
        '    print("\\nPART 2 COMPLETE")\n'
    },
    identifier: 'test_elpais_scraper',
    scope: 'test_elpais_scraper',
    scopes: [ 'main.py' ],
    file_name: 'main.py',
    vc_filepath: 'main.py',
    location: 'main.py',
    result: 'passed',
    duration_in_ms: 47881,
    started_at: '2026-02-24T21:18:59.839Z',
    finished_at: '2026-02-24T21:19:47.720Z',
    failure: null,
    failure_type: null,
    failure_reason: null,
    retry_of: null,
    custom_metadata: {},
    tags: [],
    customRerunParam: { rerun_name: 'main.py::test_elpais_scraper' },
    hooks: [ '39805146-6688-46db-9e2b-df52072bdd3d' ],
    product_map: {
      observability: true,
      accessibility: false,
      percy: false,
      automate: true,
      app_automate: false
    }
  },
  logs: []
} to 28529:0
2026-02-24T21:19:48.695Z CLI info [testhub:request-queue-handler]  [vedantvankar_WD2nZN]  [srujyhua7le0kbwv6qz2yzcqpznuptkb92dxcer1]  [5be2e400-7dbb-417d-b612-44702b0f7e80]  Added the event {
  event_type: 'HookRunStarted',
  hook_run: {
    type: 'hook',
    hook_type: 'AFTER_EACH',
    framework: 'pytest',
    uuid: '786e0f14-2eb6-4488-a4fa-1116cf27245c',
    name: 'teardown',
    result: 'pending',
    test_run_id: '819487dd-188d-4ef5-99c8-dcc5d3d67b38',
    body: { lang: 'python', code: null },
    scope: 'test_elpais_scraper',
    custom_metadata: {},
    tags: [],
    scopes: [ 'main.py' ],
    file_name: 'main.py',
    location: 'main.py',
    vc_filepath: 'main.py',
    started_at: '2026-02-24T21:19:48.687Z'
  },
  logs: []
} to 28529:0
2026-02-24T21:19:49.619Z CLI info [testhub:request-queue-handler]  [vedantvankar_WD2nZN]  [srujyhua7le0kbwv6qz2yzcqpznuptkb92dxcer1]  [5be2e400-7dbb-417d-b612-44702b0f7e80]  Processing batch event [
  { event_type: 'LogCreated', logs: [ [Object] ] },
  { event_type: 'LogCreated', logs: [ [Object] ] },
  { event_type: 'LogCreated', logs: [ [Object] ] },
  { event_type: 'LogCreated', logs: [ [Object] ] },
  { event_type: 'LogCreated', logs: [ [Object] ] },
  { event_type: 'LogCreated', logs: [ [Object] ] },
  { event_type: 'LogCreated', logs: [ [Object] ] },
  { event_type: 'LogCreated', logs: [ [Object] ] },
  { event_type: 'LogCreated', logs: [ [Object] ] },
  { event_type: 'LogCreated', logs: [ [Object] ] },
  { event_type: 'LogCreated', logs: [ [Object] ] },
  { event_type: 'LogCreated', logs: [ [Object] ] },
  { event_type: 'LogCreated', logs: [ [Object] ] },
  { event_type: 'LogCreated', logs: [ [Object] ] },
  { event_type: 'LogCreated', logs: [ [Object] ] },
  { event_type: 'LogCreated', logs: [ [Object] ] },
  { event_type: 'LogCreated', logs: [ [Object] ] },
  { event_type: 'LogCreated', logs: [ [Object] ] },
  { event_type: 'LogCreated', logs: [ [Object] ] },
  { event_type: 'LogCreated', logs: [ [Object] ] },
  {
    event_type: 'TestRunFinished',
    test_run: {
      type: 'test',
      framework: 'pytest',
      uuid: '1a8c5e8a-1351-4807-9f6d-1fb775d14a06',
      name: 'test_elpais_scraper',
      body: [Object],
      identifier: 'test_elpais_scraper',
      scope: 'test_elpais_scraper',
      scopes: [Array],
      file_name: 'main.py',
      vc_filepath: 'main.py',
      location: 'main.py',
      result: 'passed',
      duration_in_ms: 49351,
      started_at: '2026-02-24T21:18:57.986Z',
      finished_at: '2026-02-24T21:19:47.337Z',
      failure: null,
      failure_type: null,
      failure_reason: null,
      retry_of: null,
      custom_metadata: {},
      tags: [],
      customRerunParam: [Object],
      hooks: [Array],
      product_map: [Object]
    },
    logs: []
  },
  {
    event_type: 'HookRunStarted',
    hook_run: {
      type: 'hook',
      hook_type: 'AFTER_EACH',
      framework: 'pytest',
      uuid: '6f7f9cf4-43ef-4e56-be12-fc1c9fc2e59b',
      name: 'teardown',
      result: 'pending',
      test_run_id: '1a8c5e8a-1351-4807-9f6d-1fb775d14a06',
      body: [Object],
      scope: 'test_elpais_scraper',
      custom_metadata: {},
      tags: [],
      scopes: [Array],
      file_name: 'main.py',
      location: 'main.py',
      vc_filepath: 'main.py',
      started_at: '2026-02-24T21:19:47.889Z'
    },
    logs: []
  },
  {
    event_type: 'TestRunFinished',
    test_run: {
      type: 'test',
      framework: 'pytest',
      uuid: '819487dd-188d-4ef5-99c8-dcc5d3d67b38',
      name: 'test_elpais_scraper',
      body: [Object],
      identifier: 'test_elpais_scraper',
      scope: 'test_elpais_scraper',
      scopes: [Array],
      file_name: 'main.py',
      vc_filepath: 'main.py',
      location: 'main.py',
      result: 'passed',
      duration_in_ms: 47881,
      started_at: '2026-02-24T21:18:59.839Z',
      finished_at: '2026-02-24T21:19:47.720Z',
      failure: null,
      failure_type: null,
      failure_reason: null,
      retry_of: null,
      custom_metadata: {},
      tags: [],
      customRerunParam: [Object],
      hooks: [Array],
      product_map: [Object]
    },
    logs: []
  },
  {
    event_type: 'HookRunStarted',
    hook_run: {
      type: 'hook',
      hook_type: 'AFTER_EACH',
      framework: 'pytest',
      uuid: '786e0f14-2eb6-4488-a4fa-1116cf27245c',
      name: 'teardown',
      result: 'pending',
      test_run_id: '819487dd-188d-4ef5-99c8-dcc5d3d67b38',
      body: [Object],
      scope: 'test_elpais_scraper',
      custom_metadata: {},
      tags: [],
      scopes: [Array],
      file_name: 'main.py',
      location: 'main.py',
      vc_filepath: 'main.py',
      started_at: '2026-02-24T21:19:48.687Z'
    },
    logs: []
  }
] to 28529:0
2026-02-24T21:19:49.621Z CLI info  [vedantvankar_WD2nZN]  [srujyhua7le0kbwv6qz2yzcqpznuptkb92dxcer1]  [5be2e400-7dbb-417d-b612-44702b0f7e80]  [PRODUCTION] Making POST request to https://collector-observability.browserstack.com
2026-02-24T21:19:50.096Z CLI info [testhub:request-queue-handler]  [vedantvankar_WD2nZN]  [srujyhua7le0kbwv6qz2yzcqpznuptkb92dxcer1]  [5be2e400-7dbb-417d-b612-44702b0f7e80]  Added the event {
  event_type: 'HookRunFinished',
  hook_run: {
    type: 'hook',
    hook_type: 'AFTER_EACH',
    framework: 'pytest',
    uuid: '6f7f9cf4-43ef-4e56-be12-fc1c9fc2e59b',
    name: 'teardown',
    result: 'passed',
    test_run_id: '1a8c5e8a-1351-4807-9f6d-1fb775d14a06',
    body: { lang: 'python', code: null },
    scope: 'test_elpais_scraper',
    custom_metadata: {},
    tags: [],
    scopes: [ 'main.py' ],
    file_name: 'main.py',
    location: 'main.py',
    vc_filepath: 'main.py',
    started_at: '2026-02-24T21:19:47.889Z',
    finished_at: '2026-02-24T21:19:50.062Z'
  },
  logs: []
} to 28529:0
2026-02-24T21:19:50.137Z CLI info [testhub:request-queue-handler]  [vedantvankar_WD2nZN]  [srujyhua7le0kbwv6qz2yzcqpznuptkb92dxcer1]  [5be2e400-7dbb-417d-b612-44702b0f7e80]  Added the event {
  event_type: 'LogCreated',
  logs: [
    {
      testFrameworkName: 'pytest',
      testFrameworkVersion: '9.0.2',
      testFrameworkState: 'INIT_TEST',
      timestamp: '2026-02-24T21:19:47.338Z',
      uuid: '1a8c5e8a-1351-4807-9f6d-1fb775d14a06',
      kind: 'TEST_LOG',
      message: `POST https://hub-aps.browserstack.com/wd/hub/session/63e3b797c5e92f05d2ff1c18abb3ab73a8ee8792/execute/sync {'script': 'browserstack_executor: {"action": "setSessionStatus", "arguments": {"status": "passed"}}', 'args': []}`,
      level: 'DEBUG',
      test_run_uuid: '1a8c5e8a-1351-4807-9f6d-1fb775d14a06'
    }
  ]
} to 28529:0
2026-02-24T21:19:50.138Z CLI info [testhub:request-queue-handler]  [vedantvankar_WD2nZN]  [srujyhua7le0kbwv6qz2yzcqpznuptkb92dxcer1]  [5be2e400-7dbb-417d-b612-44702b0f7e80]  Added the event {
  event_type: 'LogCreated',
  logs: [
    {
      testFrameworkName: 'pytest',
      testFrameworkVersion: '9.0.2',
      testFrameworkState: 'INIT_TEST',
      timestamp: '2026-02-24T21:19:47.871Z',
      uuid: '1a8c5e8a-1351-4807-9f6d-1fb775d14a06',
      kind: 'TEST_LOG',
      message: 'https://hub-aps.browserstack.com:443 "POST /wd/hub/session/63e3b797c5e92f05d2ff1c18abb3ab73a8ee8792/execute/sync HTTP/1.1" 200 None',
      level: 'DEBUG',
      test_run_uuid: '1a8c5e8a-1351-4807-9f6d-1fb775d14a06'
    }
  ]
} to 28529:0
2026-02-24T21:19:50.138Z CLI info [testhub:request-queue-handler]  [vedantvankar_WD2nZN]  [srujyhua7le0kbwv6qz2yzcqpznuptkb92dxcer1]  [5be2e400-7dbb-417d-b612-44702b0f7e80]  Added the event {
  event_type: 'LogCreated',
  logs: [
    {
      testFrameworkName: 'pytest',
      testFrameworkVersion: '9.0.2',
      testFrameworkState: 'INIT_TEST',
      timestamp: '2026-02-24T21:19:47.872Z',
      uuid: '1a8c5e8a-1351-4807-9f6d-1fb775d14a06',
      kind: 'TEST_LOG',
      message: `Remote response: status=200 | data={"sessionId":"63e3b797c5e92f05d2ff1c18abb3ab73a8ee8792","status":0,"value":"{\\"automation_session\\":{\\"hashed_id\\":\\"63e3b797c5e92f05d2ff1c18abb3ab73a8ee8792\\",\\"name\\":\\"main.py::test_elpais_scraper\\",\\"status\\":\\"passed\\",\\"os\\":\\"ios\\",\\"os_version\\":\\"16.4\\",\\"browser\\":\\"iphone\\",\\"browser_version\\":null,\\"device\\":\\"iPhone 14\\",\\"duration\\":null,\\"reason\\":null,\\"build_name\\":\\"Selenium Multi Platform Run  3\\",\\"project_name\\":\\"EL Pais Opinion Scraper\\",\\"build_hashed_id\\":\\"e4ec08de515af733305da0e377e351cc70e0b37c\\",\\"test_priority\\":null}}"} | headers=HTTPHeaderDict({'Server': 'nginx', 'Date': 'Tue, 24 Feb 2026 21:19:47 GMT', 'Content-Type': 'application/json; charset=utf-8', 'Transfer-Encoding': 'chunked', 'Connection': 'keep-alive', 'Source-From': '02', 'cache-control': 'no-cache'})`,
      level: 'DEBUG',
      test_run_uuid: '1a8c5e8a-1351-4807-9f6d-1fb775d14a06'
    }
  ]
} to 28529:0
2026-02-24T21:19:50.139Z CLI info [testhub:request-queue-handler]  [vedantvankar_WD2nZN]  [srujyhua7le0kbwv6qz2yzcqpznuptkb92dxcer1]  [5be2e400-7dbb-417d-b612-44702b0f7e80]  Added the event {
  event_type: 'LogCreated',
  logs: [
    {
      testFrameworkName: 'pytest',
      testFrameworkVersion: '9.0.2',
      testFrameworkState: 'INIT_TEST',
      timestamp: '2026-02-24T21:19:47.872Z',
      uuid: '1a8c5e8a-1351-4807-9f6d-1fb775d14a06',
      kind: 'TEST_LOG',
      message: 'Finished Request',
      level: 'DEBUG',
      test_run_uuid: '1a8c5e8a-1351-4807-9f6d-1fb775d14a06'
    }
  ]
} to 28529:0
2026-02-24T21:19:50.139Z CLI info [testhub:request-queue-handler]  [vedantvankar_WD2nZN]  [srujyhua7le0kbwv6qz2yzcqpznuptkb92dxcer1]  [5be2e400-7dbb-417d-b612-44702b0f7e80]  Added the event {
  event_type: 'LogCreated',
  logs: [
    {
      testFrameworkName: 'pytest',
      testFrameworkVersion: '9.0.2',
      testFrameworkState: 'INIT_TEST',
      timestamp: '2026-02-24T21:19:47.908Z',
      uuid: '1a8c5e8a-1351-4807-9f6d-1fb775d14a06',
      kind: 'TEST_LOG',
      message: 'DELETE https://hub-aps.browserstack.com/wd/hub/session/63e3b797c5e92f05d2ff1c18abb3ab73a8ee8792 {}',
      level: 'DEBUG',
      test_run_uuid: '1a8c5e8a-1351-4807-9f6d-1fb775d14a06'
    }
  ]
} to 28529:0
2026-02-24T21:19:50.140Z CLI info [testhub:request-queue-handler]  [vedantvankar_WD2nZN]  [srujyhua7le0kbwv6qz2yzcqpznuptkb92dxcer1]  [5be2e400-7dbb-417d-b612-44702b0f7e80]  Added the event {
  event_type: 'LogCreated',
  logs: [
    {
      testFrameworkName: 'pytest',
      testFrameworkVersion: '9.0.2',
      testFrameworkState: 'INIT_TEST',
      timestamp: '2026-02-24T21:19:49.993Z',
      uuid: '1a8c5e8a-1351-4807-9f6d-1fb775d14a06',
      kind: 'TEST_LOG',
      message: 'https://hub-aps.browserstack.com:443 "DELETE /wd/hub/session/63e3b797c5e92f05d2ff1c18abb3ab73a8ee8792 HTTP/1.1" 200 None',
      level: 'DEBUG',
      test_run_uuid: '1a8c5e8a-1351-4807-9f6d-1fb775d14a06'
    }
  ]
} to 28529:0
2026-02-24T21:19:50.140Z CLI info [testhub:request-queue-handler]  [vedantvankar_WD2nZN]  [srujyhua7le0kbwv6qz2yzcqpznuptkb92dxcer1]  [5be2e400-7dbb-417d-b612-44702b0f7e80]  Added the event {
  event_type: 'LogCreated',
  logs: [
    {
      testFrameworkName: 'pytest',
      testFrameworkVersion: '9.0.2',
      testFrameworkState: 'INIT_TEST',
      timestamp: '2026-02-24T21:19:49.994Z',
      uuid: '1a8c5e8a-1351-4807-9f6d-1fb775d14a06',
      kind: 'TEST_LOG',
      message: `Remote response: status=200 | data={"state":"success","status":0,"value":""} | headers=HTTPHeaderDict({'Server': 'nginx', 'Date': 'Tue, 24 Feb 2026 21:19:49 GMT', 'Content-Type': 'application/json; charset=utf-8', 'Transfer-Encoding': 'chunked', 'Connection': 'keep-alive', 'Source-From': '02', 'cache-control': 'no-cache'})`,
      level: 'DEBUG',
      test_run_uuid: '1a8c5e8a-1351-4807-9f6d-1fb775d14a06'
    }
  ]
} to 28529:0
2026-02-24T21:19:50.140Z CLI info [testhub:request-queue-handler]  [vedantvankar_WD2nZN]  [srujyhua7le0kbwv6qz2yzcqpznuptkb92dxcer1]  [5be2e400-7dbb-417d-b612-44702b0f7e80]  Added the event {
  event_type: 'LogCreated',
  logs: [
    {
      testFrameworkName: 'pytest',
      testFrameworkVersion: '9.0.2',
      testFrameworkState: 'INIT_TEST',
      timestamp: '2026-02-24T21:19:49.994Z',
      uuid: '1a8c5e8a-1351-4807-9f6d-1fb775d14a06',
      kind: 'TEST_LOG',
      message: 'Finished Request',
      level: 'DEBUG',
      test_run_uuid: '1a8c5e8a-1351-4807-9f6d-1fb775d14a06'
    }
  ]
} to 28529:0
2026-02-24T21:19:50.140Z CLI info [testhub:request-queue-handler]  [vedantvankar_WD2nZN]  [srujyhua7le0kbwv6qz2yzcqpznuptkb92dxcer1]  [5be2e400-7dbb-417d-b612-44702b0f7e80]  Added the event {
  event_type: 'LogCreated',
  logs: [
    {
      testFrameworkName: 'pytest',
      testFrameworkVersion: '9.0.2',
      testFrameworkState: 'INIT_TEST',
      timestamp: '2026-02-24T21:18:57.987Z',
      uuid: '1a8c5e8a-1351-4807-9f6d-1fb775d14a06',
      kind: 'TEST_LOG',
      message: `POST https://hub-aps.browserstack.com/wd/hub/session/63e3b797c5e92f05d2ff1c18abb3ab73a8ee8792/execute/sync {'script': 'browserstack_executor: {"action": "setSessionName", "arguments": {"name": "main.py::test_elpais_scra...', 'args': []}`,
      level: 'DEBUG',
      test_run_uuid: '1a8c5e8a-1351-4807-9f6d-1fb775d14a06'
    }
  ]
} to 28529:0
2026-02-24T21:19:50.141Z CLI info [testhub:request-queue-handler]  [vedantvankar_WD2nZN]  [srujyhua7le0kbwv6qz2yzcqpznuptkb92dxcer1]  [5be2e400-7dbb-417d-b612-44702b0f7e80]  Added the event {
  event_type: 'LogCreated',
  logs: [
    {
      testFrameworkName: 'pytest',
      testFrameworkVersion: '9.0.2',
      testFrameworkState: 'INIT_TEST',
      timestamp: '2026-02-24T21:18:58.372Z',
      uuid: '1a8c5e8a-1351-4807-9f6d-1fb775d14a06',
      kind: 'TEST_LOG',
      message: 'https://hub-aps.browserstack.com:443 "POST /wd/hub/session/63e3b797c5e92f05d2ff1c18abb3ab73a8ee8792/execute/sync HTTP/1.1" 200 None',
      level: 'DEBUG',
      test_run_uuid: '1a8c5e8a-1351-4807-9f6d-1fb775d14a06'
    }
  ]
} to 28529:0
2026-02-24T21:19:50.141Z CLI info [testhub:request-queue-handler]  [vedantvankar_WD2nZN]  [srujyhua7le0kbwv6qz2yzcqpznuptkb92dxcer1]  [5be2e400-7dbb-417d-b612-44702b0f7e80]  Added the event {
  event_type: 'LogCreated',
  logs: [
    {
      testFrameworkName: 'pytest',
      testFrameworkVersion: '9.0.2',
      testFrameworkState: 'INIT_TEST',
      timestamp: '2026-02-24T21:18:58.373Z',
      uuid: '1a8c5e8a-1351-4807-9f6d-1fb775d14a06',
      kind: 'TEST_LOG',
      message: `Remote response: status=200 | data={"sessionId":"63e3b797c5e92f05d2ff1c18abb3ab73a8ee8792","status":0,"value":"{\\"automation_session\\":{\\"name\\":\\"main.py::test_elpais_scraper\\",\\"duration\\":null,\\"os\\":\\"ios\\",\\"os_version\\":\\"16.4\\",\\"browser_version\\":null,\\"browser\\":\\"iphone\\",\\"device\\":\\"iPhone 14\\",\\"status\\":\\"running\\",\\"hashed_id\\":\\"63e3b797c5e92f05d2ff1c18abb3ab73a8ee8792\\",\\"reason\\":null,\\"build_name\\":\\"Selenium Multi Platform Run  3\\",\\"project_name\\":\\"EL Pais Opinion Scraper\\",\\"build_hashed_id\\":\\"e4ec08de515af733305da0e377e351cc70e0b37c\\",\\"test_priority\\":null}}"} | headers=HTTPHeaderDict({'Server': 'nginx', 'Date': 'Tue, 24 Feb 2026 21:18:58 GMT', 'Content-Type': 'application/json; charset=utf-8', 'Transfer-Encoding': 'chunked', 'Connection': 'keep-alive', 'Source-From': '02', 'cache-control': 'no-cache'})`,
      level: 'DEBUG',
      test_run_uuid: '1a8c5e8a-1351-4807-9f6d-1fb775d14a06'
    }
  ]
} to 28529:0
2026-02-24T21:19:50.141Z CLI info [testhub:request-queue-handler]  [vedantvankar_WD2nZN]  [srujyhua7le0kbwv6qz2yzcqpznuptkb92dxcer1]  [5be2e400-7dbb-417d-b612-44702b0f7e80]  Added the event {
  event_type: 'LogCreated',
  logs: [
    {
      testFrameworkName: 'pytest',
      testFrameworkVersion: '9.0.2',
      testFrameworkState: 'INIT_TEST',
      timestamp: '2026-02-24T21:18:58.373Z',
      uuid: '1a8c5e8a-1351-4807-9f6d-1fb775d14a06',
      kind: 'TEST_LOG',
      message: 'Finished Request',
      level: 'DEBUG',
      test_run_uuid: '1a8c5e8a-1351-4807-9f6d-1fb775d14a06'
    }
  ]
} to 28529:0
2026-02-24T21:19:50.141Z CLI info [testhub:request-queue-handler]  [vedantvankar_WD2nZN]  [srujyhua7le0kbwv6qz2yzcqpznuptkb92dxcer1]  [5be2e400-7dbb-417d-b612-44702b0f7e80]  Added the event {
  event_type: 'LogCreated',
  logs: [
    {
      testFrameworkName: 'pytest',
      testFrameworkVersion: '9.0.2',
      testFrameworkState: 'INIT_TEST',
      timestamp: '2026-02-24T21:18:58.376Z',
      uuid: '1a8c5e8a-1351-4807-9f6d-1fb775d14a06',
      kind: 'TEST_LOG',
      message: `POST https://hub-aps.browserstack.com/wd/hub/session/63e3b797c5e92f05d2ff1c18abb3ab73a8ee8792/execute/sync {'script': 'browserstack_executor: {"action": "annotate", "arguments": {"type": "Annotation", "data": "Observabi...', 'args': []}`,
      level: 'DEBUG',
      test_run_uuid: '1a8c5e8a-1351-4807-9f6d-1fb775d14a06'
    }
  ]
} to 28529:0
2026-02-24T21:19:50.142Z CLI info [testhub:request-queue-handler]  [vedantvankar_WD2nZN]  [srujyhua7le0kbwv6qz2yzcqpznuptkb92dxcer1]  [5be2e400-7dbb-417d-b612-44702b0f7e80]  Added the event {
  event_type: 'LogCreated',
  logs: [
    {
      testFrameworkName: 'pytest',
      testFrameworkVersion: '9.0.2',
      testFrameworkState: 'INIT_TEST',
      timestamp: '2026-02-24T21:18:58.431Z',
      uuid: '1a8c5e8a-1351-4807-9f6d-1fb775d14a06',
      kind: 'TEST_LOG',
      message: 'https://hub-aps.browserstack.com:443 "POST /wd/hub/session/63e3b797c5e92f05d2ff1c18abb3ab73a8ee8792/execute/sync HTTP/1.1" 200 None',
      level: 'DEBUG',
      test_run_uuid: '1a8c5e8a-1351-4807-9f6d-1fb775d14a06'
    }
  ]
} to 28529:0
2026-02-24T21:19:50.143Z CLI info [testhub:request-queue-handler]  [vedantvankar_WD2nZN]  [srujyhua7le0kbwv6qz2yzcqpznuptkb92dxcer1]  [5be2e400-7dbb-417d-b612-44702b0f7e80]  Added the event {
  event_type: 'LogCreated',
  logs: [
    {
      testFrameworkName: 'pytest',
      testFrameworkVersion: '9.0.2',
      testFrameworkState: 'INIT_TEST',
      timestamp: '2026-02-24T21:18:58.432Z',
      uuid: '1a8c5e8a-1351-4807-9f6d-1fb775d14a06',
      kind: 'TEST_LOG',
      message: `Remote response: status=200 | data={"sessionId":"63e3b797c5e92f05d2ff1c18abb3ab73a8ee8792","status":0,"value":"ObservabilitySync:1771967938376"} | headers=HTTPHeaderDict({'Server': 'nginx', 'Date': 'Tue, 24 Feb 2026 21:18:58 GMT', 'Content-Type': 'application/json; charset=utf-8', 'Transfer-Encoding': 'chunked', 'Connection': 'keep-alive', 'Source-From': '02', 'cache-control': 'no-cache'})`,
      level: 'DEBUG',
      test_run_uuid: '1a8c5e8a-1351-4807-9f6d-1fb775d14a06'
    }
  ]
} to 28529:0
2026-02-24T21:19:50.143Z CLI info [testhub:request-queue-handler]  [vedantvankar_WD2nZN]  [srujyhua7le0kbwv6qz2yzcqpznuptkb92dxcer1]  [5be2e400-7dbb-417d-b612-44702b0f7e80]  Added the event {
  event_type: 'LogCreated',
  logs: [
    {
      testFrameworkName: 'pytest',
      testFrameworkVersion: '9.0.2',
      testFrameworkState: 'INIT_TEST',
      timestamp: '2026-02-24T21:18:58.432Z',
      uuid: '1a8c5e8a-1351-4807-9f6d-1fb775d14a06',
      kind: 'TEST_LOG',
      message: 'Finished Request',
      level: 'DEBUG',
      test_run_uuid: '1a8c5e8a-1351-4807-9f6d-1fb775d14a06'
    }
  ]
} to 28529:0
2026-02-24T21:19:50.144Z CLI info [testhub:request-queue-handler]  [vedantvankar_WD2nZN]  [srujyhua7le0kbwv6qz2yzcqpznuptkb92dxcer1]  [5be2e400-7dbb-417d-b612-44702b0f7e80]  Added the event {
  event_type: 'LogCreated',
  logs: [
    {
      testFrameworkName: 'pytest',
      testFrameworkVersion: '9.0.2',
      testFrameworkState: 'INIT_TEST',
      timestamp: '2026-02-24T21:18:58.460Z',
      uuid: '1a8c5e8a-1351-4807-9f6d-1fb775d14a06',
      kind: 'TEST_LOG',
      message: "POST https://hub-aps.browserstack.com/wd/hub/session/63e3b797c5e92f05d2ff1c18abb3ab73a8ee8792/url {'url': 'https://elpais.com/'}",
      level: 'DEBUG',
      test_run_uuid: '1a8c5e8a-1351-4807-9f6d-1fb775d14a06'
    }
  ]
} to 28529:0
2026-02-24T21:19:50.145Z CLI info [testhub:request-queue-handler]  [vedantvankar_WD2nZN]  [srujyhua7le0kbwv6qz2yzcqpznuptkb92dxcer1]  [5be2e400-7dbb-417d-b612-44702b0f7e80]  Added the event {
  event_type: 'LogCreated',
  logs: [
    {
      testFrameworkName: 'pytest',
      testFrameworkVersion: '9.0.2',
      testFrameworkState: 'INIT_TEST',
      timestamp: '2026-02-24T21:19:02.142Z',
      uuid: '1a8c5e8a-1351-4807-9f6d-1fb775d14a06',
      kind: 'TEST_LOG',
      message: 'https://hub-aps.browserstack.com:443 "POST /wd/hub/session/63e3b797c5e92f05d2ff1c18abb3ab73a8ee8792/url HTTP/1.1" 200 0',
      level: 'DEBUG',
      test_run_uuid: '1a8c5e8a-1351-4807-9f6d-1fb775d14a06'
    }
  ]
} to 28529:0
2026-02-24T21:19:50.145Z CLI info [testhub:request-queue-handler]  [vedantvankar_WD2nZN]  [srujyhua7le0kbwv6qz2yzcqpznuptkb92dxcer1]  [5be2e400-7dbb-417d-b612-44702b0f7e80]  Added the event {
  event_type: 'LogCreated',
  logs: [
    {
      testFrameworkName: 'pytest',
      testFrameworkVersion: '9.0.2',
      testFrameworkState: 'INIT_TEST',
      timestamp: '2026-02-24T21:19:02.142Z',
      uuid: '1a8c5e8a-1351-4807-9f6d-1fb775d14a06',
      kind: 'TEST_LOG',
      message: `Remote response: status=200 | data={"value":null} | headers=HTTPHeaderDict({'Server': 'nginx', 'Date': 'Tue, 24 Feb 2026 21:19:02 GMT', 'Content-Type': 'application/json; charset=utf-8', 'Content-Length': '14', 'Connection': 'keep-alive', 'Source-From': '02', 'x-powered-by': 'Express', 'vary': 'X-HTTP-Method-Override', 'etag': 'W/"e-9/1BuKMgFObM1mWJm+YjxtXJnUM"'})`,
      level: 'DEBUG',
      test_run_uuid: '1a8c5e8a-1351-4807-9f6d-1fb775d14a06'
    }
  ]
} to 28529:0
2026-02-24T21:19:50.146Z CLI info [testhub:request-queue-handler]  [vedantvankar_WD2nZN]  [srujyhua7le0kbwv6qz2yzcqpznuptkb92dxcer1]  [5be2e400-7dbb-417d-b612-44702b0f7e80]  Added the event {
  event_type: 'LogCreated',
  logs: [
    {
      testFrameworkName: 'pytest',
      testFrameworkVersion: '9.0.2',
      testFrameworkState: 'INIT_TEST',
      timestamp: '2026-02-24T21:19:02.142Z',
      uuid: '1a8c5e8a-1351-4807-9f6d-1fb775d14a06',
      kind: 'TEST_LOG',
      message: 'Finished Request',
      level: 'DEBUG',
      test_run_uuid: '1a8c5e8a-1351-4807-9f6d-1fb775d14a06'
    }
  ]
} to 28529:0
2026-02-24T21:19:50.146Z CLI info [testhub:request-queue-handler]  [vedantvankar_WD2nZN]  [srujyhua7le0kbwv6qz2yzcqpznuptkb92dxcer1]  [5be2e400-7dbb-417d-b612-44702b0f7e80]  Added the event {
  event_type: 'LogCreated',
  logs: [
    {
      testFrameworkName: 'pytest',
      testFrameworkVersion: '9.0.2',
      testFrameworkState: 'INIT_TEST',
      timestamp: '2026-02-24T21:19:07.145Z',
      uuid: '1a8c5e8a-1351-4807-9f6d-1fb775d14a06',
      kind: 'TEST_LOG',
      message: 'GET https://hub-aps.browserstack.com/wd/hub/session/63e3b797c5e92f05d2ff1c18abb3ab73a8ee8792/source {}',
      level: 'DEBUG',
      test_run_uuid: '1a8c5e8a-1351-4807-9f6d-1fb775d14a06'
    }
  ]
} to 28529:0
2026-02-24T21:19:50.147Z CLI info [testhub:request-queue-handler]  [vedantvankar_WD2nZN]  [srujyhua7le0kbwv6qz2yzcqpznuptkb92dxcer1]  [5be2e400-7dbb-417d-b612-44702b0f7e80]  Added the event {
  event_type: 'LogCreated',
  logs: [
    {
      testFrameworkName: 'pytest',
      testFrameworkVersion: '9.0.2',
      testFrameworkState: 'INIT_TEST',
      timestamp: '2026-02-24T21:19:08.265Z',
      uuid: '1a8c5e8a-1351-4807-9f6d-1fb775d14a06',
      kind: 'TEST_LOG',
      message: 'https://hub-aps.browserstack.com:443 "GET /wd/hub/session/63e3b797c5e92f05d2ff1c18abb3ab73a8ee8792/source HTTP/1.1" 200 0',
      level: 'DEBUG',
      test_run_uuid: '1a8c5e8a-1351-4807-9f6d-1fb775d14a06'
    }
  ]
} to 28529:0
2026-02-24T21:19:50.148Z CLI info [testhub:request-queue-handler]  [vedantvankar_WD2nZN]  [srujyhua7le0kbwv6qz2yzcqpznuptkb92dxcer1]  [5be2e400-7dbb-417d-b612-44702b0f7e80]  Added the event {
  event_type: 'LogCreated',
  logs: [
    {
      testFrameworkName: 'pytest',
      testFrameworkVersion: '9.0.2',
      testFrameworkState: 'INIT_TEST',
      timestamp: '2026-02-24T21:19:08.269Z',
      uuid: '1a8c5e8a-1351-4807-9f6d-1fb775d14a06',
      kind: 'TEST_LOG',
      message: 'Remote response: status=200 | data={"value":"<html lang=\\"es-ES\\"><head class=\\"at-element-marker\\"><meta charset=\\"UTF-8\\"><meta name=\\"viewport\\" content=\\"width=device-width, initial-scale=1.0\\"><link rel=\\"preload\\" as=\\"image\\" href=\\"https://static.elpais.com/dist/resources/images/logos/primary/el-pais-slogan-esp.svg\\"><link rel=\\"preload\\" as=\\"image\\" imagesrcset=\\"https://imagenes.elpais.com/resizer/v2/PCWJZY7FPBCPLIPZCYNSEXLWEQ.jpg?auth=1e77f5bb3ddef5861b77c7a2e3eedb1f9150d06f5a69a86a9508eea5e2864148&amp;width=414 414w,https://imagenes.elpais.com/resizer/v2/PCWJZY7FPBCPLIPZCYNSEXLWEQ.jpg?auth=1e77f5bb3ddef5861b77c7a2e3eedb1f9150d06f5a69a86a9508eea5e2864148&amp;width=828 828w,https://imagenes.elpais.com/resizer/v2/PCWJZY7FPBCPLIPZCYNSEXLWEQ.jpg?auth=1e77f5bb3ddef5861b77c7a2e3eedb1f9150d06f5a69a86a9508eea5e2864148&amp;width=1200 1200w\\" imagesizes=\\"(min-width: 1199px) 1155px, (min-width: 1001px) calc(100vw - 44px), (min-width: 768px) 715px, (min-width: 576px) calc(100vw - 40px), 100vw\\"><script id=\\"spcloader\\" type=\\"text/javascript\\" async=\\"\\" src=\\"https://sdk.privacy-center.org/8ba38674-edba-484d-8053-435051d79f72/loader.js?target=elpais.com\\" charset=\\"utf-8\\"></script><script async=\\"\\" src=\\"https://c.amazon-adsystem.com/aax2/apstag.js\\"></script><link rel=\\"dns-prefetch\\"><link rel=\\"preconnect\\"><script src=\\"https://sdk.mrf.io/statics/marfeel-sdk.es5.js?id=2223\\" async=\\"\\" type=\\"text/javascript\\" nomodule=\\"\\"></script><script src=\\"https://sdk.mrf.io/statics/marfeel-sdk.js?id=2223\\" type=\\"module\\"></script><script id=\\"gfkS2s\\" async=\\"\\" type=\\"text/javascript\\" src=\\"https://ES-config.sensic.net/s2s-web.js\\"></script><script src=\\"https://accounts.google.com/gsi/client\\" async=\\"\\" defer=\\"\\"></script><link rel=\\"preconnect\\" href=\\"//static.elpais.com\\"><link rel=\\"preconnect\\" href=\\"//assets.adobedtm.com\\"><link rel=\\"preconnect\\" href=\\"//sdk.privacy-center.org\\"><link rel=\\"preload\\" href=\\"https://imagenes.elpais.com/resizer/v2/PCWJZY7FPBCPLIPZCYNSEXLWEQ.jpg?auth=1e77f5bb3ddef5861b77c7a2e3eedb1f9150d06f5a69a86a9508eea5e2864148&amp;width=414&amp;height=311&amp;smart=true\\" imagesrcset=\\"https://imagenes.elpais.com/resizer/v2/PCWJZY7FPBCPLIPZCYNSEXLWEQ.jpg?auth=1e77f5bb3ddef5861b77c7a2e3eedb1f9150d06f5a69a86a9508eea5e2864148&amp;width=414&amp;height=311&amp;smart=true 414w,https://imagenes.elpais.com/resizer/v2/PCWJZY7FPBCPLIPZCYNSEXLWEQ.jpg?auth=1e77f5bb3ddef5861b77c7a2e3eedb1f9150d06f5a69a86a9508eea5e2864148&amp;width=828&amp;height=621&amp;smart=true 828w,https://imagenes.elpais.com/resizer/v2/PCWJZY7FPBCPLIPZCYNSEXLWEQ.jpg?auth=1e77f5bb3ddef5861b77c7a2e3eedb1f9150d06f5a69a86a9508eea5e2864148&amp;width=1200&amp;height=900&amp;smart=true 1200w\\" imagesizes=\\"(min-width: 1199px) 1155px, (min-width: 1001px) calc(100vw - 44px), (min-width: 768px) 715px, (min-width: 576px) calc(100vw - 40px), 100vw\\" as=\\"image\\" fetchpriority=\\"high\\"><link rel=\\"preload\\" href=\\"https://static.elpais.com/dist/resources/fonts/majrit/majrit-text/Majrit-Text-Bold.woff2\\" as=\\"font\\" type=\\"font/woff2\\" crossorigin=\\"\\"><link rel=\\"preload\\" href=\\"https://static.elpais.com/dist/resources/fonts/majrit/majrit-text/Majrit-Text-Roman.woff2\\" as=\\"font\\" type=\\"font/woff2\\" crossorigin=\\"\\"><title>EL PAÍS: el periódico global</title><meta name=\\"date\\" scheme=\\"W3CDTF\\" content=\\"2026-02-24T22:15:19+01:00\\"><meta name=\\"lang\\" content=\\"es-ES\\"><meta name=\\"author\\" content=\\"Ediciones EL PAÍS\\"><meta name=\\"robots\\" content=\\"index,follow\\"><meta name=\\"description\\" content=\\"Noticias de última hora sobre la actualidad en España y el mundo: política, economía, deportes, cultura, sociedad, tecnología, gente, opinión, viajes, moda, televisión, los blogs y las firmas de EL PAÍS. Además especiales, vídeos, fotos, audios, gráficos, entrevistas, promociones y todos los servicios de EL PAÍS.\\"><meta name=\\"organization\\" content=\\"Ediciones EL PAÍS S.L.\\"><meta property=\\"article:publisher\\" content=\\"https://www.facebook.com/elpais/\\"><meta property=\\"article:modified_time\\" content=\\"2026-02-24T22:15:19+01:00\\"><meta property=\\"og:title\\" content=\\"EL PAÍS: el periódico global\\"><meta property=\\"og:description\\" content=\\"Noticias de última hora sobre la actualidad en España y el mundo: política, economía, deportes, cultura, sociedad, tecnología, gente, opinión, viajes, moda, televisión, los blogs y las firmas de EL PAÍS. Además especiales, vídeos, fotos, audios, gráficos, entrevistas, promociones y todos los servicios de EL PAÍS.\\"><meta property=\\"og:updated_time\\" content=\\"2026-02-24T22:15:19+01:00\\"><meta property=\\"og:image\\" content=\\"https://imagenes.elpais.com/resizer/v2/https%3A%2F%2Farc-anglerfish-eu-central-1-prod-prisa.s3.amazonaws.com%2Fpublic%2FPSMME3J7ZBDOHK4S6ZIIFVDEAQ.png?auth=6297c6ea5303b046503b1d9ef9d5cf46f4eacf1583ad6d61346d8fc8d9f9c948&amp;width=300&amp;height=300&amp;smart=true\\"><meta property=\\"og:image:width\\" content=\\"300\\"><meta property=\\"og:image:height\\" content=\\"300\\"><meta property=\\"og:url\\" content=\\"https://elpais.com\\"><meta property=\\"og:type\\" content=\\"website\\"><meta property=\\"og:site_name\\" content=\\"El País\\"><meta property=\\"fb:app_id\\" content=\\"94039431626\\"><meta property=\\"twitter:card\\" content=\\"summary\\"><meta property=\\"twitter:site\\" content=\\"@el_pais\\"><link rel=\\"canonical\\" href=\\"https://elpais.com\\"><meta property=\\"article:section\\" content=\\"Portada\\"><meta property=\\"twitter:title\\" content=\\"EL PAÍS: el periódico global\\"><meta property=\\"og:article:publisher\\" content=\\"EL PAÍS\\"><meta property=\\"og:article:author\\" content=\\"Ediciones EL PAÍS\\"><meta property=\\"fb:admins\\" content=\\"851024123, 100008251487379\\"><meta property=\\"fb:pages\\" content=\\"8585811569, 212722845575439, 1397320167179189, 358442097543367, 104260153017742, 171825147183, 122239794993797\\"><link rel=\\"alternate\\" href=\\"https://feeds.elpais.com/mrss-s/pages/ep/site/elpais.com/portada\\" type=\\"application/rss+xml\\" title=\\"RSS de la portada de El País\\"><link rel=\\"manifest\\" href=\\"/pf/resources/manifests/site.webmanifest?d=2381\\"><link rel=\\"icon\\" href=\\"https://static.elpais.com/dist/resources/images/favicon.ico\\" type=\\"image/x-icon\\"><link rel=\\"icon\\" href=\\"https://static.elpais.com/dist/resources/images/favicon_96.png\\" type=\\"image/png\\" sizes=\\"96x96\\"><link rel=\\"apple-touch-icon\\" sizes=\\"180x180\\" href=\\"https://static.elpais.com/dist/resources/images/apple-touch-icon.png\\"><script type=\\"application/javascript\\">window.ENP = {\\"globalContent\\":{\\"website\\":\\"el-pais\\",\\"alertEnabled\\":true,\\"lotteryButtonEnabled\\":false,\\"chatbotDisabled\\":false,\\"subscribeLinkByIP\\":\\"https://elpais.com/suscripciones/america/#/campaign\\",\\"subscribeLink\\":\\"https://elpais.com/suscripciones/#/campaign\\",\\"subscribePremiumLink\\":{\\"default\\":\\"https://elpais.com/suscripciones/premium/upgrade/\\",\\"CA\\":\\"https://elpais.com/suscripciones/digital/premium/upgrade/eucan/\\",\\"US\\":\\"https://elpais.com/suscripciones/digital/premium/upgrade/eucan/\\"},\\"usunLoginUrl\\":\\"https://services.users.elpais.com/serviceLogin.html\\",\\"baseUrlApiGateway\\":\\"https://wdnf3ec6zb.execute-api.eu-west-1.amazonaws.com/PRO/api/\\",\\"serviceProductUrl\\":\\"https://services.users.elpais.com/serviceProduct.html\\",\\"newsGoogleScript\\":\\"https://news.google.com/swg/js/v1/swg.js\\",\\"secretPasswordServiceProduct\\":\\"&_&que_es_mi_barco$_$\\",\\"favoritesURL\\":\\"https://static.elpais.com/dist/resources/js/334f83a783d9964bffcb2080a770b0c8/ENP-favorites.js\\",\\"apiOrigin\\":\\"https://publicapi.elpais.com\\",\\"publicApi\\":\\"https://publicapi.elpais.com\\",\\"entitlements\\":{\\"basic\\":[2895115629259653],\\"premium\\":[2810938707754442]},\\"omitAds\\":false,\\"isHomepage\\":true,\\"refresh\\":true},\\"deployment\\":{\\"arcVersion\\":\\"2381\\",\\"cssVersion\\":\\"334f83a783d9964bffcb2080a770b0c8\\",\\"jsVersion\\":\\"334f83a783d9964bffcb2080a770b0c8\\",\\"resourcePath\\":\\"https://static.elpais.com/dist\\"},\\"translations\\":{\\"dateTime\\":{\\"dateTimeConnector\\":\\"a las\\",\\"ago\\":\\"Hace %s\\",\\"actualizado\\":\\"Actualizado\\",\\"act\\":\\"Act.\\",\\"published\\":\\"Publicado a las:\\",\\"modified\\":\\"y modificado a las\\"},\\"sharedBar\\":{\\"commentsMessage\\":\\"Ir a los comentarios\\",\\"copyLink\\":\\"Enlace copiado\\"},\\"subscribePremiumText\\":\\"Añade más ventajas a tu suscripción: 2 cuentas de email, PDF de EL PAÍS y todo Cinco Días.\\",\\"subscribePremiumButton\\":\\"HAZTE PREMIUM\\",\\"chatbot\\":{\\"welcomeMessage\\":\\"Hola%s, ¿puedo ayudarte?\\"},\\"cutOffMarks\\":{\\"searchBox\\":{\\"common\\":{\\"defaultOptionText\\":\\"Por %s\\"}},\\"cutOffMarksList\\":{\\"common\\":{\\"noResultsMessage\\":\\"No se encontraron resultados\\"}}},\\"games\\":{\\"registerPrimaryPlayText\\":\\"Regístrate ahora\\",\\"registerSecondaryPlayText\\":\\"Ya soy suscriptor\\"},\\"wrapped2025\\":{\\"mostReadSections\\":{\\"titleSubscribed\\":\\"Tus artículos más leídos han sido sobre\\"}}},\\"siteProperties\\":{\\"liveKickerUrl\\":\\"https://eskup.elpais.com/OuteskupSimple\\",\\"languageCode\\":\\"es-ES\\",\\"siteDomainURL\\":\\"https://elpais.com\\",\\"subscribeOther\\":{\\"default\\":{\\"MX\\":\\"https://elpais.com/suscripciones/america/mexico/digital/#/campaign#\\",\\"CO\\":\\"https://elpais.com/suscripciones/america/colombia/digital/#/campaign#\\",\\"CL\\":\\"https://elpais.com/suscripciones/america/chile/digital/#/campaign#\\",\\"CA\\":\\"https://elpais.com/suscripciones/digital/eucan/\\",\\"US\\":\\"https://elpais.com/suscripciones/digital/eucan/\\"},\\"freemium_t2\\":{\\"default\\":\\"https://elpais.com/suscripciones/premium/primer-mes-anual/#/campaign\\",\\"defaultAm\\":\\"https://elpais.com/suscripcion/latam/primermes/premium/mensual/anual/#/campaign\\",\\"MX\\":\\"https://elpais.com/suscripcion/latam/primermes/premium/mensual/anual/#/campaign\\",\\"CO\\":\\"https://elpais.com/suscripcion/colombia/premium/primermes/anual\\",\\"CL\\":\\"https://elpais.com/suscripcion/latam/primermes/premium/mensual/anual/#/campaign\\",\\"CA\\":\\"https://elpais.com/suscripciones/digital/premium/primer-mes-anual/eucan\\",\\"US\\":\\"https://elpais.com/suscripciones/digital/premium/primer-mes-anual/eucan\\"}},\\"r'... 888380 more characters,
      level: 'DEBUG',
      test_run_uuid: '1a8c5e8a-1351-4807-9f6d-1fb775d14a06'
    }
  ]
} to 28529:0
2026-02-24T21:19:50.149Z CLI info [testhub:request-queue-handler]  [vedantvankar_WD2nZN]  [srujyhua7le0kbwv6qz2yzcqpznuptkb92dxcer1]  [5be2e400-7dbb-417d-b612-44702b0f7e80]  Added the event {
  event_type: 'LogCreated',
  logs: [
    {
      testFrameworkName: 'pytest',
      testFrameworkVersion: '9.0.2',
      testFrameworkState: 'INIT_TEST',
      timestamp: '2026-02-24T21:19:08.305Z',
      uuid: '1a8c5e8a-1351-4807-9f6d-1fb775d14a06',
      kind: 'TEST_LOG',
      message: 'Finished Request',
      level: 'DEBUG',
      test_run_uuid: '1a8c5e8a-1351-4807-9f6d-1fb775d14a06'
    }
  ]
} to 28529:0
2026-02-24T21:19:50.149Z CLI info [testhub:request-queue-handler]  [vedantvankar_WD2nZN]  [srujyhua7le0kbwv6qz2yzcqpznuptkb92dxcer1]  [5be2e400-7dbb-417d-b612-44702b0f7e80]  Added the event {
  event_type: 'LogCreated',
  logs: [
    {
      testFrameworkName: 'pytest',
      testFrameworkVersion: '9.0.2',
      testFrameworkState: 'INIT_TEST',
      timestamp: '2026-02-24T21:19:08.402Z',
      uuid: '1a8c5e8a-1351-4807-9f6d-1fb775d14a06',
      kind: 'TEST_LOG',
      message: "POST https://hub-aps.browserstack.com/wd/hub/session/63e3b797c5e92f05d2ff1c18abb3ab73a8ee8792/url {'url': 'https://elpais.com/opinion/2026-02-24/no-mas-secretos-del-23-f.html'}",
      level: 'DEBUG',
      test_run_uuid: '1a8c5e8a-1351-4807-9f6d-1fb775d14a06'
    }
  ]
} to 28529:0
2026-02-24T21:19:50.150Z CLI info [testhub:request-queue-handler]  [vedantvankar_WD2nZN]  [srujyhua7le0kbwv6qz2yzcqpznuptkb92dxcer1]  [5be2e400-7dbb-417d-b612-44702b0f7e80]  Added the event {
  event_type: 'LogCreated',
  logs: [
    {
      testFrameworkName: 'pytest',
      testFrameworkVersion: '9.0.2',
      testFrameworkState: 'INIT_TEST',
      timestamp: '2026-02-24T21:19:10.094Z',
      uuid: '1a8c5e8a-1351-4807-9f6d-1fb775d14a06',
      kind: 'TEST_LOG',
      message: 'https://hub-aps.browserstack.com:443 "POST /wd/hub/session/63e3b797c5e92f05d2ff1c18abb3ab73a8ee8792/url HTTP/1.1" 200 0',
      level: 'DEBUG',
      test_run_uuid: '1a8c5e8a-1351-4807-9f6d-1fb775d14a06'
    }
  ]
} to 28529:0
2026-02-24T21:19:50.150Z CLI info [testhub:request-queue-handler]  [vedantvankar_WD2nZN]  [srujyhua7le0kbwv6qz2yzcqpznuptkb92dxcer1]  [5be2e400-7dbb-417d-b612-44702b0f7e80]  Added the event {
  event_type: 'LogCreated',
  logs: [
    {
      testFrameworkName: 'pytest',
      testFrameworkVersion: '9.0.2',
      testFrameworkState: 'INIT_TEST',
      timestamp: '2026-02-24T21:19:10.094Z',
      uuid: '1a8c5e8a-1351-4807-9f6d-1fb775d14a06',
      kind: 'TEST_LOG',
      message: `Remote response: status=200 | data={"value":null} | headers=HTTPHeaderDict({'Server': 'nginx', 'Date': 'Tue, 24 Feb 2026 21:19:10 GMT', 'Content-Type': 'application/json; charset=utf-8', 'Content-Length': '14', 'Connection': 'keep-alive', 'Source-From': '02', 'x-powered-by': 'Express', 'vary': 'X-HTTP-Method-Override', 'etag': 'W/"e-9/1BuKMgFObM1mWJm+YjxtXJnUM"'})`,
      level: 'DEBUG',
      test_run_uuid: '1a8c5e8a-1351-4807-9f6d-1fb775d14a06'
    }
  ]
} to 28529:0
2026-02-24T21:19:50.150Z CLI info [testhub:request-queue-handler]  [vedantvankar_WD2nZN]  [srujyhua7le0kbwv6qz2yzcqpznuptkb92dxcer1]  [5be2e400-7dbb-417d-b612-44702b0f7e80]  Added the event {
  event_type: 'LogCreated',
  logs: [
    {
      testFrameworkName: 'pytest',
      testFrameworkVersion: '9.0.2',
      testFrameworkState: 'INIT_TEST',
      timestamp: '2026-02-24T21:19:10.095Z',
      uuid: '1a8c5e8a-1351-4807-9f6d-1fb775d14a06',
      kind: 'TEST_LOG',
      message: 'Finished Request',
      level: 'DEBUG',
      test_run_uuid: '1a8c5e8a-1351-4807-9f6d-1fb775d14a06'
    }
  ]
} to 28529:0
2026-02-24T21:19:50.151Z CLI info [testhub:request-queue-handler]  [vedantvankar_WD2nZN]  [srujyhua7le0kbwv6qz2yzcqpznuptkb92dxcer1]  [5be2e400-7dbb-417d-b612-44702b0f7e80]  Added the event {
  event_type: 'LogCreated',
  logs: [
    {
      testFrameworkName: 'pytest',
      testFrameworkVersion: '9.0.2',
      testFrameworkState: 'INIT_TEST',
      timestamp: '2026-02-24T21:19:14.096Z',
      uuid: '1a8c5e8a-1351-4807-9f6d-1fb775d14a06',
      kind: 'TEST_LOG',
      message: 'GET https://hub-aps.browserstack.com/wd/hub/session/63e3b797c5e92f05d2ff1c18abb3ab73a8ee8792/source {}',
      level: 'DEBUG',
      test_run_uuid: '1a8c5e8a-1351-4807-9f6d-1fb775d14a06'
    }
  ]
} to 28529:0
2026-02-24T21:19:50.151Z CLI info [testhub:request-queue-handler]  [vedantvankar_WD2nZN]  [srujyhua7le0kbwv6qz2yzcqpznuptkb92dxcer1]  [5be2e400-7dbb-417d-b612-44702b0f7e80]  Added the event {
  event_type: 'LogCreated',
  logs: [
    {
      testFrameworkName: 'pytest',
      testFrameworkVersion: '9.0.2',
      testFrameworkState: 'INIT_TEST',
      timestamp: '2026-02-24T21:19:14.754Z',
      uuid: '1a8c5e8a-1351-4807-9f6d-1fb775d14a06',
      kind: 'TEST_LOG',
      message: 'https://hub-aps.browserstack.com:443 "GET /wd/hub/session/63e3b797c5e92f05d2ff1c18abb3ab73a8ee8792/source HTTP/1.1" 200 0',
      level: 'DEBUG',
      test_run_uuid: '1a8c5e8a-1351-4807-9f6d-1fb775d14a06'
    }
  ]
} to 28529:0
2026-02-24T21:19:50.152Z CLI info [testhub:request-queue-handler]  [vedantvankar_WD2nZN]  [srujyhua7le0kbwv6qz2yzcqpznuptkb92dxcer1]  [5be2e400-7dbb-417d-b612-44702b0f7e80]  Added the event {
  event_type: 'LogCreated',
  logs: [
    {
      testFrameworkName: 'pytest',
      testFrameworkVersion: '9.0.2',
      testFrameworkState: 'INIT_TEST',
      timestamp: '2026-02-24T21:19:14.757Z',
      uuid: '1a8c5e8a-1351-4807-9f6d-1fb775d14a06',
      kind: 'TEST_LOG',
      message: 'Remote response: status=200 | data={"value":"<html lang=\\"es\\"><head><meta charset=\\"UTF-8\\"><meta name=\\"viewport\\" content=\\"width=device-width, initial-scale=1.0\\"><link rel=\\"preload\\" as=\\"image\\" imagesrcset=\\"https://imagenes.elpais.com/resizer/v2/SHDVIQXHKFLXZKBFNJ4J6ZELZM.jpg?auth=afdfa7f50415820dcc3e31575c8addc93a1f6e0fc466add03b8cf54361de7548&amp;width=414 414w,https://imagenes.elpais.com/resizer/v2/SHDVIQXHKFLXZKBFNJ4J6ZELZM.jpg?auth=afdfa7f50415820dcc3e31575c8addc93a1f6e0fc466add03b8cf54361de7548&amp;width=640 640w,https://imagenes.elpais.com/resizer/v2/SHDVIQXHKFLXZKBFNJ4J6ZELZM.jpg?auth=afdfa7f50415820dcc3e31575c8addc93a1f6e0fc466add03b8cf54361de7548&amp;width=1000 1000w,https://imagenes.elpais.com/resizer/v2/SHDVIQXHKFLXZKBFNJ4J6ZELZM.jpg?auth=afdfa7f50415820dcc3e31575c8addc93a1f6e0fc466add03b8cf54361de7548&amp;width=1200 1200w\\" imagesizes=\\"(min-width:1199px) 661px, (min-width:1001px) 54vw, (min-width:768px) 715px, 100vw\\"><script async=\\"\\" src=\\"https://c.amazon-adsystem.com/aax2/apstag.js\\"></script><link rel=\\"dns-prefetch\\"><link rel=\\"preconnect\\"><script src=\\"https://sdk.mrf.io/statics/marfeel-sdk.es5.js?id=2223\\" async=\\"\\" type=\\"text/javascript\\" nomodule=\\"\\"></script><script src=\\"https://sdk.mrf.io/statics/marfeel-sdk.js?id=2223\\" type=\\"module\\"></script><script id=\\"gfkS2s\\" async=\\"\\" type=\\"text/javascript\\" src=\\"https://ES-config.sensic.net/s2s-web.js\\"></script><script id=\\"spcloader\\" type=\\"text/javascript\\" async=\\"\\" src=\\"https://sdk.privacy-center.org/8ba38674-edba-484d-8053-435051d79f72/loader.js?target=elpais.com\\" charset=\\"utf-8\\"></script><script async=\\"\\" src=\\"https://news.google.com/swg/js/v1/swg-gaa.js\\"></script><script async=\\"\\" subscriptions-control=\\"manual\\" src=\\"https://news.google.com/swg/js/v1/swg.js\\"></script><script id=\\"dsq-count-scr\\" src=\\"https://el-pais-1.disqus.com/count.js\\" async=\\"\\"></script><script src=\\"https://accounts.google.com/gsi/client\\" async=\\"\\" defer=\\"\\"></script><link rel=\\"preconnect\\" href=\\"//static.elpais.com\\"><link rel=\\"preconnect\\" href=\\"//assets.adobedtm.com\\"><link rel=\\"preconnect\\" href=\\"//sdk.privacy-center.org\\"><link rel=\\"preload\\" href=\\"https://imagenes.elpais.com/resizer/v2/SHDVIQXHKFLXZKBFNJ4J6ZELZM.jpg?auth=afdfa7f50415820dcc3e31575c8addc93a1f6e0fc466add03b8cf54361de7548&amp;width=414\\" imagesrcset=\\"https://imagenes.elpais.com/resizer/v2/SHDVIQXHKFLXZKBFNJ4J6ZELZM.jpg?auth=afdfa7f50415820dcc3e31575c8addc93a1f6e0fc466add03b8cf54361de7548&amp;width=414 414w,https://imagenes.elpais.com/resizer/v2/SHDVIQXHKFLXZKBFNJ4J6ZELZM.jpg?auth=afdfa7f50415820dcc3e31575c8addc93a1f6e0fc466add03b8cf54361de7548&amp;width=640 640w,https://imagenes.elpais.com/resizer/v2/SHDVIQXHKFLXZKBFNJ4J6ZELZM.jpg?auth=afdfa7f50415820dcc3e31575c8addc93a1f6e0fc466add03b8cf54361de7548&amp;width=1000 1000w,https://imagenes.elpais.com/resizer/v2/SHDVIQXHKFLXZKBFNJ4J6ZELZM.jpg?auth=afdfa7f50415820dcc3e31575c8addc93a1f6e0fc466add03b8cf54361de7548&amp;width=1200 1200w\\" imagesizes=\\"(min-width:1199px) 661px, (min-width:1001px) 54vw, (min-width:768px) 715px, 100vw\\" as=\\"image\\" fetchpriority=\\"high\\"><link rel=\\"preload\\" href=\\"https://static.elpais.com/dist/resources/fonts/majrit/majrit-text/Majrit-Text-Roman.woff2\\" as=\\"font\\" type=\\"font/woff2\\" crossorigin=\\"\\"><link rel=\\"preload\\" href=\\"https://static.elpais.com/dist/resources/fonts/majrit/majrit-text/Majrit-Text-Black-Italic.woff2\\" as=\\"font\\" type=\\"font/woff2\\" crossorigin=\\"\\"><title>No más secretos del 23-F | Opinión | EL PAÍS</title><meta name=\\"date\\" scheme=\\"W3CDTF\\" content=\\"2026-02-24T05:30:01+01:00\\"><meta name=\\"lang\\" content=\\"es\\"><meta name=\\"author\\" content=\\"El País\\"><meta name=\\"robots\\" content=\\"index,follow,max-image-preview:large\\"><meta name=\\"description\\" content=\\"Desclasificar los documentos del golpe de Estado ayudará a acabar con las conspiraciones interesadas sobre la Transición\\"><meta name=\\"organization\\" content=\\"Ediciones EL PAÍS S.L.\\"><meta property=\\"article:publisher\\" content=\\"https://www.facebook.com/elpais\\"><meta property=\\"article:published_time\\" content=\\"2026-02-24T05:30:01+01:00\\"><meta property=\\"article:modified_time\\" content=\\"2026-02-24T05:30:01+01:00\\"><meta property=\\"og:title\\" content=\\"No más secretos del 23-F\\"><meta property=\\"og:description\\" content=\\"Desclasificar los documentos del golpe de Estado ayudará a acabar con las conspiraciones interesadas sobre la Transición\\"><meta property=\\"og:updated_time\\" content=\\"2026-02-24T05:30:01+01:00\\"><meta property=\\"og:image\\" content=\\"https://imagenes.elpais.com/resizer/v2/SHDVIQXHKFLXZKBFNJ4J6ZELZM.jpg?auth=afdfa7f50415820dcc3e31575c8addc93a1f6e0fc466add03b8cf54361de7548&amp;width=1200\\"><meta property=\\"og:image:width\\" content=\\"1200\\"><meta property=\\"og:image:height\\" content=\\"792\\"><meta property=\\"og:url\\" content=\\"https://elpais.com/opinion/2026-02-24/no-mas-secretos-del-23-f.html\\"><meta property=\\"og:type\\" content=\\"article\\"><meta property=\\"og:site_name\\" content=\\"El País\\"><meta property=\\"fb:app_id\\" content=\\"94039431626\\"><meta property=\\"twitter:card\\" content=\\"summary_large_image\\"><meta property=\\"twitter:site\\" content=\\"@el_pais\\"><link rel=\\"canonical\\" href=\\"https://elpais.com/opinion/2026-02-24/no-mas-secretos-del-23-f.html\\"><link rel=\\"amphtml\\" href=\\"https://elpais.com/opinion/2026-02-24/no-mas-secretos-del-23-f.html?outputType=amp\\"><meta property=\\"article:section\\" content=\\"Opinión\\"><meta property=\\"article:tag\\" content=\\"Opinión\\"><meta property=\\"article:tag\\" content=\\"Consejo de Ministros\\"><meta property=\\"article:tag\\" content=\\"23-F\\"><meta property=\\"article:tag\\" content=\\"Pedro Sánchez\\"><meta property=\\"article:tag\\" content=\\"Redes sociales\\"><meta property=\\"article:tag\\" content=\\"España\\"><meta property=\\"article:tag\\" content=\\"Historia\\"><meta property=\\"article:tag\\" content=\\"Política\\"><meta property=\\"article:tag\\" content=\\"Golpes estado\\"><meta property=\\"article:tag\\" content=\\"Juan Carlos I\\"><meta property=\\"article:tag\\" content=\\"Transición española\\"><meta property=\\"article:tag\\" content=\\"Transición democrática\\"><meta property=\\"article:tag\\" content=\\"Operación Galaxia\\"><meta property=\\"article:tag\\" content=\\"Monarquía\\"><meta property=\\"article:tag\\" content=\\"Ley Secretos Oficiales\\"><meta property=\\"article:tag\\" content=\\"Secretos oficiales\\"><meta property=\\"article:tag\\" content=\\"Desclasificación documentos\\"><meta property=\\"article:tag\\" content=\\"Franquismo\\"><meta property=\\"article:tag\\" content=\\"Guerra sucia\\"><meta property=\\"article:tag\\" content=\\"ETA\\"><meta property=\\"article:tag\\" content=\\"Ultraderecha\\"><meta property=\\"article:tag\\" content=\\"Democracia\\"><meta property=\\"twitter:title\\" content=\\"No más secretos del 23-F | Editorial\\"><meta property=\\"og:article:publisher\\" content=\\"EL PAÍS\\"><meta property=\\"og:article:author\\" content=\\"El País\\"><meta name=\\"DC.date.issued\\" content=\\"2026-02-24T05:30:01+01:00\\"><meta property=\\"mrf:tags\\" content=\\"brandedContent:false;\\"><meta property=\\"fb:pages\\" content=\\"8585811569\\"><meta property=\\"news_keywords\\" content=\\"Opinión, Consejo de Ministros, 23-F, Pedro Sánchez, Redes sociales, España, Historia, Política, Golpes estado, Juan Carlos I, Transición española, Transición democrática, Operación Galaxia, Monarquía, Ley Secretos Oficiales, Secretos oficiales, Desclasificación documentos, Franquismo, Guerra sucia, ETA, Ultraderecha, Democracia\\"><link rel=\\"alternate\\" href=\\"https://feeds.elpais.com/mrss-s/pages/ep/site/elpais.com/section/opinion/portada\\" type=\\"application/rss+xml\\" title=\\"RSS sobre Opinión\\"><link rel=\\"manifest\\" href=\\"/pf/resources/manifests/site.webmanifest?d=2381\\"><link rel=\\"icon\\" href=\\"https://static.elpais.com/dist/resources/images/favicon.ico\\" type=\\"image/x-icon\\"><link rel=\\"icon\\" href=\\"https://static.elpais.com/dist/resources/images/favicon_96.png\\" type=\\"image/png\\" sizes=\\"96x96\\"><link rel=\\"apple-touch-icon\\" sizes=\\"180x180\\" href=\\"https://static.elpais.com/dist/resources/images/apple-touch-icon.png\\"><script type=\\"application/javascript\\">window.ENP = {\\"globalContent\\":{\\"_id\\":\\"DIWYSWN2W5G5BDCCNBYU4B6PDI\\",\\"website\\":\\"el-pais\\",\\"alertEnabled\\":true,\\"lotteryButtonEnabled\\":false,\\"chatbotDisabled\\":true,\\"subscribeLinkByIP\\":\\"https://elpais.com/suscripciones/america/#/campaign\\",\\"subscribeLink\\":\\"https://elpais.com/suscripciones/#/campaign\\",\\"subscribePremiumLink\\":{\\"default\\":\\"https://elpais.com/suscripciones/premium/upgrade/\\",\\"CA\\":\\"https://elpais.com/suscripciones/digital/premium/upgrade/eucan/\\",\\"US\\":\\"https://elpais.com/suscripciones/digital/premium/upgrade/eucan/\\"},\\"usunLoginUrl\\":\\"https://services.users.elpais.com/serviceLogin.html\\",\\"baseUrlApiGateway\\":\\"https://wdnf3ec6zb.execute-api.eu-west-1.amazonaws.com/PRO/api/\\",\\"serviceProductUrl\\":\\"https://services.users.elpais.com/serviceProduct.html\\",\\"newsGoogleScript\\":\\"https://news.google.com/swg/js/v1/swg.js\\",\\"secretPasswordServiceProduct\\":\\"&_&que_es_mi_barco$_$\\",\\"favoritesURL\\":\\"https://static.elpais.com/dist/resources/js/334f83a783d9964bffcb2080a770b0c8/ENP-favorites.js\\",\\"apiOrigin\\":\\"https://publicapi.elpais.com\\",\\"publicApi\\":\\"https://publicapi.elpais.com\\",\\"entitlements\\":{\\"basic\\":[2895115629259653],\\"premium\\":[2810938707754442]},\\"omitAds\\":false,\\"isArticle\\":true,\\"isPageWithLiveBlog\\":false,\\"isPageWithLes\\":false,\\"isScoreboardLive\\":false,\\"hasSportLive\\":false,\\"source_system\\":\\"composer\\",\\"canonicalUrl\\":\\"/opinion/2026-02-24/no-mas-secretos-del-23-f.html\\",\\"alertsOption\\":{\\"enableAlert\\":true},\\"comments\\":{\\"display_comments\\":true},\\"sites\\":{\\"el-pais\\":{\\"socialLinks\\":{\\"facebook\\":\\"https://es-es.facebook.com/elpais/\\",\\"twitter\\":\\"https://twitter.com/el_pais\\",\\"youtube\\":\\"https://www.youtube.com/channel/UCnsvJeZO4RigQ898WdDNoBw\\",\\"wikipedia\\":\\"https://es.wikipedia.org/wiki/El_Pa%C3%ADs\\",\\"instagram\\":\\"https://www.instagram.com/el_pais/\\"},\\'... 521944 more characters,
      level: 'DEBUG',
      test_run_uuid: '1a8c5e8a-1351-4807-9f6d-1fb775d14a06'
    }
  ]
} to 28529:0
2026-02-24T21:19:50.153Z CLI info [testhub:request-queue-handler]  [vedantvankar_WD2nZN]  [srujyhua7le0kbwv6qz2yzcqpznuptkb92dxcer1]  [5be2e400-7dbb-417d-b612-44702b0f7e80]  Added the event {
  event_type: 'LogCreated',
  logs: [
    {
      testFrameworkName: 'pytest',
      testFrameworkVersion: '9.0.2',
      testFrameworkState: 'INIT_TEST',
      timestamp: '2026-02-24T21:19:14.773Z',
      uuid: '1a8c5e8a-1351-4807-9f6d-1fb775d14a06',
      kind: 'TEST_LOG',
      message: 'Finished Request',
      level: 'DEBUG',
      test_run_uuid: '1a8c5e8a-1351-4807-9f6d-1fb775d14a06'
    }
  ]
} to 28529:0
2026-02-24T21:19:50.154Z CLI info [testhub:request-queue-handler]  [vedantvankar_WD2nZN]  [srujyhua7le0kbwv6qz2yzcqpznuptkb92dxcer1]  [5be2e400-7dbb-417d-b612-44702b0f7e80]  Added the event {
  event_type: 'LogCreated',
  logs: [
    {
      testFrameworkName: 'pytest',
      testFrameworkVersion: '9.0.2',
      testFrameworkState: 'INIT_TEST',
      timestamp: '2026-02-24T21:19:14.837Z',
      uuid: '1a8c5e8a-1351-4807-9f6d-1fb775d14a06',
      kind: 'TEST_LOG',
      message: 'Starting new HTTPS connection (1): imagenes.elpais.com:443',
      level: 'DEBUG',
      test_run_uuid: '1a8c5e8a-1351-4807-9f6d-1fb775d14a06'
    }
  ]
} to 28529:0
2026-02-24T21:19:50.154Z CLI info [testhub:request-queue-handler]  [vedantvankar_WD2nZN]  [srujyhua7le0kbwv6qz2yzcqpznuptkb92dxcer1]  [5be2e400-7dbb-417d-b612-44702b0f7e80]  Added the event {
  event_type: 'LogCreated',
  logs: [
    {
      testFrameworkName: 'pytest',
      testFrameworkVersion: '9.0.2',
      testFrameworkState: 'INIT_TEST',
      timestamp: '2026-02-24T21:19:15.105Z',
      uuid: '1a8c5e8a-1351-4807-9f6d-1fb775d14a06',
      kind: 'TEST_LOG',
      message: 'https://imagenes.elpais.com:443 "GET /resizer/v2/SHDVIQXHKFLXZKBFNJ4J6ZELZM.jpg?auth=afdfa7f50415820dcc3e31575c8addc93a1f6e0fc466add03b8cf54361de7548&width=1200 HTTP/1.1" 200 131447',
      level: 'DEBUG',
      test_run_uuid: '1a8c5e8a-1351-4807-9f6d-1fb775d14a06'
    }
  ]
} to 28529:0
2026-02-24T21:19:50.154Z CLI info [testhub:request-queue-handler]  [vedantvankar_WD2nZN]  [srujyhua7le0kbwv6qz2yzcqpznuptkb92dxcer1]  [5be2e400-7dbb-417d-b612-44702b0f7e80]  Added the event {
  event_type: 'LogCreated',
  logs: [
    {
      testFrameworkName: 'pytest',
      testFrameworkVersion: '9.0.2',
      testFrameworkState: 'INIT_TEST',
      timestamp: '2026-02-24T21:19:15.239Z',
      uuid: '1a8c5e8a-1351-4807-9f6d-1fb775d14a06',
      kind: 'TEST_LOG',
      message: "POST https://hub-aps.browserstack.com/wd/hub/session/63e3b797c5e92f05d2ff1c18abb3ab73a8ee8792/url {'url': 'https://elpais.com/opinion/2026-02-24/la-lenta-gestacion-de-la-extrema-derecha.html'}",
      level: 'DEBUG',
      test_run_uuid: '1a8c5e8a-1351-4807-9f6d-1fb775d14a06'
    }
  ]
} to 28529:0
2026-02-24T21:19:50.155Z CLI info [testhub:request-queue-handler]  [vedantvankar_WD2nZN]  [srujyhua7le0kbwv6qz2yzcqpznuptkb92dxcer1]  [5be2e400-7dbb-417d-b612-44702b0f7e80]  Added the event {
  event_type: 'LogCreated',
  logs: [
    {
      testFrameworkName: 'pytest',
      testFrameworkVersion: '9.0.2',
      testFrameworkState: 'INIT_TEST',
      timestamp: '2026-02-24T21:19:17.387Z',
      uuid: '1a8c5e8a-1351-4807-9f6d-1fb775d14a06',
      kind: 'TEST_LOG',
      message: 'https://hub-aps.browserstack.com:443 "POST /wd/hub/session/63e3b797c5e92f05d2ff1c18abb3ab73a8ee8792/url HTTP/1.1" 200 0',
      level: 'DEBUG',
      test_run_uuid: '1a8c5e8a-1351-4807-9f6d-1fb775d14a06'
    }
  ]
} to 28529:0
2026-02-24T21:19:50.155Z CLI info [testhub:request-queue-handler]  [vedantvankar_WD2nZN]  [srujyhua7le0kbwv6qz2yzcqpznuptkb92dxcer1]  [5be2e400-7dbb-417d-b612-44702b0f7e80]  Added the event {
  event_type: 'LogCreated',
  logs: [
    {
      testFrameworkName: 'pytest',
      testFrameworkVersion: '9.0.2',
      testFrameworkState: 'INIT_TEST',
      timestamp: '2026-02-24T21:19:17.387Z',
      uuid: '1a8c5e8a-1351-4807-9f6d-1fb775d14a06',
      kind: 'TEST_LOG',
      message: `Remote response: status=200 | data={"value":null} | headers=HTTPHeaderDict({'Server': 'nginx', 'Date': 'Tue, 24 Feb 2026 21:19:17 GMT', 'Content-Type': 'application/json; charset=utf-8', 'Content-Length': '14', 'Connection': 'keep-alive', 'Source-From': '02', 'x-powered-by': 'Express', 'vary': 'X-HTTP-Method-Override', 'etag': 'W/"e-9/1BuKMgFObM1mWJm+YjxtXJnUM"'})`,
      level: 'DEBUG',
      test_run_uuid: '1a8c5e8a-1351-4807-9f6d-1fb775d14a06'
    }
  ]
} to 28529:0
2026-02-24T21:19:50.156Z CLI info [testhub:request-queue-handler]  [vedantvankar_WD2nZN]  [srujyhua7le0kbwv6qz2yzcqpznuptkb92dxcer1]  [5be2e400-7dbb-417d-b612-44702b0f7e80]  Added the event {
  event_type: 'LogCreated',
  logs: [
    {
      testFrameworkName: 'pytest',
      testFrameworkVersion: '9.0.2',
      testFrameworkState: 'INIT_TEST',
      timestamp: '2026-02-24T21:19:17.387Z',
      uuid: '1a8c5e8a-1351-4807-9f6d-1fb775d14a06',
      kind: 'TEST_LOG',
      message: 'Finished Request',
      level: 'DEBUG',
      test_run_uuid: '1a8c5e8a-1351-4807-9f6d-1fb775d14a06'
    }
  ]
} to 28529:0
2026-02-24T21:19:50.156Z CLI info [testhub:request-queue-handler]  [vedantvankar_WD2nZN]  [srujyhua7le0kbwv6qz2yzcqpznuptkb92dxcer1]  [5be2e400-7dbb-417d-b612-44702b0f7e80]  Added the event {
  event_type: 'LogCreated',
  logs: [
    {
      testFrameworkName: 'pytest',
      testFrameworkVersion: '9.0.2',
      testFrameworkState: 'INIT_TEST',
      timestamp: '2026-02-24T21:19:21.389Z',
      uuid: '1a8c5e8a-1351-4807-9f6d-1fb775d14a06',
      kind: 'TEST_LOG',
      message: 'GET https://hub-aps.browserstack.com/wd/hub/session/63e3b797c5e92f05d2ff1c18abb3ab73a8ee8792/source {}',
      level: 'DEBUG',
      test_run_uuid: '1a8c5e8a-1351-4807-9f6d-1fb775d14a06'
    }
  ]
} to 28529:0
2026-02-24T21:19:50.156Z CLI info [testhub:request-queue-handler]  [vedantvankar_WD2nZN]  [srujyhua7le0kbwv6qz2yzcqpznuptkb92dxcer1]  [5be2e400-7dbb-417d-b612-44702b0f7e80]  Added the event {
  event_type: 'LogCreated',
  logs: [
    {
      testFrameworkName: 'pytest',
      testFrameworkVersion: '9.0.2',
      testFrameworkState: 'INIT_TEST',
      timestamp: '2026-02-24T21:19:22.116Z',
      uuid: '1a8c5e8a-1351-4807-9f6d-1fb775d14a06',
      kind: 'TEST_LOG',
      message: 'https://hub-aps.browserstack.com:443 "GET /wd/hub/session/63e3b797c5e92f05d2ff1c18abb3ab73a8ee8792/source HTTP/1.1" 200 0',
      level: 'DEBUG',
      test_run_uuid: '1a8c5e8a-1351-4807-9f6d-1fb775d14a06'
    }
  ]
} to 28529:0
2026-02-24T21:19:50.157Z CLI info [testhub:request-queue-handler]  [vedantvankar_WD2nZN]  [srujyhua7le0kbwv6qz2yzcqpznuptkb92dxcer1]  [5be2e400-7dbb-417d-b612-44702b0f7e80]  Added the event {
  event_type: 'LogCreated',
  logs: [
    {
      testFrameworkName: 'pytest',
      testFrameworkVersion: '9.0.2',
      testFrameworkState: 'INIT_TEST',
      timestamp: '2026-02-24T21:19:22.118Z',
      uuid: '1a8c5e8a-1351-4807-9f6d-1fb775d14a06',
      kind: 'TEST_LOG',
      message: 'Remote response: status=200 | data={"value":"<html lang=\\"es\\"><head><meta charset=\\"UTF-8\\"><meta name=\\"viewport\\" content=\\"width=device-width, initial-scale=1.0\\"><link rel=\\"preload\\" as=\\"image\\" imagesrcset=\\"https://imagenes.elpais.com/resizer/v2/RVARX53BAFGGBGXKCBT444XZPI.jpg?auth=1674ff05e33872db06a644acfa2f105bcb5bbb7daf9455dee85b36e1f63f3e7f&amp;width=414 414w,https://imagenes.elpais.com/resizer/v2/RVARX53BAFGGBGXKCBT444XZPI.jpg?auth=1674ff05e33872db06a644acfa2f105bcb5bbb7daf9455dee85b36e1f63f3e7f&amp;width=640 640w,https://imagenes.elpais.com/resizer/v2/RVARX53BAFGGBGXKCBT444XZPI.jpg?auth=1674ff05e33872db06a644acfa2f105bcb5bbb7daf9455dee85b36e1f63f3e7f&amp;width=1000 1000w,https://imagenes.elpais.com/resizer/v2/RVARX53BAFGGBGXKCBT444XZPI.jpg?auth=1674ff05e33872db06a644acfa2f105bcb5bbb7daf9455dee85b36e1f63f3e7f&amp;width=1200 1200w\\" imagesizes=\\"(min-width:1199px) 661px, (min-width:1001px) 54vw, (min-width:768px) 715px, 100vw\\"><script async=\\"\\" src=\\"https://c.amazon-adsystem.com/aax2/apstag.js\\"></script><link rel=\\"dns-prefetch\\"><link rel=\\"preconnect\\"><script src=\\"https://sdk.mrf.io/statics/marfeel-sdk.es5.js?id=2223\\" async=\\"\\" type=\\"text/javascript\\" nomodule=\\"\\"></script><script src=\\"https://sdk.mrf.io/statics/marfeel-sdk.js?id=2223\\" type=\\"module\\"></script><script id=\\"gfkS2s\\" async=\\"\\" type=\\"text/javascript\\" src=\\"https://ES-config.sensic.net/s2s-web.js\\"></script><script id=\\"spcloader\\" type=\\"text/javascript\\" async=\\"\\" src=\\"https://sdk.privacy-center.org/8ba38674-edba-484d-8053-435051d79f72/loader.js?target=elpais.com\\" charset=\\"utf-8\\"></script><script async=\\"\\" src=\\"https://news.google.com/swg/js/v1/swg-gaa.js\\"></script><script async=\\"\\" subscriptions-control=\\"manual\\" src=\\"https://news.google.com/swg/js/v1/swg.js\\"></script><script id=\\"dsq-count-scr\\" src=\\"https://el-pais-1.disqus.com/count.js\\" async=\\"\\"></script><script src=\\"https://accounts.google.com/gsi/client\\" async=\\"\\" defer=\\"\\"></script><link rel=\\"preconnect\\" href=\\"//static.elpais.com\\"><link rel=\\"preconnect\\" href=\\"//assets.adobedtm.com\\"><link rel=\\"preconnect\\" href=\\"//sdk.privacy-center.org\\"><link rel=\\"preload\\" href=\\"https://imagenes.elpais.com/resizer/v2/RVARX53BAFGGBGXKCBT444XZPI.jpg?auth=1674ff05e33872db06a644acfa2f105bcb5bbb7daf9455dee85b36e1f63f3e7f&amp;width=414\\" imagesrcset=\\"https://imagenes.elpais.com/resizer/v2/RVARX53BAFGGBGXKCBT444XZPI.jpg?auth=1674ff05e33872db06a644acfa2f105bcb5bbb7daf9455dee85b36e1f63f3e7f&amp;width=414 414w,https://imagenes.elpais.com/resizer/v2/RVARX53BAFGGBGXKCBT444XZPI.jpg?auth=1674ff05e33872db06a644acfa2f105bcb5bbb7daf9455dee85b36e1f63f3e7f&amp;width=640 640w,https://imagenes.elpais.com/resizer/v2/RVARX53BAFGGBGXKCBT444XZPI.jpg?auth=1674ff05e33872db06a644acfa2f105bcb5bbb7daf9455dee85b36e1f63f3e7f&amp;width=1000 1000w,https://imagenes.elpais.com/resizer/v2/RVARX53BAFGGBGXKCBT444XZPI.jpg?auth=1674ff05e33872db06a644acfa2f105bcb5bbb7daf9455dee85b36e1f63f3e7f&amp;width=1200 1200w\\" imagesizes=\\"(min-width:1199px) 661px, (min-width:1001px) 54vw, (min-width:768px) 715px, 100vw\\" as=\\"image\\" fetchpriority=\\"high\\"><link rel=\\"preload\\" href=\\"https://static.elpais.com/dist/resources/fonts/majrit/majrit-text/Majrit-Text-Roman.woff2\\" as=\\"font\\" type=\\"font/woff2\\" crossorigin=\\"\\"><link rel=\\"preload\\" href=\\"https://static.elpais.com/dist/resources/fonts/majrit/majrit-text/Majrit-Text-Black-Italic.woff2\\" as=\\"font\\" type=\\"font/woff2\\" crossorigin=\\"\\"><title>La lenta gestación de la extrema derecha | Opinión | EL PAÍS</title><meta name=\\"date\\" scheme=\\"W3CDTF\\" content=\\"2026-02-24T05:30:01+01:00\\"><meta name=\\"lang\\" content=\\"es\\"><meta name=\\"author\\" content=\\"Ignacio Sánchez-Cuenca\\"><meta name=\\"robots\\" content=\\"index,follow,max-image-preview:large\\"><meta name=\\"description\\" content=\\"El ascenso de Vox se explica mejor por el resurgir del nacionalismo español más rancio que por razones económicas\\"><meta name=\\"organization\\" content=\\"Ediciones EL PAÍS S.L.\\"><meta property=\\"article:publisher\\" content=\\"https://www.facebook.com/elpais\\"><meta property=\\"article:published_time\\" content=\\"2026-02-24T05:30:01+01:00\\"><meta property=\\"article:modified_time\\" content=\\"2026-02-24T05:30:01+01:00\\"><meta property=\\"og:title\\" content=\\"La lenta gestación de la extrema derecha\\"><meta property=\\"og:description\\" content=\\"El ascenso de Vox se explica mejor por el resurgir del nacionalismo español más rancio que por razones económicas\\"><meta property=\\"og:updated_time\\" content=\\"2026-02-24T05:30:01+01:00\\"><meta property=\\"og:image\\" content=\\"https://imagenes.elpais.com/resizer/v2/P6A4ZTH4Y5BW5HQL4K5VPS6P6U.jpg?auth=58ff4afe29595ecace66833f06dc0477090261a74769039e175d89cac5f36153&amp;width=1200\\"><meta property=\\"og:image:width\\" content=\\"1200\\"><meta property=\\"og:image:height\\" content=\\"675\\"><meta property=\\"og:url\\" content=\\"https://elpais.com/opinion/2026-02-24/la-lenta-gestacion-de-la-extrema-derecha.html\\"><meta property=\\"og:type\\" content=\\"article\\"><meta property=\\"og:site_name\\" content=\\"El País\\"><meta property=\\"fb:app_id\\" content=\\"94039431626\\"><meta property=\\"twitter:card\\" content=\\"summary_large_image\\"><meta property=\\"twitter:site\\" content=\\"@el_pais\\"><link rel=\\"canonical\\" href=\\"https://elpais.com/opinion/2026-02-24/la-lenta-gestacion-de-la-extrema-derecha.html\\"><link rel=\\"amphtml\\" href=\\"https://elpais.com/opinion/2026-02-24/la-lenta-gestacion-de-la-extrema-derecha.html?outputType=amp\\"><meta property=\\"article:section\\" content=\\"Opinión\\"><meta property=\\"article:tag\\" content=\\"Opinión\\"><meta property=\\"article:tag\\" content=\\"España\\"><meta property=\\"article:tag\\" content=\\"Política\\"><meta property=\\"article:tag\\" content=\\"Partidos políticos\\"><meta property=\\"article:tag\\" content=\\"Vox\\"><meta property=\\"article:tag\\" content=\\"Extrema derecha\\"><meta property=\\"article:tag\\" content=\\"Ultraderecha\\"><meta property=\\"article:tag\\" content=\\"Partidos ultraderecha\\"><meta property=\\"article:tag\\" content=\\"Santiago Abascal\\"><meta property=\\"article:tag\\" content=\\"Democracia\\"><meta property=\\"article:tag\\" content=\\"Nacionalismo\\"><meta property=\\"article:tag\\" content=\\"Partidos conservadores\\"><meta property=\\"article:tag\\" content=\\"Independentismo\\"><meta property=\\"article:tag\\" content=\\"Franquismo\\"><meta property=\\"article:tag\\" content=\\"Dictadura\\"><meta property=\\"article:tag\\" content=\\"Revisionismo histórico\\"><meta property=\\"article:tag\\" content=\\"Revisionismo Conquista América\\"><meta property=\\"article:tag\\" content=\\"Economía\\"><meta property=\\"article:tag\\" content=\\"Jóvenes\\"><meta property=\\"article:tag\\" content=\\"Tasa paro\\"><meta property=\\"article:tag\\" content=\\"Vivienda\\"><meta property=\\"article:tag\\" content=\\"Precio vivienda\\"><meta property=\\"twitter:title\\" content=\\"La lenta gestación de la extrema derecha | Tribuna\\"><meta property=\\"og:article:publisher\\" content=\\"EL PAÍS\\"><meta property=\\"og:article:author\\" content=\\"Ignacio Sánchez-Cuenca\\"><meta name=\\"DC.date.issued\\" content=\\"2026-02-24T05:30:01+01:00\\"><meta property=\\"mrf:tags\\" content=\\"brandedContent:false;\\"><meta property=\\"fb:pages\\" content=\\"8585811569\\"><meta property=\\"news_keywords\\" content=\\"Opinión, España, Política, Partidos políticos, Vox, Extrema derecha, Ultraderecha, Partidos ultraderecha, Santiago Abascal, Democracia, Nacionalismo, Partidos conservadores, Independentismo, Franquismo, Dictadura, Revisionismo histórico, Revisionismo Conquista América, Economía, Jóvenes, Tasa paro, Vivienda, Precio vivienda\\"><link rel=\\"alternate\\" href=\\"https://feeds.elpais.com/mrss-s/pages/ep/site/elpais.com/section/opinion/portada\\" type=\\"application/rss+xml\\" title=\\"RSS sobre Opinión\\"><link rel=\\"manifest\\" href=\\"/pf/resources/manifests/site.webmanifest?d=2381\\"><link rel=\\"icon\\" href=\\"https://static.elpais.com/dist/resources/images/favicon.ico\\" type=\\"image/x-icon\\"><link rel=\\"icon\\" href=\\"https://static.elpais.com/dist/resources/images/favicon_96.png\\" type=\\"image/png\\" sizes=\\"96x96\\"><link rel=\\"apple-touch-icon\\" sizes=\\"180x180\\" href=\\"https://static.elpais.com/dist/resources/images/apple-touch-icon.png\\"><script type=\\"application/javascript\\">window.ENP = {\\"globalContent\\":{\\"_id\\":\\"3ZU22G2RHFDGPN2B4U6P63ICPY\\",\\"website\\":\\"el-pais\\",\\"alertEnabled\\":true,\\"lotteryButtonEnabled\\":false,\\"chatbotDisabled\\":true,\\"subscribeLinkByIP\\":\\"https://elpais.com/suscripciones/america/#/campaign\\",\\"subscribeLink\\":\\"https://elpais.com/suscripciones/#/campaign\\",\\"subscribePremiumLink\\":{\\"default\\":\\"https://elpais.com/suscripciones/premium/upgrade/\\",\\"CA\\":\\"https://elpais.com/suscripciones/digital/premium/upgrade/eucan/\\",\\"US\\":\\"https://elpais.com/suscripciones/digital/premium/upgrade/eucan/\\"},\\"usunLoginUrl\\":\\"https://services.users.elpais.com/serviceLogin.html\\",\\"baseUrlApiGateway\\":\\"https://wdnf3ec6zb.execute-api.eu-west-1.amazonaws.com/PRO/api/\\",\\"serviceProductUrl\\":\\"https://services.users.elpais.com/serviceProduct.html\\",\\"newsGoogleScript\\":\\"https://news.google.com/swg/js/v1/swg.js\\",\\"secretPasswordServiceProduct\\":\\"&_&que_es_mi_barco$_$\\",\\"favoritesURL\\":\\"https://static.elpais.com/dist/resources/js/334f83a783d9964bffcb2080a770b0c8/ENP-favorites.js\\",\\"apiOrigin\\":\\"https://publicapi.elpais.com\\",\\"publicApi\\":\\"https://publicapi.elpais.com\\",\\"entitlements\\":{\\"basic\\":[2895115629259653],\\"premium\\":[2810938707754442]},\\"omitAds\\":false,\\"isArticle\\":true,\\"isPageWithLiveBlog\\":false,\\"isPageWithLes\\":false,\\"isScoreboardLive\\":false,\\"hasSportLive\\":false,\\"source_system\\":\\"composer\\",\\"canonicalUrl\\":\\"/opinion/2026-02-24/la-lenta-gestacion-de-la-extrema-derecha.html\\",\\"alertsOption\\":{\\"enableAlert\\":true},\\"comments\\":{\\"display_comments\\":true},\\"sites\\":{\\"el-pais\\":{\\"socialLinks\\":{\\"facebook\\":\\"https://es-es.facebook.com/elpais/\\",\\"twitter\\":\\"https://twitter.com/el_pais\\",\\"youtube\\":\\"https://www.youtube.com/channel/UCnsvJeZO4RigQ898WdDNoBw\\'... 586789 more characters,
      level: 'DEBUG',
      test_run_uuid: '1a8c5e8a-1351-4807-9f6d-1fb775d14a06'
    }
  ]
} to 28529:0
2026-02-24T21:19:50.157Z CLI info [testhub:request-queue-handler]  [vedantvankar_WD2nZN]  [srujyhua7le0kbwv6qz2yzcqpznuptkb92dxcer1]  [5be2e400-7dbb-417d-b612-44702b0f7e80]  Added the event {
  event_type: 'LogCreated',
  logs: [
    {
      testFrameworkName: 'pytest',
      testFrameworkVersion: '9.0.2',
      testFrameworkState: 'INIT_TEST',
      timestamp: '2026-02-24T21:19:22.134Z',
      uuid: '1a8c5e8a-1351-4807-9f6d-1fb775d14a06',
      kind: 'TEST_LOG',
      message: 'Finished Request',
      level: 'DEBUG',
      test_run_uuid: '1a8c5e8a-1351-4807-9f6d-1fb775d14a06'
    }
  ]
} to 28529:0
2026-02-24T21:19:50.157Z CLI info [testhub:request-queue-handler]  [vedantvankar_WD2nZN]  [srujyhua7le0kbwv6qz2yzcqpznuptkb92dxcer1]  [5be2e400-7dbb-417d-b612-44702b0f7e80]  Added the event {
  event_type: 'LogCreated',
  logs: [
    {
      testFrameworkName: 'pytest',
      testFrameworkVersion: '9.0.2',
      testFrameworkState: 'INIT_TEST',
      timestamp: '2026-02-24T21:19:22.194Z',
      uuid: '1a8c5e8a-1351-4807-9f6d-1fb775d14a06',
      kind: 'TEST_LOG',
      message: 'Starting new HTTPS connection (1): imagenes.elpais.com:443',
      level: 'DEBUG',
      test_run_uuid: '1a8c5e8a-1351-4807-9f6d-1fb775d14a06'
    }
  ]
} to 28529:0
2026-02-24T21:19:50.157Z CLI info [testhub:request-queue-handler]  [vedantvankar_WD2nZN]  [srujyhua7le0kbwv6qz2yzcqpznuptkb92dxcer1]  [5be2e400-7dbb-417d-b612-44702b0f7e80]  Added the event {
  event_type: 'LogCreated',
  logs: [
    {
      testFrameworkName: 'pytest',
      testFrameworkVersion: '9.0.2',
      testFrameworkState: 'INIT_TEST',
      timestamp: '2026-02-24T21:19:22.525Z',
      uuid: '1a8c5e8a-1351-4807-9f6d-1fb775d14a06',
      kind: 'TEST_LOG',
      message: 'https://imagenes.elpais.com:443 "GET /resizer/v2/P6A4ZTH4Y5BW5HQL4K5VPS6P6U.jpg?auth=58ff4afe29595ecace66833f06dc0477090261a74769039e175d89cac5f36153&width=1200 HTTP/1.1" 200 54483',
      level: 'DEBUG',
      test_run_uuid: '1a8c5e8a-1351-4807-9f6d-1fb775d14a06'
    }
  ]
} to 28529:0
2026-02-24T21:19:50.158Z CLI info [testhub:request-queue-handler]  [vedantvankar_WD2nZN]  [srujyhua7le0kbwv6qz2yzcqpznuptkb92dxcer1]  [5be2e400-7dbb-417d-b612-44702b0f7e80]  Added the event {
  event_type: 'LogCreated',
  logs: [
    {
      testFrameworkName: 'pytest',
      testFrameworkVersion: '9.0.2',
      testFrameworkState: 'INIT_TEST',
      timestamp: '2026-02-24T21:19:22.548Z',
      uuid: '1a8c5e8a-1351-4807-9f6d-1fb775d14a06',
      kind: 'TEST_LOG',
      message: "POST https://hub-aps.browserstack.com/wd/hub/session/63e3b797c5e92f05d2ff1c18abb3ab73a8ee8792/url {'url': 'https://elpais.com/opinion/2026-02-24/la-conga-de-los-pocholos.html'}",
      level: 'DEBUG',
      test_run_uuid: '1a8c5e8a-1351-4807-9f6d-1fb775d14a06'
    }
  ]
} to 28529:0
2026-02-24T21:19:50.158Z CLI info [testhub:request-queue-handler]  [vedantvankar_WD2nZN]  [srujyhua7le0kbwv6qz2yzcqpznuptkb92dxcer1]  [5be2e400-7dbb-417d-b612-44702b0f7e80]  Added the event {
  event_type: 'LogCreated',
  logs: [
    {
      testFrameworkName: 'pytest',
      testFrameworkVersion: '9.0.2',
      testFrameworkState: 'INIT_TEST',
      timestamp: '2026-02-24T21:19:24.193Z',
      uuid: '1a8c5e8a-1351-4807-9f6d-1fb775d14a06',
      kind: 'TEST_LOG',
      message: 'https://hub-aps.browserstack.com:443 "POST /wd/hub/session/63e3b797c5e92f05d2ff1c18abb3ab73a8ee8792/url HTTP/1.1" 200 0',
      level: 'DEBUG',
      test_run_uuid: '1a8c5e8a-1351-4807-9f6d-1fb775d14a06'
    }
  ]
} to 28529:0
2026-02-24T21:19:50.158Z CLI info [testhub:request-queue-handler]  [vedantvankar_WD2nZN]  [srujyhua7le0kbwv6qz2yzcqpznuptkb92dxcer1]  [5be2e400-7dbb-417d-b612-44702b0f7e80]  Added the event {
  event_type: 'LogCreated',
  logs: [
    {
      testFrameworkName: 'pytest',
      testFrameworkVersion: '9.0.2',
      testFrameworkState: 'INIT_TEST',
      timestamp: '2026-02-24T21:19:24.194Z',
      uuid: '1a8c5e8a-1351-4807-9f6d-1fb775d14a06',
      kind: 'TEST_LOG',
      message: `Remote response: status=200 | data={"value":null} | headers=HTTPHeaderDict({'Server': 'nginx', 'Date': 'Tue, 24 Feb 2026 21:19:24 GMT', 'Content-Type': 'application/json; charset=utf-8', 'Content-Length': '14', 'Connection': 'keep-alive', 'Source-From': '02', 'x-powered-by': 'Express', 'vary': 'X-HTTP-Method-Override', 'etag': 'W/"e-9/1BuKMgFObM1mWJm+YjxtXJnUM"'})`,
      level: 'DEBUG',
      test_run_uuid: '1a8c5e8a-1351-4807-9f6d-1fb775d14a06'
    }
  ]
} to 28529:0
2026-02-24T21:19:50.158Z CLI info [testhub:request-queue-handler]  [vedantvankar_WD2nZN]  [srujyhua7le0kbwv6qz2yzcqpznuptkb92dxcer1]  [5be2e400-7dbb-417d-b612-44702b0f7e80]  Added the event {
  event_type: 'LogCreated',
  logs: [
    {
      testFrameworkName: 'pytest',
      testFrameworkVersion: '9.0.2',
      testFrameworkState: 'INIT_TEST',
      timestamp: '2026-02-24T21:19:24.194Z',
      uuid: '1a8c5e8a-1351-4807-9f6d-1fb775d14a06',
      kind: 'TEST_LOG',
      message: 'Finished Request',
      level: 'DEBUG',
      test_run_uuid: '1a8c5e8a-1351-4807-9f6d-1fb775d14a06'
    }
  ]
} to 28529:0
2026-02-24T21:19:50.158Z CLI info [testhub:request-queue-handler]  [vedantvankar_WD2nZN]  [srujyhua7le0kbwv6qz2yzcqpznuptkb92dxcer1]  [5be2e400-7dbb-417d-b612-44702b0f7e80]  Added the event {
  event_type: 'LogCreated',
  logs: [
    {
      testFrameworkName: 'pytest',
      testFrameworkVersion: '9.0.2',
      testFrameworkState: 'INIT_TEST',
      timestamp: '2026-02-24T21:19:28.197Z',
      uuid: '1a8c5e8a-1351-4807-9f6d-1fb775d14a06',
      kind: 'TEST_LOG',
      message: 'GET https://hub-aps.browserstack.com/wd/hub/session/63e3b797c5e92f05d2ff1c18abb3ab73a8ee8792/source {}',
      level: 'DEBUG',
      test_run_uuid: '1a8c5e8a-1351-4807-9f6d-1fb775d14a06'
    }
  ]
} to 28529:0
2026-02-24T21:19:50.158Z CLI info [testhub:request-queue-handler]  [vedantvankar_WD2nZN]  [srujyhua7le0kbwv6qz2yzcqpznuptkb92dxcer1]  [5be2e400-7dbb-417d-b612-44702b0f7e80]  Added the event {
  event_type: 'LogCreated',
  logs: [
    {
      testFrameworkName: 'pytest',
      testFrameworkVersion: '9.0.2',
      testFrameworkState: 'INIT_TEST',
      timestamp: '2026-02-24T21:19:29.151Z',
      uuid: '1a8c5e8a-1351-4807-9f6d-1fb775d14a06',
      kind: 'TEST_LOG',
      message: 'https://hub-aps.browserstack.com:443 "GET /wd/hub/session/63e3b797c5e92f05d2ff1c18abb3ab73a8ee8792/source HTTP/1.1" 200 0',
      level: 'DEBUG',
      test_run_uuid: '1a8c5e8a-1351-4807-9f6d-1fb775d14a06'
    }
  ]
} to 28529:0
2026-02-24T21:19:50.159Z CLI info [testhub:request-queue-handler]  [vedantvankar_WD2nZN]  [srujyhua7le0kbwv6qz2yzcqpznuptkb92dxcer1]  [5be2e400-7dbb-417d-b612-44702b0f7e80]  Added the event {
  event_type: 'LogCreated',
  logs: [
    {
      testFrameworkName: 'pytest',
      testFrameworkVersion: '9.0.2',
      testFrameworkState: 'INIT_TEST',
      timestamp: '2026-02-24T21:19:29.152Z',
      uuid: '1a8c5e8a-1351-4807-9f6d-1fb775d14a06',
      kind: 'TEST_LOG',
      message: 'Remote response: status=200 | data={"value":"<html lang=\\"es\\"><head><meta charset=\\"UTF-8\\"><meta name=\\"viewport\\" content=\\"width=device-width, initial-scale=1.0\\"><link rel=\\"preload\\" as=\\"image\\" imagesrcset=\\"https://imagenes.elpais.com/resizer/v2/U2FPW5IHSY5HUAYQGX5RXUAKQA.jpg?auth=a8563a915a055768778bab7dcce2b873f771cc5d7383df49ddb5ba9162f8dcd8&amp;width=414 414w,https://imagenes.elpais.com/resizer/v2/U2FPW5IHSY5HUAYQGX5RXUAKQA.jpg?auth=a8563a915a055768778bab7dcce2b873f771cc5d7383df49ddb5ba9162f8dcd8&amp;width=640 640w,https://imagenes.elpais.com/resizer/v2/U2FPW5IHSY5HUAYQGX5RXUAKQA.jpg?auth=a8563a915a055768778bab7dcce2b873f771cc5d7383df49ddb5ba9162f8dcd8&amp;width=1000 1000w,https://imagenes.elpais.com/resizer/v2/U2FPW5IHSY5HUAYQGX5RXUAKQA.jpg?auth=a8563a915a055768778bab7dcce2b873f771cc5d7383df49ddb5ba9162f8dcd8&amp;width=1200 1200w\\" imagesizes=\\"(min-width:1199px) 661px, (min-width:1001px) 54vw, (min-width:768px) 715px, 100vw\\"><script async=\\"\\" src=\\"https://c.amazon-adsystem.com/aax2/apstag.js\\"></script><link rel=\\"dns-prefetch\\"><link rel=\\"preconnect\\"><script src=\\"https://sdk.mrf.io/statics/marfeel-sdk.es5.js?id=2223\\" async=\\"\\" type=\\"text/javascript\\" nomodule=\\"\\"></script><script src=\\"https://sdk.mrf.io/statics/marfeel-sdk.js?id=2223\\" type=\\"module\\"></script><script id=\\"gfkS2s\\" async=\\"\\" type=\\"text/javascript\\" src=\\"https://ES-config.sensic.net/s2s-web.js\\"></script><script id=\\"spcloader\\" type=\\"text/javascript\\" async=\\"\\" src=\\"https://sdk.privacy-center.org/8ba38674-edba-484d-8053-435051d79f72/loader.js?target=elpais.com\\" charset=\\"utf-8\\"></script><script async=\\"\\" src=\\"https://news.google.com/swg/js/v1/swg-gaa.js\\"></script><script async=\\"\\" subscriptions-control=\\"manual\\" src=\\"https://news.google.com/swg/js/v1/swg.js\\"></script><script id=\\"dsq-count-scr\\" src=\\"https://el-pais-1.disqus.com/count.js\\" async=\\"\\"></script><script src=\\"https://accounts.google.com/gsi/client\\" async=\\"\\" defer=\\"\\"></script><link rel=\\"preconnect\\" href=\\"//static.elpais.com\\"><link rel=\\"preconnect\\" href=\\"//assets.adobedtm.com\\"><link rel=\\"preconnect\\" href=\\"//sdk.privacy-center.org\\"><link rel=\\"preload\\" href=\\"https://imagenes.elpais.com/resizer/v2/U2FPW5IHSY5HUAYQGX5RXUAKQA.jpg?auth=a8563a915a055768778bab7dcce2b873f771cc5d7383df49ddb5ba9162f8dcd8&amp;width=414\\" imagesrcset=\\"https://imagenes.elpais.com/resizer/v2/U2FPW5IHSY5HUAYQGX5RXUAKQA.jpg?auth=a8563a915a055768778bab7dcce2b873f771cc5d7383df49ddb5ba9162f8dcd8&amp;width=414 414w,https://imagenes.elpais.com/resizer/v2/U2FPW5IHSY5HUAYQGX5RXUAKQA.jpg?auth=a8563a915a055768778bab7dcce2b873f771cc5d7383df49ddb5ba9162f8dcd8&amp;width=640 640w,https://imagenes.elpais.com/resizer/v2/U2FPW5IHSY5HUAYQGX5RXUAKQA.jpg?auth=a8563a915a055768778bab7dcce2b873f771cc5d7383df49ddb5ba9162f8dcd8&amp;width=1000 1000w,https://imagenes.elpais.com/resizer/v2/U2FPW5IHSY5HUAYQGX5RXUAKQA.jpg?auth=a8563a915a055768778bab7dcce2b873f771cc5d7383df49ddb5ba9162f8dcd8&amp;width=1200 1200w\\" imagesizes=\\"(min-width:1199px) 661px, (min-width:1001px) 54vw, (min-width:768px) 715px, 100vw\\" as=\\"image\\" fetchpriority=\\"high\\"><link rel=\\"preload\\" href=\\"https://static.elpais.com/dist/resources/fonts/majrit/majrit-text/Majrit-Text-Roman.woff2\\" as=\\"font\\" type=\\"font/woff2\\" crossorigin=\\"\\"><link rel=\\"preload\\" href=\\"https://static.elpais.com/dist/resources/fonts/majrit/majrit-text/Majrit-Text-Black-Italic.woff2\\" as=\\"font\\" type=\\"font/woff2\\" crossorigin=\\"\\"><title>La conga de los pocholos | Opinión | EL PAÍS</title><meta name=\\"date\\" scheme=\\"W3CDTF\\" content=\\"2026-02-24T05:30:01+01:00\\"><meta name=\\"lang\\" content=\\"es\\"><meta name=\\"author\\" content=\\"Raquel Peláez\\"><meta name=\\"robots\\" content=\\"index,follow,max-image-preview:large\\"><meta name=\\"description\\" content=\\"La clave para ganar en cualquier carrera institucional es no soltarse en ningún momento\\"><meta name=\\"organization\\" content=\\"Ediciones EL PAÍS S.L.\\"><meta property=\\"article:publisher\\" content=\\"https://www.facebook.com/elpais\\"><meta property=\\"article:published_time\\" content=\\"2026-02-24T05:30:01+01:00\\"><meta property=\\"article:modified_time\\" content=\\"2026-02-24T05:30:01+01:00\\"><meta property=\\"og:title\\" content=\\"La conga de los pocholos\\"><meta property=\\"og:description\\" content=\\"La clave para ganar en cualquier carrera institucional es no soltarse en ningún momento\\"><meta property=\\"og:updated_time\\" content=\\"2026-02-24T05:30:01+01:00\\"><meta property=\\"og:image\\" content=\\"https://imagenes.elpais.com/resizer/v2/U2FPW5IHSY5HUAYQGX5RXUAKQA.jpg?auth=a8563a915a055768778bab7dcce2b873f771cc5d7383df49ddb5ba9162f8dcd8&amp;width=1200\\"><meta property=\\"og:image:width\\" content=\\"1200\\"><meta property=\\"og:image:height\\" content=\\"751\\"><meta property=\\"og:url\\" content=\\"https://elpais.com/opinion/2026-02-24/la-conga-de-los-pocholos.html\\"><meta property=\\"og:type\\" content=\\"article\\"><meta property=\\"og:site_name\\" content=\\"El País\\"><meta property=\\"fb:app_id\\" content=\\"94039431626\\"><meta property=\\"twitter:card\\" content=\\"summary_large_image\\"><meta property=\\"twitter:site\\" content=\\"@el_pais\\"><link rel=\\"canonical\\" href=\\"https://elpais.com/opinion/2026-02-24/la-conga-de-los-pocholos.html\\"><link rel=\\"amphtml\\" href=\\"https://elpais.com/opinion/2026-02-24/la-conga-de-los-pocholos.html?outputType=amp\\"><meta property=\\"article:section\\" content=\\"Opinión\\"><meta property=\\"article:tag\\" content=\\"Opinión\\"><meta property=\\"article:tag\\" content=\\"España\\"><meta property=\\"article:tag\\" content=\\"Política\\"><meta property=\\"article:tag\\" content=\\"Partidos políticos\\"><meta property=\\"article:tag\\" content=\\"Políticos\\"><meta property=\\"article:tag\\" content=\\"PP\\"><meta property=\\"article:tag\\" content=\\"PP Madrid\\"><meta property=\\"article:tag\\" content=\\"Comunidad de Madrid\\"><meta property=\\"article:tag\\" content=\\"Isabel Díaz Ayuso\\"><meta property=\\"article:tag\\" content=\\"Cristina Cifuentes\\"><meta property=\\"article:tag\\" content=\\"Esperanza Aguirre\\"><meta property=\\"article:tag\\" content=\\"Isabel Carrasco\\"><meta property=\\"article:tag\\" content=\\"Caso Carrasco\\"><meta property=\\"twitter:title\\" content=\\"La conga de los pocholos | Columna\\"><meta property=\\"og:article:publisher\\" content=\\"EL PAÍS\\"><meta property=\\"og:article:author\\" content=\\"Raquel Peláez\\"><meta name=\\"DC.date.issued\\" content=\\"2026-02-24T05:30:01+01:00\\"><meta property=\\"mrf:tags\\" content=\\"brandedContent:false;\\"><meta property=\\"fb:pages\\" content=\\"8585811569\\"><meta property=\\"news_keywords\\" content=\\"Opinión, España, Política, Partidos políticos, Políticos, PP, PP Madrid, Comunidad de Madrid, Isabel Díaz Ayuso, Cristina Cifuentes, Esperanza Aguirre, Isabel Carrasco, Caso Carrasco\\"><link rel=\\"alternate\\" href=\\"https://feeds.elpais.com/mrss-s/pages/ep/site/elpais.com/section/opinion/portada\\" type=\\"application/rss+xml\\" title=\\"RSS sobre Opinión\\"><link rel=\\"manifest\\" href=\\"/pf/resources/manifests/site.webmanifest?d=2381\\"><link rel=\\"icon\\" href=\\"https://static.elpais.com/dist/resources/images/favicon.ico\\" type=\\"image/x-icon\\"><link rel=\\"icon\\" href=\\"https://static.elpais.com/dist/resources/images/favicon_96.png\\" type=\\"image/png\\" sizes=\\"96x96\\"><link rel=\\"apple-touch-icon\\" sizes=\\"180x180\\" href=\\"https://static.elpais.com/dist/resources/images/apple-touch-icon.png\\"><script type=\\"application/javascript\\">window.ENP = {\\"globalContent\\":{\\"_id\\":\\"LEO72N5225ACDDGI3FQLOYBCPA\\",\\"website\\":\\"el-pais\\",\\"alertEnabled\\":true,\\"lotteryButtonEnabled\\":false,\\"chatbotDisabled\\":true,\\"subscribeLinkByIP\\":\\"https://elpais.com/suscripciones/america/#/campaign\\",\\"subscribeLink\\":\\"https://elpais.com/suscripciones/#/campaign\\",\\"subscribePremiumLink\\":{\\"default\\":\\"https://elpais.com/suscripciones/premium/upgrade/\\",\\"CA\\":\\"https://elpais.com/suscripciones/digital/premium/upgrade/eucan/\\",\\"US\\":\\"https://elpais.com/suscripciones/digital/premium/upgrade/eucan/\\"},\\"usunLoginUrl\\":\\"https://services.users.elpais.com/serviceLogin.html\\",\\"baseUrlApiGateway\\":\\"https://wdnf3ec6zb.execute-api.eu-west-1.amazonaws.com/PRO/api/\\",\\"serviceProductUrl\\":\\"https://services.users.elpais.com/serviceProduct.html\\",\\"newsGoogleScript\\":\\"https://news.google.com/swg/js/v1/swg.js\\",\\"secretPasswordServiceProduct\\":\\"&_&que_es_mi_barco$_$\\",\\"favoritesURL\\":\\"https://static.elpais.com/dist/resources/js/334f83a783d9964bffcb2080a770b0c8/ENP-favorites.js\\",\\"apiOrigin\\":\\"https://publicapi.elpais.com\\",\\"publicApi\\":\\"https://publicapi.elpais.com\\",\\"entitlements\\":{\\"basic\\":[2895115629259653],\\"premium\\":[2810938707754442]},\\"omitAds\\":false,\\"isArticle\\":true,\\"isPageWithLiveBlog\\":false,\\"isPageWithLes\\":false,\\"isScoreboardLive\\":false,\\"hasSportLive\\":false,\\"source_system\\":\\"composer\\",\\"canonicalUrl\\":\\"/opinion/2026-02-24/la-conga-de-los-pocholos.html\\",\\"alertsOption\\":{\\"enableAlert\\":true},\\"comments\\":{\\"display_comments\\":true},\\"sites\\":{\\"el-pais\\":{\\"socialLinks\\":{\\"facebook\\":\\"https://es-es.facebook.com/elpais/\\",\\"twitter\\":\\"https://twitter.com/el_pais\\",\\"youtube\\":\\"https://www.youtube.com/channel/UCnsvJeZO4RigQ898WdDNoBw\\",\\"wikipedia\\":\\"https://es.wikipedia.org/wiki/El_Pa%C3%ADs\\",\\"instagram\\":\\"https://www.instagram.com/el_pais/\\"},\\"twitterUsername\\":\\"el_pais\\",\\"siteLanguage\\":\\"es\\"},\\"el-pais-america\\":{\\"socialLinks\\":{\\"facebook\\":\\"https://www.facebook.com/elpaisamerica\\",\\"twitter\\":\\"https://twitter.com/elpais_america\\",\\"youtube\\":\\"https://www.youtube.com/user/elpaiscom\\",\\"wikipedia\\":\\"https://es.wikipedia.org/wiki/El_Pa%C3%ADs\\",\\"instagram\\":\\"https://www.instagram.com/elpaisamerica\\"},\\"twitterUsername\\":\\"elpais_america\\",\\"siteLanguage\\":\\"es\\"},\\"el-pais-mexico\\":{\\"socialLinks\\":{\\"facebook\\":\\"https://www.facebook.com/elpaismexico\\",\\"twitter\\":\\"https://twitter.com/elpaismexico\\",\\"youtube\\":\\"https://www.youtube.com/user/elpaiscom\\",\\"wikipedia\\":\\"https://es.wikipedia.org/wiki/El_Pa%C3%ADs\\",\\"instagram\\":\\"https://www.ins'... 562925 more characters,
      level: 'DEBUG',
      test_run_uuid: '1a8c5e8a-1351-4807-9f6d-1fb775d14a06'
    }
  ]
} to 28529:0
2026-02-24T21:19:50.159Z CLI info [testhub:request-queue-handler]  [vedantvankar_WD2nZN]  [srujyhua7le0kbwv6qz2yzcqpznuptkb92dxcer1]  [5be2e400-7dbb-417d-b612-44702b0f7e80]  Added the event {
  event_type: 'LogCreated',
  logs: [
    {
      testFrameworkName: 'pytest',
      testFrameworkVersion: '9.0.2',
      testFrameworkState: 'INIT_TEST',
      timestamp: '2026-02-24T21:19:29.167Z',
      uuid: '1a8c5e8a-1351-4807-9f6d-1fb775d14a06',
      kind: 'TEST_LOG',
      message: 'Finished Request',
      level: 'DEBUG',
      test_run_uuid: '1a8c5e8a-1351-4807-9f6d-1fb775d14a06'
    }
  ]
} to 28529:0
2026-02-24T21:19:50.160Z CLI info [testhub:request-queue-handler]  [vedantvankar_WD2nZN]  [srujyhua7le0kbwv6qz2yzcqpznuptkb92dxcer1]  [5be2e400-7dbb-417d-b612-44702b0f7e80]  Added the event {
  event_type: 'LogCreated',
  logs: [
    {
      testFrameworkName: 'pytest',
      testFrameworkVersion: '9.0.2',
      testFrameworkState: 'INIT_TEST',
      timestamp: '2026-02-24T21:19:29.238Z',
      uuid: '1a8c5e8a-1351-4807-9f6d-1fb775d14a06',
      kind: 'TEST_LOG',
      message: 'Starting new HTTPS connection (1): imagenes.elpais.com:443',
      level: 'DEBUG',
      test_run_uuid: '1a8c5e8a-1351-4807-9f6d-1fb775d14a06'
    }
  ]
} to 28529:0
2026-02-24T21:19:50.160Z CLI info [testhub:request-queue-handler]  [vedantvankar_WD2nZN]  [srujyhua7le0kbwv6qz2yzcqpznuptkb92dxcer1]  [5be2e400-7dbb-417d-b612-44702b0f7e80]  Added the event {
  event_type: 'LogCreated',
  logs: [
    {
      testFrameworkName: 'pytest',
      testFrameworkVersion: '9.0.2',
      testFrameworkState: 'INIT_TEST',
      timestamp: '2026-02-24T21:19:29.715Z',
      uuid: '1a8c5e8a-1351-4807-9f6d-1fb775d14a06',
      kind: 'TEST_LOG',
      message: 'https://imagenes.elpais.com:443 "GET /resizer/v2/U2FPW5IHSY5HUAYQGX5RXUAKQA.jpg?auth=a8563a915a055768778bab7dcce2b873f771cc5d7383df49ddb5ba9162f8dcd8&width=1200 HTTP/1.1" 200 91233',
      level: 'DEBUG',
      test_run_uuid: '1a8c5e8a-1351-4807-9f6d-1fb775d14a06'
    }
  ]
} to 28529:0
2026-02-24T21:19:50.160Z CLI info [testhub:request-queue-handler]  [vedantvankar_WD2nZN]  [srujyhua7le0kbwv6qz2yzcqpznuptkb92dxcer1]  [5be2e400-7dbb-417d-b612-44702b0f7e80]  Added the event {
  event_type: 'LogCreated',
  logs: [
    {
      testFrameworkName: 'pytest',
      testFrameworkVersion: '9.0.2',
      testFrameworkState: 'INIT_TEST',
      timestamp: '2026-02-24T21:19:29.798Z',
      uuid: '1a8c5e8a-1351-4807-9f6d-1fb775d14a06',
      kind: 'TEST_LOG',
      message: "POST https://hub-aps.browserstack.com/wd/hub/session/63e3b797c5e92f05d2ff1c18abb3ab73a8ee8792/url {'url': 'https://elpais.com/opinion/2026-02-24/riki-blanco-prohibido.html'}",
      level: 'DEBUG',
      test_run_uuid: '1a8c5e8a-1351-4807-9f6d-1fb775d14a06'
    }
  ]
} to 28529:0
2026-02-24T21:19:50.161Z CLI info [testhub:request-queue-handler]  [vedantvankar_WD2nZN]  [srujyhua7le0kbwv6qz2yzcqpznuptkb92dxcer1]  [5be2e400-7dbb-417d-b612-44702b0f7e80]  Added the event {
  event_type: 'LogCreated',
  logs: [
    {
      testFrameworkName: 'pytest',
      testFrameworkVersion: '9.0.2',
      testFrameworkState: 'INIT_TEST',
      timestamp: '2026-02-24T21:19:31.434Z',
      uuid: '1a8c5e8a-1351-4807-9f6d-1fb775d14a06',
      kind: 'TEST_LOG',
      message: 'https://hub-aps.browserstack.com:443 "POST /wd/hub/session/63e3b797c5e92f05d2ff1c18abb3ab73a8ee8792/url HTTP/1.1" 200 0',
      level: 'DEBUG',
      test_run_uuid: '1a8c5e8a-1351-4807-9f6d-1fb775d14a06'
    }
  ]
} to 28529:0
2026-02-24T21:19:50.161Z CLI info [testhub:request-queue-handler]  [vedantvankar_WD2nZN]  [srujyhua7le0kbwv6qz2yzcqpznuptkb92dxcer1]  [5be2e400-7dbb-417d-b612-44702b0f7e80]  Added the event {
  event_type: 'LogCreated',
  logs: [
    {
      testFrameworkName: 'pytest',
      testFrameworkVersion: '9.0.2',
      testFrameworkState: 'INIT_TEST',
      timestamp: '2026-02-24T21:19:31.435Z',
      uuid: '1a8c5e8a-1351-4807-9f6d-1fb775d14a06',
      kind: 'TEST_LOG',
      message: `Remote response: status=200 | data={"value":null} | headers=HTTPHeaderDict({'Server': 'nginx', 'Date': 'Tue, 24 Feb 2026 21:19:31 GMT', 'Content-Type': 'application/json; charset=utf-8', 'Content-Length': '14', 'Connection': 'keep-alive', 'Source-From': '02', 'x-powered-by': 'Express', 'vary': 'X-HTTP-Method-Override', 'etag': 'W/"e-9/1BuKMgFObM1mWJm+YjxtXJnUM"'})`,
      level: 'DEBUG',
      test_run_uuid: '1a8c5e8a-1351-4807-9f6d-1fb775d14a06'
    }
  ]
} to 28529:0
2026-02-24T21:19:50.161Z CLI info [testhub:request-queue-handler]  [vedantvankar_WD2nZN]  [srujyhua7le0kbwv6qz2yzcqpznuptkb92dxcer1]  [5be2e400-7dbb-417d-b612-44702b0f7e80]  Added the event {
  event_type: 'LogCreated',
  logs: [
    {
      testFrameworkName: 'pytest',
      testFrameworkVersion: '9.0.2',
      testFrameworkState: 'INIT_TEST',
      timestamp: '2026-02-24T21:19:31.436Z',
      uuid: '1a8c5e8a-1351-4807-9f6d-1fb775d14a06',
      kind: 'TEST_LOG',
      message: 'Finished Request',
      level: 'DEBUG',
      test_run_uuid: '1a8c5e8a-1351-4807-9f6d-1fb775d14a06'
    }
  ]
} to 28529:0
2026-02-24T21:19:50.161Z CLI info [testhub:request-queue-handler]  [vedantvankar_WD2nZN]  [srujyhua7le0kbwv6qz2yzcqpznuptkb92dxcer1]  [5be2e400-7dbb-417d-b612-44702b0f7e80]  Added the event {
  event_type: 'LogCreated',
  logs: [
    {
      testFrameworkName: 'pytest',
      testFrameworkVersion: '9.0.2',
      testFrameworkState: 'INIT_TEST',
      timestamp: '2026-02-24T21:19:35.438Z',
      uuid: '1a8c5e8a-1351-4807-9f6d-1fb775d14a06',
      kind: 'TEST_LOG',
      message: 'GET https://hub-aps.browserstack.com/wd/hub/session/63e3b797c5e92f05d2ff1c18abb3ab73a8ee8792/source {}',
      level: 'DEBUG',
      test_run_uuid: '1a8c5e8a-1351-4807-9f6d-1fb775d14a06'
    }
  ]
} to 28529:0
2026-02-24T21:19:50.161Z CLI info [testhub:request-queue-handler]  [vedantvankar_WD2nZN]  [srujyhua7le0kbwv6qz2yzcqpznuptkb92dxcer1]  [5be2e400-7dbb-417d-b612-44702b0f7e80]  Added the event {
  event_type: 'LogCreated',
  logs: [
    {
      testFrameworkName: 'pytest',
      testFrameworkVersion: '9.0.2',
      testFrameworkState: 'INIT_TEST',
      timestamp: '2026-02-24T21:19:36.064Z',
      uuid: '1a8c5e8a-1351-4807-9f6d-1fb775d14a06',
      kind: 'TEST_LOG',
      message: 'https://hub-aps.browserstack.com:443 "GET /wd/hub/session/63e3b797c5e92f05d2ff1c18abb3ab73a8ee8792/source HTTP/1.1" 200 0',
      level: 'DEBUG',
      test_run_uuid: '1a8c5e8a-1351-4807-9f6d-1fb775d14a06'
    }
  ]
} to 28529:0
2026-02-24T21:19:50.162Z CLI info [testhub:request-queue-handler]  [vedantvankar_WD2nZN]  [srujyhua7le0kbwv6qz2yzcqpznuptkb92dxcer1]  [5be2e400-7dbb-417d-b612-44702b0f7e80]  Added the event {
  event_type: 'LogCreated',
  logs: [
    {
      testFrameworkName: 'pytest',
      testFrameworkVersion: '9.0.2',
      testFrameworkState: 'INIT_TEST',
      timestamp: '2026-02-24T21:19:36.065Z',
      uuid: '1a8c5e8a-1351-4807-9f6d-1fb775d14a06',
      kind: 'TEST_LOG',
      message: 'Remote response: status=200 | data={"value":"<html lang=\\"es\\"><head><meta charset=\\"UTF-8\\"><meta name=\\"viewport\\" content=\\"width=device-width, initial-scale=1.0\\"><link rel=\\"preload\\" as=\\"image\\" imagesrcset=\\"https://imagenes.elpais.com/resizer/v2/JLQ7MEGN6FCITJWOJMZG5ZVZYY.jpg?auth=5ce8d349f5435d611ee9d6d77f62bcca6d49606df71fdf6c658f46f05021020b&amp;width=414 414w,https://imagenes.elpais.com/resizer/v2/JLQ7MEGN6FCITJWOJMZG5ZVZYY.jpg?auth=5ce8d349f5435d611ee9d6d77f62bcca6d49606df71fdf6c658f46f05021020b&amp;width=640 640w,https://imagenes.elpais.com/resizer/v2/JLQ7MEGN6FCITJWOJMZG5ZVZYY.jpg?auth=5ce8d349f5435d611ee9d6d77f62bcca6d49606df71fdf6c658f46f05021020b&amp;width=1000 1000w,https://imagenes.elpais.com/resizer/v2/JLQ7MEGN6FCITJWOJMZG5ZVZYY.jpg?auth=5ce8d349f5435d611ee9d6d77f62bcca6d49606df71fdf6c658f46f05021020b&amp;width=1200 1200w\\" imagesizes=\\"(min-width:1199px) 661px, (min-width:1001px) 54vw, (min-width:768px) 715px, 100vw\\"><script async=\\"\\" src=\\"https://c.amazon-adsystem.com/aax2/apstag.js\\"></script><link rel=\\"dns-prefetch\\"><link rel=\\"preconnect\\"><script src=\\"https://sdk.mrf.io/statics/marfeel-sdk.es5.js?id=2223\\" async=\\"\\" type=\\"text/javascript\\" nomodule=\\"\\"></script><script src=\\"https://sdk.mrf.io/statics/marfeel-sdk.js?id=2223\\" type=\\"module\\"></script><script id=\\"gfkS2s\\" async=\\"\\" type=\\"text/javascript\\" src=\\"https://ES-config.sensic.net/s2s-web.js\\"></script><script id=\\"spcloader\\" type=\\"text/javascript\\" async=\\"\\" src=\\"https://sdk.privacy-center.org/8ba38674-edba-484d-8053-435051d79f72/loader.js?target=elpais.com\\" charset=\\"utf-8\\"></script><script async=\\"\\" src=\\"https://news.google.com/swg/js/v1/swg-gaa.js\\"></script><script async=\\"\\" subscriptions-control=\\"manual\\" src=\\"https://news.google.com/swg/js/v1/swg.js\\"></script><script id=\\"dsq-count-scr\\" src=\\"https://el-pais-1.disqus.com/count.js\\" async=\\"\\"></script><script src=\\"https://accounts.google.com/gsi/client\\" async=\\"\\" defer=\\"\\"></script><link rel=\\"preconnect\\" href=\\"//static.elpais.com\\"><link rel=\\"preconnect\\" href=\\"//assets.adobedtm.com\\"><link rel=\\"preconnect\\" href=\\"//sdk.privacy-center.org\\"><link rel=\\"preload\\" href=\\"https://imagenes.elpais.com/resizer/v2/JLQ7MEGN6FCITJWOJMZG5ZVZYY.jpg?auth=5ce8d349f5435d611ee9d6d77f62bcca6d49606df71fdf6c658f46f05021020b&amp;width=414\\" imagesrcset=\\"https://imagenes.elpais.com/resizer/v2/JLQ7MEGN6FCITJWOJMZG5ZVZYY.jpg?auth=5ce8d349f5435d611ee9d6d77f62bcca6d49606df71fdf6c658f46f05021020b&amp;width=414 414w,https://imagenes.elpais.com/resizer/v2/JLQ7MEGN6FCITJWOJMZG5ZVZYY.jpg?auth=5ce8d349f5435d611ee9d6d77f62bcca6d49606df71fdf6c658f46f05021020b&amp;width=640 640w,https://imagenes.elpais.com/resizer/v2/JLQ7MEGN6FCITJWOJMZG5ZVZYY.jpg?auth=5ce8d349f5435d611ee9d6d77f62bcca6d49606df71fdf6c658f46f05021020b&amp;width=1000 1000w,https://imagenes.elpais.com/resizer/v2/JLQ7MEGN6FCITJWOJMZG5ZVZYY.jpg?auth=5ce8d349f5435d611ee9d6d77f62bcca6d49606df71fdf6c658f46f05021020b&amp;width=1200 1200w\\" imagesizes=\\"(min-width:1199px) 661px, (min-width:1001px) 54vw, (min-width:768px) 715px, 100vw\\" as=\\"image\\" fetchpriority=\\"high\\"><link rel=\\"preload\\" href=\\"https://static.elpais.com/dist/resources/fonts/majrit/majrit-text/Majrit-Text-Roman.woff2\\" as=\\"font\\" type=\\"font/woff2\\" crossorigin=\\"\\"><link rel=\\"preload\\" href=\\"https://static.elpais.com/dist/resources/fonts/majrit/majrit-text/Majrit-Text-Black-Italic.woff2\\" as=\\"font\\" type=\\"font/woff2\\" crossorigin=\\"\\"><title>Riki Blanco: prohibido | Opinión | EL PAÍS</title><meta name=\\"date\\" scheme=\\"W3CDTF\\" content=\\"2026-02-24T05:45:01+01:00\\"><meta name=\\"lang\\" content=\\"es\\"><meta name=\\"author\\" content=\\"Riki Blanco\\"><meta name=\\"robots\\" content=\\"index,follow,max-image-preview:large\\"><meta name=\\"description\\" content=\\"Viñeta del 24 de febrero de 2026\\"><meta name=\\"organization\\" content=\\"Ediciones EL PAÍS S.L.\\"><meta property=\\"article:publisher\\" content=\\"https://www.facebook.com/elpais\\"><meta property=\\"article:published_time\\" content=\\"2026-02-24T05:45:01+01:00\\"><meta property=\\"article:modified_time\\" content=\\"2026-02-24T05:45:01+01:00\\"><meta property=\\"og:title\\" content=\\"Riki Blanco: prohibido\\"><meta property=\\"og:description\\" content=\\"Viñeta del 24 de febrero de 2026\\"><meta property=\\"og:updated_time\\" content=\\"2026-02-24T05:45:01+01:00\\"><meta property=\\"og:image\\" content=\\"https://imagenes.elpais.com/resizer/v2/JLQ7MEGN6FCITJWOJMZG5ZVZYY.jpg?auth=5ce8d349f5435d611ee9d6d77f62bcca6d49606df71fdf6c658f46f05021020b&amp;width=1200\\"><meta property=\\"og:image:width\\" content=\\"1200\\"><meta property=\\"og:image:height\\" content=\\"1070\\"><meta property=\\"og:url\\" content=\\"https://elpais.com/opinion/2026-02-24/riki-blanco-prohibido.html\\"><meta property=\\"og:type\\" content=\\"article\\"><meta property=\\"og:site_name\\" content=\\"El País\\"><meta property=\\"fb:app_id\\" content=\\"94039431626\\"><meta property=\\"twitter:card\\" content=\\"summary_large_image\\"><meta property=\\"twitter:site\\" content=\\"@el_pais\\"><link rel=\\"canonical\\" href=\\"https://elpais.com/opinion/2026-02-24/riki-blanco-prohibido.html\\"><link rel=\\"amphtml\\" href=\\"https://elpais.com/opinion/2026-02-24/riki-blanco-prohibido.html?outputType=amp\\"><meta property=\\"article:section\\" content=\\"Opinión\\"><meta property=\\"article:tag\\" content=\\"Opinión\\"><meta property=\\"article:tag\\" content=\\"Viñetas\\"><meta property=\\"article:tag\\" content=\\"Humor gráfico\\"><meta property=\\"twitter:title\\" content=\\"Riki Blanco: prohibido\\"><meta property=\\"og:article:publisher\\" content=\\"EL PAÍS\\"><meta property=\\"og:article:author\\" content=\\"Riki Blanco\\"><meta name=\\"DC.date.issued\\" content=\\"2026-02-24T05:45:01+01:00\\"><meta property=\\"mrf:tags\\" content=\\"brandedContent:false;\\"><meta property=\\"fb:pages\\" content=\\"8585811569\\"><meta property=\\"news_keywords\\" content=\\"Opinión, Viñetas, Humor gráfico\\"><link rel=\\"alternate\\" href=\\"https://feeds.elpais.com/mrss-s/pages/ep/site/elpais.com/section/opinion/portada\\" type=\\"application/rss+xml\\" title=\\"RSS sobre Opinión\\"><link rel=\\"manifest\\" href=\\"/pf/resources/manifests/site.webmanifest?d=2381\\"><link rel=\\"icon\\" href=\\"https://static.elpais.com/dist/resources/images/favicon.ico\\" type=\\"image/x-icon\\"><link rel=\\"icon\\" href=\\"https://static.elpais.com/dist/resources/images/favicon_96.png\\" type=\\"image/png\\" sizes=\\"96x96\\"><link rel=\\"apple-touch-icon\\" sizes=\\"180x180\\" href=\\"https://static.elpais.com/dist/resources/images/apple-touch-icon.png\\"><script type=\\"application/javascript\\">window.ENP = {\\"globalContent\\":{\\"_id\\":\\"5NV3EFA42BEC7GMBX3UKIRB47I\\",\\"website\\":\\"el-pais\\",\\"alertEnabled\\":true,\\"lotteryButtonEnabled\\":false,\\"chatbotDisabled\\":true,\\"subscribeLinkByIP\\":\\"https://elpais.com/suscripciones/america/#/campaign\\",\\"subscribeLink\\":\\"https://elpais.com/suscripciones/#/campaign\\",\\"subscribePremiumLink\\":{\\"default\\":\\"https://elpais.com/suscripciones/premium/upgrade/\\",\\"CA\\":\\"https://elpais.com/suscripciones/digital/premium/upgrade/eucan/\\",\\"US\\":\\"https://elpais.com/suscripciones/digital/premium/upgrade/eucan/\\"},\\"usunLoginUrl\\":\\"https://services.users.elpais.com/serviceLogin.html\\",\\"baseUrlApiGateway\\":\\"https://wdnf3ec6zb.execute-api.eu-west-1.amazonaws.com/PRO/api/\\",\\"serviceProductUrl\\":\\"https://services.users.elpais.com/serviceProduct.html\\",\\"newsGoogleScript\\":\\"https://news.google.com/swg/js/v1/swg.js\\",\\"secretPasswordServiceProduct\\":\\"&_&que_es_mi_barco$_$\\",\\"favoritesURL\\":\\"https://static.elpais.com/dist/resources/js/334f83a783d9964bffcb2080a770b0c8/ENP-favorites.js\\",\\"apiOrigin\\":\\"https://publicapi.elpais.com\\",\\"publicApi\\":\\"https://publicapi.elpais.com\\",\\"entitlements\\":{\\"basic\\":[2895115629259653],\\"premium\\":[2810938707754442]},\\"omitAds\\":false,\\"isArticle\\":true,\\"isPageWithLiveBlog\\":false,\\"isPageWithLes\\":false,\\"isScoreboardLive\\":false,\\"hasSportLive\\":false,\\"source_system\\":\\"composer\\",\\"canonicalUrl\\":\\"/opinion/2026-02-24/riki-blanco-prohibido.html\\",\\"alertsOption\\":{\\"enableAlert\\":true},\\"comments\\":{\\"display_comments\\":true},\\"sites\\":{\\"el-pais\\":{\\"socialLinks\\":{\\"facebook\\":\\"https://es-es.facebook.com/elpais/\\",\\"twitter\\":\\"https://twitter.com/el_pais\\",\\"youtube\\":\\"https://www.youtube.com/channel/UCnsvJeZO4RigQ898WdDNoBw\\",\\"wikipedia\\":\\"https://es.wikipedia.org/wiki/El_Pa%C3%ADs\\",\\"instagram\\":\\"https://www.instagram.com/el_pais/\\"},\\"twitterUsername\\":\\"el_pais\\",\\"siteLanguage\\":\\"es\\"},\\"el-pais-america\\":{\\"socialLinks\\":{\\"facebook\\":\\"https://www.facebook.com/elpaisamerica\\",\\"twitter\\":\\"https://twitter.com/elpais_america\\",\\"youtube\\":\\"https://www.youtube.com/user/elpaiscom\\",\\"wikipedia\\":\\"https://es.wikipedia.org/wiki/El_Pa%C3%ADs\\",\\"instagram\\":\\"https://www.instagram.com/elpaisamerica\\"},\\"twitterUsername\\":\\"elpais_america\\",\\"siteLanguage\\":\\"es\\"},\\"el-pais-mexico\\":{\\"socialLinks\\":{\\"facebook\\":\\"https://www.facebook.com/elpaismexico\\",\\"twitter\\":\\"https://twitter.com/elpaismexico\\",\\"youtube\\":\\"https://www.youtube.com/user/elpaiscom\\",\\"wikipedia\\":\\"https://es.wikipedia.org/wiki/El_Pa%C3%ADs\\",\\"instagram\\":\\"https://www.instagram.com/elpaismexico\\"},\\"twitterUsername\\":\\"elpaismexico\\",\\"siteLanguage\\":\\"es\\"},\\"el-pais-colombia\\":{\\"socialLinks\\":{\\"facebook\\":\\"https://www.facebook.com/elpaisamericacolombia\\",\\"twitter\\":\\"https://twitter.com/ElPaisAmericaCo\\",\\"youtube\\":\\"https://www.youtube.com/user/elpaiscom\\",\\"wikipedia\\":\\"https://es.wikipedia.org/wiki/El_Pa%C3%ADs\\",\\"instagram\\":\\"https://www.instagram.com/elpaisamericacolombia\\"},\\"twitterUsername\\":\\"elpaisamericaco\\",\\"siteLanguage\\":\\"es\\"},\\"el-pais-argentina\\":{\\"socialLinks\\":{\\"facebook\\":\\"https://www.facebook.com/elpaisamerica\\",\\"twitter\\":\\"https://twitter.com/elpais_america\\",\\"youtube\\":\\"https://www.youtube.com/user/elpaiscom\\",\\"wikipedia\\":\\"https://es.wikipedia.org/wiki/El_Pa%C3%ADs\\",\\"instagram\\":\\"https://www.instagram.com/elpaisamerica/\\"},\\"twitterUsername\\":\\"el_pais\\",\\"siteLanguage\\"'... 463029 more characters,
      level: 'DEBUG',
      test_run_uuid: '1a8c5e8a-1351-4807-9f6d-1fb775d14a06'
    }
  ]
} to 28529:0
2026-02-24T21:19:50.162Z CLI info [testhub:request-queue-handler]  [vedantvankar_WD2nZN]  [srujyhua7le0kbwv6qz2yzcqpznuptkb92dxcer1]  [5be2e400-7dbb-417d-b612-44702b0f7e80]  Added the event {
  event_type: 'LogCreated',
  logs: [
    {
      testFrameworkName: 'pytest',
      testFrameworkVersion: '9.0.2',
      testFrameworkState: 'INIT_TEST',
      timestamp: '2026-02-24T21:19:36.075Z',
      uuid: '1a8c5e8a-1351-4807-9f6d-1fb775d14a06',
      kind: 'TEST_LOG',
      message: 'Finished Request',
      level: 'DEBUG',
      test_run_uuid: '1a8c5e8a-1351-4807-9f6d-1fb775d14a06'
    }
  ]
} to 28529:0
2026-02-24T21:19:50.162Z CLI info [testhub:request-queue-handler]  [vedantvankar_WD2nZN]  [srujyhua7le0kbwv6qz2yzcqpznuptkb92dxcer1]  [5be2e400-7dbb-417d-b612-44702b0f7e80]  Added the event {
  event_type: 'LogCreated',
  logs: [
    {
      testFrameworkName: 'pytest',
      testFrameworkVersion: '9.0.2',
      testFrameworkState: 'INIT_TEST',
      timestamp: '2026-02-24T21:19:36.127Z',
      uuid: '1a8c5e8a-1351-4807-9f6d-1fb775d14a06',
      kind: 'TEST_LOG',
      message: 'Starting new HTTPS connection (1): imagenes.elpais.com:443',
      level: 'DEBUG',
      test_run_uuid: '1a8c5e8a-1351-4807-9f6d-1fb775d14a06'
    }
  ]
} to 28529:0
2026-02-24T21:19:50.163Z CLI info [testhub:request-queue-handler]  [vedantvankar_WD2nZN]  [srujyhua7le0kbwv6qz2yzcqpznuptkb92dxcer1]  [5be2e400-7dbb-417d-b612-44702b0f7e80]  Added the event {
  event_type: 'LogCreated',
  logs: [
    {
      testFrameworkName: 'pytest',
      testFrameworkVersion: '9.0.2',
      testFrameworkState: 'INIT_TEST',
      timestamp: '2026-02-24T21:19:36.420Z',
      uuid: '1a8c5e8a-1351-4807-9f6d-1fb775d14a06',
      kind: 'TEST_LOG',
      message: 'https://imagenes.elpais.com:443 "GET /resizer/v2/JLQ7MEGN6FCITJWOJMZG5ZVZYY.jpg?auth=5ce8d349f5435d611ee9d6d77f62bcca6d49606df71fdf6c658f46f05021020b&width=1200 HTTP/1.1" 200 210644',
      level: 'DEBUG',
      test_run_uuid: '1a8c5e8a-1351-4807-9f6d-1fb775d14a06'
    }
  ]
} to 28529:0
2026-02-24T21:19:50.163Z CLI info [testhub:request-queue-handler]  [vedantvankar_WD2nZN]  [srujyhua7le0kbwv6qz2yzcqpznuptkb92dxcer1]  [5be2e400-7dbb-417d-b612-44702b0f7e80]  Added the event {
  event_type: 'LogCreated',
  logs: [
    {
      testFrameworkName: 'pytest',
      testFrameworkVersion: '9.0.2',
      testFrameworkState: 'INIT_TEST',
      timestamp: '2026-02-24T21:19:36.563Z',
      uuid: '1a8c5e8a-1351-4807-9f6d-1fb775d14a06',
      kind: 'TEST_LOG',
      message: "POST https://hub-aps.browserstack.com/wd/hub/session/63e3b797c5e92f05d2ff1c18abb3ab73a8ee8792/url {'url': 'https://elpais.com/opinion/2026-02-24/desconectados-del-mundo.html'}",
      level: 'DEBUG',
      test_run_uuid: '1a8c5e8a-1351-4807-9f6d-1fb775d14a06'
    }
  ]
} to 28529:0
2026-02-24T21:19:50.163Z CLI info [testhub:request-queue-handler]  [vedantvankar_WD2nZN]  [srujyhua7le0kbwv6qz2yzcqpznuptkb92dxcer1]  [5be2e400-7dbb-417d-b612-44702b0f7e80]  Added the event {
  event_type: 'LogCreated',
  logs: [
    {
      testFrameworkName: 'pytest',
      testFrameworkVersion: '9.0.2',
      testFrameworkState: 'INIT_TEST',
      timestamp: '2026-02-24T21:19:38.750Z',
      uuid: '1a8c5e8a-1351-4807-9f6d-1fb775d14a06',
      kind: 'TEST_LOG',
      message: 'https://hub-aps.browserstack.com:443 "POST /wd/hub/session/63e3b797c5e92f05d2ff1c18abb3ab73a8ee8792/url HTTP/1.1" 200 0',
      level: 'DEBUG',
      test_run_uuid: '1a8c5e8a-1351-4807-9f6d-1fb775d14a06'
    }
  ]
} to 28529:0
2026-02-24T21:19:50.163Z CLI info [testhub:request-queue-handler]  [vedantvankar_WD2nZN]  [srujyhua7le0kbwv6qz2yzcqpznuptkb92dxcer1]  [5be2e400-7dbb-417d-b612-44702b0f7e80]  Added the event {
  event_type: 'LogCreated',
  logs: [
    {
      testFrameworkName: 'pytest',
      testFrameworkVersion: '9.0.2',
      testFrameworkState: 'INIT_TEST',
      timestamp: '2026-02-24T21:19:38.750Z',
      uuid: '1a8c5e8a-1351-4807-9f6d-1fb775d14a06',
      kind: 'TEST_LOG',
      message: `Remote response: status=200 | data={"value":null} | headers=HTTPHeaderDict({'Server': 'nginx', 'Date': 'Tue, 24 Feb 2026 21:19:38 GMT', 'Content-Type': 'application/json; charset=utf-8', 'Content-Length': '14', 'Connection': 'keep-alive', 'Source-From': '02', 'x-powered-by': 'Express', 'vary': 'X-HTTP-Method-Override', 'etag': 'W/"e-9/1BuKMgFObM1mWJm+YjxtXJnUM"'})`,
      level: 'DEBUG',
      test_run_uuid: '1a8c5e8a-1351-4807-9f6d-1fb775d14a06'
    }
  ]
} to 28529:0
2026-02-24T21:19:50.163Z CLI info [testhub:request-queue-handler]  [vedantvankar_WD2nZN]  [srujyhua7le0kbwv6qz2yzcqpznuptkb92dxcer1]  [5be2e400-7dbb-417d-b612-44702b0f7e80]  Added the event {
  event_type: 'LogCreated',
  logs: [
    {
      testFrameworkName: 'pytest',
      testFrameworkVersion: '9.0.2',
      testFrameworkState: 'INIT_TEST',
      timestamp: '2026-02-24T21:19:38.751Z',
      uuid: '1a8c5e8a-1351-4807-9f6d-1fb775d14a06',
      kind: 'TEST_LOG',
      message: 'Finished Request',
      level: 'DEBUG',
      test_run_uuid: '1a8c5e8a-1351-4807-9f6d-1fb775d14a06'
    }
  ]
} to 28529:0
2026-02-24T21:19:50.163Z CLI info [testhub:request-queue-handler]  [vedantvankar_WD2nZN]  [srujyhua7le0kbwv6qz2yzcqpznuptkb92dxcer1]  [5be2e400-7dbb-417d-b612-44702b0f7e80]  Added the event {
  event_type: 'LogCreated',
  logs: [
    {
      testFrameworkName: 'pytest',
      testFrameworkVersion: '9.0.2',
      testFrameworkState: 'INIT_TEST',
      timestamp: '2026-02-24T21:19:42.753Z',
      uuid: '1a8c5e8a-1351-4807-9f6d-1fb775d14a06',
      kind: 'TEST_LOG',
      message: 'GET https://hub-aps.browserstack.com/wd/hub/session/63e3b797c5e92f05d2ff1c18abb3ab73a8ee8792/source {}',
      level: 'DEBUG',
      test_run_uuid: '1a8c5e8a-1351-4807-9f6d-1fb775d14a06'
    }
  ]
} to 28529:0
2026-02-24T21:19:50.163Z CLI info [testhub:request-queue-handler]  [vedantvankar_WD2nZN]  [srujyhua7le0kbwv6qz2yzcqpznuptkb92dxcer1]  [5be2e400-7dbb-417d-b612-44702b0f7e80]  Added the event {
  event_type: 'LogCreated',
  logs: [
    {
      testFrameworkName: 'pytest',
      testFrameworkVersion: '9.0.2',
      testFrameworkState: 'INIT_TEST',
      timestamp: '2026-02-24T21:19:43.582Z',
      uuid: '1a8c5e8a-1351-4807-9f6d-1fb775d14a06',
      kind: 'TEST_LOG',
      message: 'https://hub-aps.browserstack.com:443 "GET /wd/hub/session/63e3b797c5e92f05d2ff1c18abb3ab73a8ee8792/source HTTP/1.1" 200 0',
      level: 'DEBUG',
      test_run_uuid: '1a8c5e8a-1351-4807-9f6d-1fb775d14a06'
    }
  ]
} to 28529:0
2026-02-24T21:19:50.174Z CLI info [testhub:request-queue-handler]  [vedantvankar_WD2nZN]  [srujyhua7le0kbwv6qz2yzcqpznuptkb92dxcer1]  [5be2e400-7dbb-417d-b612-44702b0f7e80]  Added the event {
  event_type: 'LogCreated',
  logs: [
    {
      testFrameworkName: 'pytest',
      testFrameworkVersion: '9.0.2',
      testFrameworkState: 'INIT_TEST',
      timestamp: '2026-02-24T21:19:43.585Z',
      uuid: '1a8c5e8a-1351-4807-9f6d-1fb775d14a06',
      kind: 'TEST_LOG',
      message: 'Remote response: status=200 | data={"value":"<html lang=\\"es\\"><head><meta charset=\\"UTF-8\\"><meta name=\\"viewport\\" content=\\"width=device-width, initial-scale=1.0\\"><link rel=\\"preload\\" as=\\"image\\" imagesrcset=\\"https://imagenes.elpais.com/resizer/v2/PIFW5CNFI5E6BMYOTFTQC5ZRCA.jpg?auth=c6474bcd191b4dcb7ef010e12f20ef5908b7554264b459f45f83cca5595fe517&amp;width=414 414w,https://imagenes.elpais.com/resizer/v2/PIFW5CNFI5E6BMYOTFTQC5ZRCA.jpg?auth=c6474bcd191b4dcb7ef010e12f20ef5908b7554264b459f45f83cca5595fe517&amp;width=640 640w,https://imagenes.elpais.com/resizer/v2/PIFW5CNFI5E6BMYOTFTQC5ZRCA.jpg?auth=c6474bcd191b4dcb7ef010e12f20ef5908b7554264b459f45f83cca5595fe517&amp;width=1000 1000w,https://imagenes.elpais.com/resizer/v2/PIFW5CNFI5E6BMYOTFTQC5ZRCA.jpg?auth=c6474bcd191b4dcb7ef010e12f20ef5908b7554264b459f45f83cca5595fe517&amp;width=1200 1200w\\" imagesizes=\\"(min-width:1199px) 661px, (min-width:1001px) 54vw, (min-width:768px) 715px, 100vw\\"><script async=\\"\\" src=\\"https://c.amazon-adsystem.com/aax2/apstag.js\\"></script><link rel=\\"dns-prefetch\\"><link rel=\\"preconnect\\"><script src=\\"https://sdk.mrf.io/statics/marfeel-sdk.es5.js?id=2223\\" async=\\"\\" type=\\"text/javascript\\" nomodule=\\"\\"></script><script src=\\"https://sdk.mrf.io/statics/marfeel-sdk.js?id=2223\\" type=\\"module\\"></script><script id=\\"gfkS2s\\" async=\\"\\" type=\\"text/javascript\\" src=\\"https://ES-config.sensic.net/s2s-web.js\\"></script><script id=\\"spcloader\\" type=\\"text/javascript\\" async=\\"\\" src=\\"https://sdk.privacy-center.org/8ba38674-edba-484d-8053-435051d79f72/loader.js?target=elpais.com\\" charset=\\"utf-8\\"></script><script async=\\"\\" src=\\"https://news.google.com/swg/js/v1/swg-gaa.js\\"></script><script async=\\"\\" subscriptions-control=\\"manual\\" src=\\"https://news.google.com/swg/js/v1/swg.js\\"></script><script id=\\"dsq-count-scr\\" src=\\"https://el-pais-1.disqus.com/count.js\\" async=\\"\\"></script><script src=\\"https://accounts.google.com/gsi/client\\" async=\\"\\" defer=\\"\\"></script><link rel=\\"preconnect\\" href=\\"//static.elpais.com\\"><link rel=\\"preconnect\\" href=\\"//assets.adobedtm.com\\"><link rel=\\"preconnect\\" href=\\"//sdk.privacy-center.org\\"><link rel=\\"preload\\" href=\\"https://imagenes.elpais.com/resizer/v2/PIFW5CNFI5E6BMYOTFTQC5ZRCA.jpg?auth=c6474bcd191b4dcb7ef010e12f20ef5908b7554264b459f45f83cca5595fe517&amp;width=414\\" imagesrcset=\\"https://imagenes.elpais.com/resizer/v2/PIFW5CNFI5E6BMYOTFTQC5ZRCA.jpg?auth=c6474bcd191b4dcb7ef010e12f20ef5908b7554264b459f45f83cca5595fe517&amp;width=414 414w,https://imagenes.elpais.com/resizer/v2/PIFW5CNFI5E6BMYOTFTQC5ZRCA.jpg?auth=c6474bcd191b4dcb7ef010e12f20ef5908b7554264b459f45f83cca5595fe517&amp;width=640 640w,https://imagenes.elpais.com/resizer/v2/PIFW5CNFI5E6BMYOTFTQC5ZRCA.jpg?auth=c6474bcd191b4dcb7ef010e12f20ef5908b7554264b459f45f83cca5595fe517&amp;width=1000 1000w,https://imagenes.elpais.com/resizer/v2/PIFW5CNFI5E6BMYOTFTQC5ZRCA.jpg?auth=c6474bcd191b4dcb7ef010e12f20ef5908b7554264b459f45f83cca5595fe517&amp;width=1200 1200w\\" imagesizes=\\"(min-width:1199px) 661px, (min-width:1001px) 54vw, (min-width:768px) 715px, 100vw\\" as=\\"image\\" fetchpriority=\\"high\\"><link rel=\\"preload\\" href=\\"https://static.elpais.com/dist/resources/fonts/majrit/majrit-text/Majrit-Text-Roman.woff2\\" as=\\"font\\" type=\\"font/woff2\\" crossorigin=\\"\\"><link rel=\\"preload\\" href=\\"https://static.elpais.com/dist/resources/fonts/majrit/majrit-text/Majrit-Text-Black-Italic.woff2\\" as=\\"font\\" type=\\"font/woff2\\" crossorigin=\\"\\"><title>Desconectados del mundo  | Opinión | EL PAÍS</title><meta name=\\"date\\" scheme=\\"W3CDTF\\" content=\\"2026-02-24T05:30:01+01:00\\"><meta name=\\"lang\\" content=\\"es\\"><meta name=\\"author\\" content=\\"Cartas al Director\\"><meta name=\\"robots\\" content=\\"index,follow,max-image-preview:large\\"><meta name=\\"description\\" content=\\"Los lectores y las lectoras escriben sobre el aislamiento social generado por la tecnología, el 23-F, Antonio Castillo Algarra, el jefe de Los Pocholos, y la mercantilización del fútbol\\"><meta name=\\"organization\\" content=\\"Ediciones EL PAÍS S.L.\\"><meta property=\\"article:publisher\\" content=\\"https://www.facebook.com/elpais\\"><meta property=\\"article:published_time\\" content=\\"2026-02-24T05:30:01+01:00\\"><meta property=\\"article:modified_time\\" content=\\"2026-02-24T05:30:01+01:00\\"><meta property=\\"og:title\\" content=\\"Desconectados del mundo \\"><meta property=\\"og:description\\" content=\\"Los lectores y las lectoras escriben sobre el aislamiento social generado por la tecnología, el 23-F, Antonio Castillo Algarra, el jefe de Los Pocholos, y la mercantilización del fútbol\\"><meta property=\\"og:updated_time\\" content=\\"2026-02-24T05:30:01+01:00\\"><meta property=\\"og:image\\" content=\\"https://imagenes.elpais.com/resizer/v2/PIFW5CNFI5E6BMYOTFTQC5ZRCA.jpg?auth=c6474bcd191b4dcb7ef010e12f20ef5908b7554264b459f45f83cca5595fe517&amp;width=1200\\"><meta property=\\"og:image:width\\" content=\\"1200\\"><meta property=\\"og:image:height\\" content=\\"800\\"><meta property=\\"og:url\\" content=\\"https://elpais.com/opinion/2026-02-24/desconectados-del-mundo.html\\"><meta property=\\"og:type\\" content=\\"article\\"><meta property=\\"og:site_name\\" content=\\"El País\\"><meta property=\\"fb:app_id\\" content=\\"94039431626\\"><meta property=\\"twitter:card\\" content=\\"summary_large_image\\"><meta property=\\"twitter:site\\" content=\\"@el_pais\\"><link rel=\\"canonical\\" href=\\"https://elpais.com/opinion/2026-02-24/desconectados-del-mundo.html\\"><link rel=\\"amphtml\\" href=\\"https://elpais.com/opinion/2026-02-24/desconectados-del-mundo.html?outputType=amp\\"><meta property=\\"article:section\\" content=\\"Opinión\\"><meta property=\\"article:tag\\" content=\\"Opinión\\"><meta property=\\"article:tag\\" content=\\"Sociedad\\"><meta property=\\"article:tag\\" content=\\"Tecnología\\"><meta property=\\"article:tag\\" content=\\"Relaciones humanas\\"><meta property=\\"article:tag\\" content=\\"Smartphone\\"><meta property=\\"article:tag\\" content=\\"Redes sociales\\"><meta property=\\"article:tag\\" content=\\"Plataformas digitales\\"><meta property=\\"article:tag\\" content=\\"Spotify\\"><meta property=\\"article:tag\\" content=\\"Auriculares\\"><meta property=\\"article:tag\\" content=\\"23-F\\"><meta property=\\"article:tag\\" content=\\"Golpes estado\\"><meta property=\\"article:tag\\" content=\\"Transición democrática\\"><meta property=\\"article:tag\\" content=\\"Transición española\\"><meta property=\\"article:tag\\" content=\\"Franquismo\\"><meta property=\\"article:tag\\" content=\\"Historia\\"><meta property=\\"article:tag\\" content=\\"Política\\"><meta property=\\"article:tag\\" content=\\"Comunidad de Madrid\\"><meta property=\\"article:tag\\" content=\\"Isabel Díaz Ayuso\\"><meta property=\\"article:tag\\" content=\\"Educación\\"><meta property=\\"article:tag\\" content=\\"Política educativa\\"><meta property=\\"article:tag\\" content=\\"Deportes\\"><meta property=\\"article:tag\\" content=\\"Fútbol\\"><meta property=\\"twitter:title\\" content=\\"Desconectados del mundo  | Cartas al director\\"><meta property=\\"og:article:publisher\\" content=\\"EL PAÍS\\"><meta property=\\"og:article:author\\" content=\\"Cartas al Director\\"><meta name=\\"DC.date.issued\\" content=\\"2026-02-24T05:30:01+01:00\\"><meta property=\\"mrf:tags\\" content=\\"brandedContent:false;\\"><meta property=\\"fb:pages\\" content=\\"8585811569\\"><meta property=\\"news_keywords\\" content=\\"Opinión, Sociedad, Tecnología, Relaciones humanas, Smartphone, Redes sociales, Plataformas digitales, Spotify, Auriculares, 23-F, Golpes estado, Transición democrática, Transición española, Franquismo, Historia, Política, Comunidad de Madrid, Isabel Díaz Ayuso, Educación, Política educativa, Deportes, Fútbol\\"><link rel=\\"alternate\\" href=\\"https://feeds.elpais.com/mrss-s/pages/ep/site/elpais.com/section/opinion/portada\\" type=\\"application/rss+xml\\" title=\\"RSS sobre Opinión\\"><link rel=\\"manifest\\" href=\\"/pf/resources/manifests/site.webmanifest?d=2381\\"><link rel=\\"icon\\" href=\\"https://static.elpais.com/dist/resources/images/favicon.ico\\" type=\\"image/x-icon\\"><link rel=\\"icon\\" href=\\"https://static.elpais.com/dist/resources/images/favicon_96.png\\" type=\\"image/png\\" sizes=\\"96x96\\"><link rel=\\"apple-touch-icon\\" sizes=\\"180x180\\" href=\\"https://static.elpais.com/dist/resources/images/apple-touch-icon.png\\"><script type=\\"application/javascript\\">window.ENP = {\\"globalContent\\":{\\"_id\\":\\"ZVBLBLQO5NHFLGEGEBDK4HAPTI\\",\\"website\\":\\"el-pais\\",\\"alertEnabled\\":true,\\"lotteryButtonEnabled\\":false,\\"chatbotDisabled\\":true,\\"subscribeLinkByIP\\":\\"https://elpais.com/suscripciones/america/#/campaign\\",\\"subscribeLink\\":\\"https://elpais.com/suscripciones/#/campaign\\",\\"subscribePremiumLink\\":{\\"default\\":\\"https://elpais.com/suscripciones/premium/upgrade/\\",\\"CA\\":\\"https://elpais.com/suscripciones/digital/premium/upgrade/eucan/\\",\\"US\\":\\"https://elpais.com/suscripciones/digital/premium/upgrade/eucan/\\"},\\"usunLoginUrl\\":\\"https://services.users.elpais.com/serviceLogin.html\\",\\"baseUrlApiGateway\\":\\"https://wdnf3ec6zb.execute-api.eu-west-1.amazonaws.com/PRO/api/\\",\\"serviceProductUrl\\":\\"https://services.users.elpais.com/serviceProduct.html\\",\\"newsGoogleScript\\":\\"https://news.google.com/swg/js/v1/swg.js\\",\\"secretPasswordServiceProduct\\":\\"&_&que_es_mi_barco$_$\\",\\"favoritesURL\\":\\"https://static.elpais.com/dist/resources/js/334f83a783d9964bffcb2080a770b0c8/ENP-favorites.js\\",\\"apiOrigin\\":\\"https://publicapi.elpais.com\\",\\"publicApi\\":\\"https://publicapi.elpais.com\\",\\"entitlements\\":{\\"basic\\":[2895115629259653],\\"premium\\":[2810938707754442]},\\"omitAds\\":false,\\"isArticle\\":true,\\"isPageWithLiveBlog\\":false,\\"isPageWithLes\\":false,\\"isScoreboardLive\\":false,\\"hasSportLive\\":false,\\"source_system\\":\\"composer\\",\\"canonicalUrl\\":\\"/opinion/2026-02-24/desconectados-del-mundo.html\\",\\"alertsOption\\":{\\"enableAlert\\":true},\\"comments\\":{\\"display_comments\\":true},\\"sites\\":{\\"el-pais\\":{\\"socialLinks\\":{\\"facebook\\":\\"https://es-es.facebook.com/elpais/\\",\\"twitter\\":\\"https://twitter.com/el_pais\\",\\"youtube\\":\\"https://www.youtube.com/channel/UCnsvJeZO4RigQ898WdDNoBw\\"'... 566880 more characters,
      level: 'DEBUG',
      test_run_uuid: '1a8c5e8a-1351-4807-9f6d-1fb775d14a06'
    }
  ]
} to 28529:0
2026-02-24T21:19:50.174Z CLI info [testhub:request-queue-handler]  [vedantvankar_WD2nZN]  [srujyhua7le0kbwv6qz2yzcqpznuptkb92dxcer1]  [5be2e400-7dbb-417d-b612-44702b0f7e80]  Added the event {
  event_type: 'LogCreated',
  logs: [
    {
      testFrameworkName: 'pytest',
      testFrameworkVersion: '9.0.2',
      testFrameworkState: 'INIT_TEST',
      timestamp: '2026-02-24T21:19:43.606Z',
      uuid: '1a8c5e8a-1351-4807-9f6d-1fb775d14a06',
      kind: 'TEST_LOG',
      message: 'Finished Request',
      level: 'DEBUG',
      test_run_uuid: '1a8c5e8a-1351-4807-9f6d-1fb775d14a06'
    }
  ]
} to 28529:0
2026-02-24T21:19:50.174Z CLI info [testhub:request-queue-handler]  [vedantvankar_WD2nZN]  [srujyhua7le0kbwv6qz2yzcqpznuptkb92dxcer1]  [5be2e400-7dbb-417d-b612-44702b0f7e80]  Added the event {
  event_type: 'LogCreated',
  logs: [
    {
      testFrameworkName: 'pytest',
      testFrameworkVersion: '9.0.2',
      testFrameworkState: 'INIT_TEST',
      timestamp: '2026-02-24T21:19:43.666Z',
      uuid: '1a8c5e8a-1351-4807-9f6d-1fb775d14a06',
      kind: 'TEST_LOG',
      message: 'Starting new HTTPS connection (1): imagenes.elpais.com:443',
      level: 'DEBUG',
      test_run_uuid: '1a8c5e8a-1351-4807-9f6d-1fb775d14a06'
    }
  ]
} to 28529:0
2026-02-24T21:19:50.174Z CLI info [testhub:request-queue-handler]  [vedantvankar_WD2nZN]  [srujyhua7le0kbwv6qz2yzcqpznuptkb92dxcer1]  [5be2e400-7dbb-417d-b612-44702b0f7e80]  Added the event {
  event_type: 'LogCreated',
  logs: [
    {
      testFrameworkName: 'pytest',
      testFrameworkVersion: '9.0.2',
      testFrameworkState: 'INIT_TEST',
      timestamp: '2026-02-24T21:19:44.904Z',
      uuid: '1a8c5e8a-1351-4807-9f6d-1fb775d14a06',
      kind: 'TEST_LOG',
      message: 'https://imagenes.elpais.com:443 "GET /resizer/v2/PIFW5CNFI5E6BMYOTFTQC5ZRCA.jpg?auth=c6474bcd191b4dcb7ef010e12f20ef5908b7554264b459f45f83cca5595fe517&width=1200 HTTP/1.1" 200 97265',
      level: 'DEBUG',
      test_run_uuid: '1a8c5e8a-1351-4807-9f6d-1fb775d14a06'
    }
  ]
} to 28529:0
2026-02-24T21:19:50.174Z CLI info [testhub:request-queue-handler]  [vedantvankar_WD2nZN]  [srujyhua7le0kbwv6qz2yzcqpznuptkb92dxcer1]  [5be2e400-7dbb-417d-b612-44702b0f7e80]  Added the event {
  event_type: 'LogCreated',
  logs: [
    {
      testFrameworkName: 'pytest',
      testFrameworkVersion: '9.0.2',
      testFrameworkState: 'INIT_TEST',
      timestamp: '2026-02-24T21:19:44.986Z',
      uuid: '1a8c5e8a-1351-4807-9f6d-1fb775d14a06',
      kind: 'TEST_LOG',
      message: 'Starting new HTTPS connection (1): rapid-translate-multi-traduction.p.rapidapi.com:443',
      level: 'DEBUG',
      test_run_uuid: '1a8c5e8a-1351-4807-9f6d-1fb775d14a06'
    }
  ]
} to 28529:0
2026-02-24T21:19:50.174Z CLI info [testhub:request-queue-handler]  [vedantvankar_WD2nZN]  [srujyhua7le0kbwv6qz2yzcqpznuptkb92dxcer1]  [5be2e400-7dbb-417d-b612-44702b0f7e80]  Added the event {
  event_type: 'LogCreated',
  logs: [
    {
      testFrameworkName: 'pytest',
      testFrameworkVersion: '9.0.2',
      testFrameworkState: 'INIT_TEST',
      timestamp: '2026-02-24T21:19:47.283Z',
      uuid: '1a8c5e8a-1351-4807-9f6d-1fb775d14a06',
      kind: 'TEST_LOG',
      message: 'https://rapid-translate-multi-traduction.p.rapidapi.com:443 "POST /t HTTP/1.1" 200 None',
      level: 'DEBUG',
      test_run_uuid: '1a8c5e8a-1351-4807-9f6d-1fb775d14a06'
    }
  ]
} to 28529:0
2026-02-24T21:19:51.233Z CLI info [testhub:request-queue-handler]  [vedantvankar_WD2nZN]  [srujyhua7le0kbwv6qz2yzcqpznuptkb92dxcer1]  [5be2e400-7dbb-417d-b612-44702b0f7e80]  Added the event {
  event_type: 'HookRunFinished',
  hook_run: {
    type: 'hook',
    hook_type: 'AFTER_EACH',
    framework: 'pytest',
    uuid: '786e0f14-2eb6-4488-a4fa-1116cf27245c',
    name: 'teardown',
    result: 'passed',
    test_run_id: '819487dd-188d-4ef5-99c8-dcc5d3d67b38',
    body: { lang: 'python', code: null },
    scope: 'test_elpais_scraper',
    custom_metadata: {},
    tags: [],
    scopes: [ 'main.py' ],
    file_name: 'main.py',
    location: 'main.py',
    vc_filepath: 'main.py',
    started_at: '2026-02-24T21:19:48.687Z',
    finished_at: '2026-02-24T21:19:51.202Z'
  },
  logs: []
} to 28529:0
2026-02-24T21:19:51.271Z CLI info [testhub:request-queue-handler]  [vedantvankar_WD2nZN]  [srujyhua7le0kbwv6qz2yzcqpznuptkb92dxcer1]  [5be2e400-7dbb-417d-b612-44702b0f7e80]  Added the event {
  event_type: 'LogCreated',
  logs: [
    {
      testFrameworkName: 'pytest',
      testFrameworkVersion: '9.0.2',
      testFrameworkState: 'INIT_TEST',
      timestamp: '2026-02-24T21:19:47.721Z',
      uuid: '819487dd-188d-4ef5-99c8-dcc5d3d67b38',
      kind: 'TEST_LOG',
      message: `POST https://hub-aps.browserstack.com/wd/hub/session/48f801496bbdd79ab2fe3406adefd15855e48341/execute/sync {'script': 'browserstack_executor: {"action": "setSessionStatus", "arguments": {"status": "passed"}}', 'args': []}`,
      level: 'DEBUG',
      test_run_uuid: '819487dd-188d-4ef5-99c8-dcc5d3d67b38'
    }
  ]
} to 28529:0
2026-02-24T21:19:51.271Z CLI info [testhub:request-queue-handler]  [vedantvankar_WD2nZN]  [srujyhua7le0kbwv6qz2yzcqpznuptkb92dxcer1]  [5be2e400-7dbb-417d-b612-44702b0f7e80]  Added the event {
  event_type: 'LogCreated',
  logs: [
    {
      testFrameworkName: 'pytest',
      testFrameworkVersion: '9.0.2',
      testFrameworkState: 'INIT_TEST',
      timestamp: '2026-02-24T21:19:48.679Z',
      uuid: '819487dd-188d-4ef5-99c8-dcc5d3d67b38',
      kind: 'TEST_LOG',
      message: 'https://hub-aps.browserstack.com:443 "POST /wd/hub/session/48f801496bbdd79ab2fe3406adefd15855e48341/execute/sync HTTP/1.1" 200 None',
      level: 'DEBUG',
      test_run_uuid: '819487dd-188d-4ef5-99c8-dcc5d3d67b38'
    }
  ]
} to 28529:0
2026-02-24T21:19:51.271Z CLI info [testhub:request-queue-handler]  [vedantvankar_WD2nZN]  [srujyhua7le0kbwv6qz2yzcqpznuptkb92dxcer1]  [5be2e400-7dbb-417d-b612-44702b0f7e80]  Added the event {
  event_type: 'LogCreated',
  logs: [
    {
      testFrameworkName: 'pytest',
      testFrameworkVersion: '9.0.2',
      testFrameworkState: 'INIT_TEST',
      timestamp: '2026-02-24T21:19:48.680Z',
      uuid: '819487dd-188d-4ef5-99c8-dcc5d3d67b38',
      kind: 'TEST_LOG',
      message: `Remote response: status=200 | data={"sessionId":"48f801496bbdd79ab2fe3406adefd15855e48341","status":0,"value":"{\\"automation_session\\":{\\"hashed_id\\":\\"48f801496bbdd79ab2fe3406adefd15855e48341\\",\\"name\\":\\"main.py::test_elpais_scraper\\",\\"status\\":\\"passed\\",\\"os\\":\\"android\\",\\"os_version\\":\\"12.0\\",\\"browser\\":\\"chrome_android\\",\\"browser_version\\":null,\\"device\\":\\"Samsung Galaxy S22 Ultra\\",\\"duration\\":null,\\"reason\\":null,\\"build_name\\":\\"Selenium Multi Platform Run  3\\",\\"project_name\\":\\"EL Pais Opinion Scraper\\",\\"build_hashed_id\\":\\"e4ec08de515af733305da0e377e351cc70e0b37c\\",\\"test_priority\\":null}}"} | headers=HTTPHeaderDict({'Server': 'nginx', 'Date': 'Tue, 24 Feb 2026 21:19:48 GMT', 'Content-Type': 'application/json; charset=utf-8', 'Transfer-Encoding': 'chunked', 'Connection': 'keep-alive', 'Source-From': '02', 'cache-control': 'no-cache'})`,
      level: 'DEBUG',
      test_run_uuid: '819487dd-188d-4ef5-99c8-dcc5d3d67b38'
    }
  ]
} to 28529:0
2026-02-24T21:19:51.271Z CLI info [testhub:request-queue-handler]  [vedantvankar_WD2nZN]  [srujyhua7le0kbwv6qz2yzcqpznuptkb92dxcer1]  [5be2e400-7dbb-417d-b612-44702b0f7e80]  Added the event {
  event_type: 'LogCreated',
  logs: [
    {
      testFrameworkName: 'pytest',
      testFrameworkVersion: '9.0.2',
      testFrameworkState: 'INIT_TEST',
      timestamp: '2026-02-24T21:19:48.680Z',
      uuid: '819487dd-188d-4ef5-99c8-dcc5d3d67b38',
      kind: 'TEST_LOG',
      message: 'Finished Request',
      level: 'DEBUG',
      test_run_uuid: '819487dd-188d-4ef5-99c8-dcc5d3d67b38'
    }
  ]
} to 28529:0
2026-02-24T21:19:51.271Z CLI info [testhub:request-queue-handler]  [vedantvankar_WD2nZN]  [srujyhua7le0kbwv6qz2yzcqpznuptkb92dxcer1]  [5be2e400-7dbb-417d-b612-44702b0f7e80]  Added the event {
  event_type: 'LogCreated',
  logs: [
    {
      testFrameworkName: 'pytest',
      testFrameworkVersion: '9.0.2',
      testFrameworkState: 'INIT_TEST',
      timestamp: '2026-02-24T21:19:48.693Z',
      uuid: '819487dd-188d-4ef5-99c8-dcc5d3d67b38',
      kind: 'TEST_LOG',
      message: 'DELETE https://hub-aps.browserstack.com/wd/hub/session/48f801496bbdd79ab2fe3406adefd15855e48341 {}',
      level: 'DEBUG',
      test_run_uuid: '819487dd-188d-4ef5-99c8-dcc5d3d67b38'
    }
  ]
} to 28529:0
2026-02-24T21:19:51.271Z CLI info [testhub:request-queue-handler]  [vedantvankar_WD2nZN]  [srujyhua7le0kbwv6qz2yzcqpznuptkb92dxcer1]  [5be2e400-7dbb-417d-b612-44702b0f7e80]  Added the event {
  event_type: 'LogCreated',
  logs: [
    {
      testFrameworkName: 'pytest',
      testFrameworkVersion: '9.0.2',
      testFrameworkState: 'INIT_TEST',
      timestamp: '2026-02-24T21:19:51.155Z',
      uuid: '819487dd-188d-4ef5-99c8-dcc5d3d67b38',
      kind: 'TEST_LOG',
      message: 'https://hub-aps.browserstack.com:443 "DELETE /wd/hub/session/48f801496bbdd79ab2fe3406adefd15855e48341 HTTP/1.1" 200 None',
      level: 'DEBUG',
      test_run_uuid: '819487dd-188d-4ef5-99c8-dcc5d3d67b38'
    }
  ]
} to 28529:0
2026-02-24T21:19:51.272Z CLI info [testhub:request-queue-handler]  [vedantvankar_WD2nZN]  [srujyhua7le0kbwv6qz2yzcqpznuptkb92dxcer1]  [5be2e400-7dbb-417d-b612-44702b0f7e80]  Added the event {
  event_type: 'LogCreated',
  logs: [
    {
      testFrameworkName: 'pytest',
      testFrameworkVersion: '9.0.2',
      testFrameworkState: 'INIT_TEST',
      timestamp: '2026-02-24T21:19:51.156Z',
      uuid: '819487dd-188d-4ef5-99c8-dcc5d3d67b38',
      kind: 'TEST_LOG',
      message: `Remote response: status=200 | data={"state":"success","status":0,"value":""} | headers=HTTPHeaderDict({'Server': 'nginx', 'Date': 'Tue, 24 Feb 2026 21:19:51 GMT', 'Content-Type': 'application/json; charset=utf-8', 'Transfer-Encoding': 'chunked', 'Connection': 'keep-alive', 'Source-From': '02', 'cache-control': 'no-cache'})`,
      level: 'DEBUG',
      test_run_uuid: '819487dd-188d-4ef5-99c8-dcc5d3d67b38'
    }
  ]
} to 28529:0
2026-02-24T21:19:51.272Z CLI info [testhub:request-queue-handler]  [vedantvankar_WD2nZN]  [srujyhua7le0kbwv6qz2yzcqpznuptkb92dxcer1]  [5be2e400-7dbb-417d-b612-44702b0f7e80]  Added the event {
  event_type: 'LogCreated',
  logs: [
    {
      testFrameworkName: 'pytest',
      testFrameworkVersion: '9.0.2',
      testFrameworkState: 'INIT_TEST',
      timestamp: '2026-02-24T21:19:51.156Z',
      uuid: '819487dd-188d-4ef5-99c8-dcc5d3d67b38',
      kind: 'TEST_LOG',
      message: 'Finished Request',
      level: 'DEBUG',
      test_run_uuid: '819487dd-188d-4ef5-99c8-dcc5d3d67b38'
    }
  ]
} to 28529:0
2026-02-24T21:19:51.272Z CLI info [testhub:request-queue-handler]  [vedantvankar_WD2nZN]  [srujyhua7le0kbwv6qz2yzcqpznuptkb92dxcer1]  [5be2e400-7dbb-417d-b612-44702b0f7e80]  Added the event {
  event_type: 'LogCreated',
  logs: [
    {
      testFrameworkName: 'pytest',
      testFrameworkVersion: '9.0.2',
      testFrameworkState: 'INIT_TEST',
      timestamp: '2026-02-24T21:18:59.842Z',
      uuid: '819487dd-188d-4ef5-99c8-dcc5d3d67b38',
      kind: 'TEST_LOG',
      message: `POST https://hub-aps.browserstack.com/wd/hub/session/48f801496bbdd79ab2fe3406adefd15855e48341/execute/sync {'script': 'browserstack_executor: {"action": "setSessionName", "arguments": {"name": "main.py::test_elpais_scra...', 'args': []}`,
      level: 'DEBUG',
      test_run_uuid: '819487dd-188d-4ef5-99c8-dcc5d3d67b38'
    }
  ]
} to 28529:0
2026-02-24T21:19:51.272Z CLI info [testhub:request-queue-handler]  [vedantvankar_WD2nZN]  [srujyhua7le0kbwv6qz2yzcqpznuptkb92dxcer1]  [5be2e400-7dbb-417d-b612-44702b0f7e80]  Added the event {
  event_type: 'LogCreated',
  logs: [
    {
      testFrameworkName: 'pytest',
      testFrameworkVersion: '9.0.2',
      testFrameworkState: 'INIT_TEST',
      timestamp: '2026-02-24T21:19:00.303Z',
      uuid: '819487dd-188d-4ef5-99c8-dcc5d3d67b38',
      kind: 'TEST_LOG',
      message: 'https://hub-aps.browserstack.com:443 "POST /wd/hub/session/48f801496bbdd79ab2fe3406adefd15855e48341/execute/sync HTTP/1.1" 200 None',
      level: 'DEBUG',
      test_run_uuid: '819487dd-188d-4ef5-99c8-dcc5d3d67b38'
    }
  ]
} to 28529:0
2026-02-24T21:19:51.272Z CLI info [testhub:request-queue-handler]  [vedantvankar_WD2nZN]  [srujyhua7le0kbwv6qz2yzcqpznuptkb92dxcer1]  [5be2e400-7dbb-417d-b612-44702b0f7e80]  Added the event {
  event_type: 'LogCreated',
  logs: [
    {
      testFrameworkName: 'pytest',
      testFrameworkVersion: '9.0.2',
      testFrameworkState: 'INIT_TEST',
      timestamp: '2026-02-24T21:19:00.304Z',
      uuid: '819487dd-188d-4ef5-99c8-dcc5d3d67b38',
      kind: 'TEST_LOG',
      message: `Remote response: status=200 | data={"sessionId":"48f801496bbdd79ab2fe3406adefd15855e48341","status":0,"value":"{\\"automation_session\\":{\\"name\\":\\"main.py::test_elpais_scraper\\",\\"duration\\":null,\\"os\\":\\"android\\",\\"os_version\\":\\"12.0\\",\\"browser_version\\":null,\\"browser\\":\\"chrome_android\\",\\"device\\":\\"Samsung Galaxy S22 Ultra\\",\\"status\\":\\"running\\",\\"hashed_id\\":\\"48f801496bbdd79ab2fe3406adefd15855e48341\\",\\"reason\\":null,\\"build_name\\":\\"Selenium Multi Platform Run  3\\",\\"project_name\\":\\"EL Pais Opinion Scraper\\",\\"build_hashed_id\\":\\"e4ec08de515af733305da0e377e351cc70e0b37c\\",\\"test_priority\\":null}}"} | headers=HTTPHeaderDict({'Server': 'nginx', 'Date': 'Tue, 24 Feb 2026 21:19:00 GMT', 'Content-Type': 'application/json; charset=utf-8', 'Transfer-Encoding': 'chunked', 'Connection': 'keep-alive', 'Source-From': '02', 'cache-control': 'no-cache'})`,
      level: 'DEBUG',
      test_run_uuid: '819487dd-188d-4ef5-99c8-dcc5d3d67b38'
    }
  ]
} to 28529:0
2026-02-24T21:19:51.272Z CLI info [testhub:request-queue-handler]  [vedantvankar_WD2nZN]  [srujyhua7le0kbwv6qz2yzcqpznuptkb92dxcer1]  [5be2e400-7dbb-417d-b612-44702b0f7e80]  Added the event {
  event_type: 'LogCreated',
  logs: [
    {
      testFrameworkName: 'pytest',
      testFrameworkVersion: '9.0.2',
      testFrameworkState: 'INIT_TEST',
      timestamp: '2026-02-24T21:19:00.304Z',
      uuid: '819487dd-188d-4ef5-99c8-dcc5d3d67b38',
      kind: 'TEST_LOG',
      message: 'Finished Request',
      level: 'DEBUG',
      test_run_uuid: '819487dd-188d-4ef5-99c8-dcc5d3d67b38'
    }
  ]
} to 28529:0
2026-02-24T21:19:51.272Z CLI info [testhub:request-queue-handler]  [vedantvankar_WD2nZN]  [srujyhua7le0kbwv6qz2yzcqpznuptkb92dxcer1]  [5be2e400-7dbb-417d-b612-44702b0f7e80]  Added the event {
  event_type: 'LogCreated',
  logs: [
    {
      testFrameworkName: 'pytest',
      testFrameworkVersion: '9.0.2',
      testFrameworkState: 'INIT_TEST',
      timestamp: '2026-02-24T21:19:00.308Z',
      uuid: '819487dd-188d-4ef5-99c8-dcc5d3d67b38',
      kind: 'TEST_LOG',
      message: `POST https://hub-aps.browserstack.com/wd/hub/session/48f801496bbdd79ab2fe3406adefd15855e48341/execute/sync {'script': 'browserstack_executor: {"action": "annotate", "arguments": {"type": "Annotation", "data": "Observabi...', 'args': []}`,
      level: 'DEBUG',
      test_run_uuid: '819487dd-188d-4ef5-99c8-dcc5d3d67b38'
    }
  ]
} to 28529:0
2026-02-24T21:19:51.272Z CLI info [testhub:request-queue-handler]  [vedantvankar_WD2nZN]  [srujyhua7le0kbwv6qz2yzcqpznuptkb92dxcer1]  [5be2e400-7dbb-417d-b612-44702b0f7e80]  Added the event {
  event_type: 'LogCreated',
  logs: [
    {
      testFrameworkName: 'pytest',
      testFrameworkVersion: '9.0.2',
      testFrameworkState: 'INIT_TEST',
      timestamp: '2026-02-24T21:19:00.375Z',
      uuid: '819487dd-188d-4ef5-99c8-dcc5d3d67b38',
      kind: 'TEST_LOG',
      message: 'https://hub-aps.browserstack.com:443 "POST /wd/hub/session/48f801496bbdd79ab2fe3406adefd15855e48341/execute/sync HTTP/1.1" 200 None',
      level: 'DEBUG',
      test_run_uuid: '819487dd-188d-4ef5-99c8-dcc5d3d67b38'
    }
  ]
} to 28529:0
2026-02-24T21:19:51.272Z CLI info [testhub:request-queue-handler]  [vedantvankar_WD2nZN]  [srujyhua7le0kbwv6qz2yzcqpznuptkb92dxcer1]  [5be2e400-7dbb-417d-b612-44702b0f7e80]  Added the event {
  event_type: 'LogCreated',
  logs: [
    {
      testFrameworkName: 'pytest',
      testFrameworkVersion: '9.0.2',
      testFrameworkState: 'INIT_TEST',
      timestamp: '2026-02-24T21:19:00.375Z',
      uuid: '819487dd-188d-4ef5-99c8-dcc5d3d67b38',
      kind: 'TEST_LOG',
      message: `Remote response: status=200 | data={"sessionId":"48f801496bbdd79ab2fe3406adefd15855e48341","status":0,"value":"ObservabilitySync:1771967940307"} | headers=HTTPHeaderDict({'Server': 'nginx', 'Date': 'Tue, 24 Feb 2026 21:19:00 GMT', 'Content-Type': 'application/json; charset=utf-8', 'Transfer-Encoding': 'chunked', 'Connection': 'keep-alive', 'Source-From': '02', 'cache-control': 'no-cache'})`,
      level: 'DEBUG',
      test_run_uuid: '819487dd-188d-4ef5-99c8-dcc5d3d67b38'
    }
  ]
} to 28529:0
2026-02-24T21:19:51.273Z CLI info [testhub:request-queue-handler]  [vedantvankar_WD2nZN]  [srujyhua7le0kbwv6qz2yzcqpznuptkb92dxcer1]  [5be2e400-7dbb-417d-b612-44702b0f7e80]  Added the event {
  event_type: 'LogCreated',
  logs: [
    {
      testFrameworkName: 'pytest',
      testFrameworkVersion: '9.0.2',
      testFrameworkState: 'INIT_TEST',
      timestamp: '2026-02-24T21:19:00.375Z',
      uuid: '819487dd-188d-4ef5-99c8-dcc5d3d67b38',
      kind: 'TEST_LOG',
      message: 'Finished Request',
      level: 'DEBUG',
      test_run_uuid: '819487dd-188d-4ef5-99c8-dcc5d3d67b38'
    }
  ]
} to 28529:0
2026-02-24T21:19:51.273Z CLI info [testhub:request-queue-handler]  [vedantvankar_WD2nZN]  [srujyhua7le0kbwv6qz2yzcqpznuptkb92dxcer1]  [5be2e400-7dbb-417d-b612-44702b0f7e80]  Added the event {
  event_type: 'LogCreated',
  logs: [
    {
      testFrameworkName: 'pytest',
      testFrameworkVersion: '9.0.2',
      testFrameworkState: 'INIT_TEST',
      timestamp: '2026-02-24T21:19:00.398Z',
      uuid: '819487dd-188d-4ef5-99c8-dcc5d3d67b38',
      kind: 'TEST_LOG',
      message: "POST https://hub-aps.browserstack.com/wd/hub/session/48f801496bbdd79ab2fe3406adefd15855e48341/url {'url': 'https://elpais.com/'}",
      level: 'DEBUG',
      test_run_uuid: '819487dd-188d-4ef5-99c8-dcc5d3d67b38'
    }
  ]
} to 28529:0
2026-02-24T21:19:51.273Z CLI info [testhub:request-queue-handler]  [vedantvankar_WD2nZN]  [srujyhua7le0kbwv6qz2yzcqpznuptkb92dxcer1]  [5be2e400-7dbb-417d-b612-44702b0f7e80]  Added the event {
  event_type: 'LogCreated',
  logs: [
    {
      testFrameworkName: 'pytest',
      testFrameworkVersion: '9.0.2',
      testFrameworkState: 'INIT_TEST',
      timestamp: '2026-02-24T21:19:05.210Z',
      uuid: '819487dd-188d-4ef5-99c8-dcc5d3d67b38',
      kind: 'TEST_LOG',
      message: 'https://hub-aps.browserstack.com:443 "POST /wd/hub/session/48f801496bbdd79ab2fe3406adefd15855e48341/url HTTP/1.1" 200 0',
      level: 'DEBUG',
      test_run_uuid: '819487dd-188d-4ef5-99c8-dcc5d3d67b38'
    }
  ]
} to 28529:0
2026-02-24T21:19:51.273Z CLI info [testhub:request-queue-handler]  [vedantvankar_WD2nZN]  [srujyhua7le0kbwv6qz2yzcqpznuptkb92dxcer1]  [5be2e400-7dbb-417d-b612-44702b0f7e80]  Added the event {
  event_type: 'LogCreated',
  logs: [
    {
      testFrameworkName: 'pytest',
      testFrameworkVersion: '9.0.2',
      testFrameworkState: 'INIT_TEST',
      timestamp: '2026-02-24T21:19:05.210Z',
      uuid: '819487dd-188d-4ef5-99c8-dcc5d3d67b38',
      kind: 'TEST_LOG',
      message: `Remote response: status=200 | data={"value":null,"status":0} | headers=HTTPHeaderDict({'Server': 'nginx', 'Date': 'Tue, 24 Feb 2026 21:19:05 GMT', 'Content-Type': 'application/json; charset=utf-8', 'Content-Length': '25', 'Connection': 'keep-alive', 'Source-From': '02', 'x-powered-by': 'Express', 'vary': 'X-HTTP-Method-Override', 'etag': 'W/"19-V80vR2Krut7J8WstZ7j7cZLjLhw"'})`,
      level: 'DEBUG',
      test_run_uuid: '819487dd-188d-4ef5-99c8-dcc5d3d67b38'
    }
  ]
} to 28529:0
2026-02-24T21:19:51.273Z CLI info [testhub:request-queue-handler]  [vedantvankar_WD2nZN]  [srujyhua7le0kbwv6qz2yzcqpznuptkb92dxcer1]  [5be2e400-7dbb-417d-b612-44702b0f7e80]  Added the event {
  event_type: 'LogCreated',
  logs: [
    {
      testFrameworkName: 'pytest',
      testFrameworkVersion: '9.0.2',
      testFrameworkState: 'INIT_TEST',
      timestamp: '2026-02-24T21:19:05.211Z',
      uuid: '819487dd-188d-4ef5-99c8-dcc5d3d67b38',
      kind: 'TEST_LOG',
      message: 'Finished Request',
      level: 'DEBUG',
      test_run_uuid: '819487dd-188d-4ef5-99c8-dcc5d3d67b38'
    }
  ]
} to 28529:0
2026-02-24T21:19:51.273Z CLI info [testhub:request-queue-handler]  [vedantvankar_WD2nZN]  [srujyhua7le0kbwv6qz2yzcqpznuptkb92dxcer1]  [5be2e400-7dbb-417d-b612-44702b0f7e80]  Added the event {
  event_type: 'LogCreated',
  logs: [
    {
      testFrameworkName: 'pytest',
      testFrameworkVersion: '9.0.2',
      testFrameworkState: 'INIT_TEST',
      timestamp: '2026-02-24T21:19:10.213Z',
      uuid: '819487dd-188d-4ef5-99c8-dcc5d3d67b38',
      kind: 'TEST_LOG',
      message: 'GET https://hub-aps.browserstack.com/wd/hub/session/48f801496bbdd79ab2fe3406adefd15855e48341/source {}',
      level: 'DEBUG',
      test_run_uuid: '819487dd-188d-4ef5-99c8-dcc5d3d67b38'
    }
  ]
} to 28529:0
2026-02-24T21:19:51.273Z CLI info [testhub:request-queue-handler]  [vedantvankar_WD2nZN]  [srujyhua7le0kbwv6qz2yzcqpznuptkb92dxcer1]  [5be2e400-7dbb-417d-b612-44702b0f7e80]  Added the event {
  event_type: 'LogCreated',
  logs: [
    {
      testFrameworkName: 'pytest',
      testFrameworkVersion: '9.0.2',
      testFrameworkState: 'INIT_TEST',
      timestamp: '2026-02-24T21:19:11.948Z',
      uuid: '819487dd-188d-4ef5-99c8-dcc5d3d67b38',
      kind: 'TEST_LOG',
      message: 'https://hub-aps.browserstack.com:443 "GET /wd/hub/session/48f801496bbdd79ab2fe3406adefd15855e48341/source HTTP/1.1" 200 0',
      level: 'DEBUG',
      test_run_uuid: '819487dd-188d-4ef5-99c8-dcc5d3d67b38'
    }
  ]
} to 28529:0
2026-02-24T21:19:51.274Z CLI info [testhub:request-queue-handler]  [vedantvankar_WD2nZN]  [srujyhua7le0kbwv6qz2yzcqpznuptkb92dxcer1]  [5be2e400-7dbb-417d-b612-44702b0f7e80]  Added the event {
  event_type: 'LogCreated',
  logs: [
    {
      testFrameworkName: 'pytest',
      testFrameworkVersion: '9.0.2',
      testFrameworkState: 'INIT_TEST',
      timestamp: '2026-02-24T21:19:11.951Z',
      uuid: '819487dd-188d-4ef5-99c8-dcc5d3d67b38',
      kind: 'TEST_LOG',
      message: 'Remote response: status=200 | data={"value":"<html lang=\\"es-ES\\"><head class=\\"at-element-marker\\"><meta charset=\\"UTF-8\\"><meta name=\\"viewport\\" content=\\"width=device-width, initial-scale=1.0\\"><link rel=\\"preload\\" as=\\"image\\" href=\\"https://static.elpais.com/dist/resources/images/logos/primary/el-pais-slogan-esp.svg\\"><link rel=\\"preload\\" as=\\"image\\" imagesrcset=\\"https://imagenes.elpais.com/resizer/v2/PCWJZY7FPBCPLIPZCYNSEXLWEQ.jpg?auth=1e77f5bb3ddef5861b77c7a2e3eedb1f9150d06f5a69a86a9508eea5e2864148&amp;width=414 414w,https://imagenes.elpais.com/resizer/v2/PCWJZY7FPBCPLIPZCYNSEXLWEQ.jpg?auth=1e77f5bb3ddef5861b77c7a2e3eedb1f9150d06f5a69a86a9508eea5e2864148&amp;width=828 828w,https://imagenes.elpais.com/resizer/v2/PCWJZY7FPBCPLIPZCYNSEXLWEQ.jpg?auth=1e77f5bb3ddef5861b77c7a2e3eedb1f9150d06f5a69a86a9508eea5e2864148&amp;width=1200 1200w\\" imagesizes=\\"(min-width: 1199px) 1155px, (min-width: 1001px) calc(100vw - 44px), (min-width: 768px) 715px, (min-width: 576px) calc(100vw - 40px), 100vw\\"><script id=\\"spcloader\\" type=\\"text/javascript\\" async=\\"\\" src=\\"https://sdk.privacy-center.org/8ba38674-edba-484d-8053-435051d79f72/loader.js?target=elpais.com\\" charset=\\"utf-8\\"></script><script async=\\"\\" src=\\"https://c.amazon-adsystem.com/aax2/apstag.js\\"></script><link rel=\\"dns-prefetch\\"><link rel=\\"preconnect\\"><script src=\\"https://sdk.mrf.io/statics/marfeel-sdk.es5.js?id=2223\\" async=\\"\\" type=\\"text/javascript\\" nomodule=\\"\\"></script><script src=\\"https://sdk.mrf.io/statics/marfeel-sdk.js?id=2223\\" type=\\"module\\"></script><script id=\\"gfkS2s\\" async=\\"\\" type=\\"text/javascript\\" src=\\"https://ES-config.sensic.net/s2s-web.js\\"></script><script src=\\"https://accounts.google.com/gsi/client\\" async=\\"\\" defer=\\"\\"></script><link rel=\\"preconnect\\" href=\\"//static.elpais.com\\"><link rel=\\"preconnect\\" href=\\"//assets.adobedtm.com\\"><link rel=\\"preconnect\\" href=\\"//sdk.privacy-center.org\\"><link rel=\\"preload\\" href=\\"https://imagenes.elpais.com/resizer/v2/PCWJZY7FPBCPLIPZCYNSEXLWEQ.jpg?auth=1e77f5bb3ddef5861b77c7a2e3eedb1f9150d06f5a69a86a9508eea5e2864148&amp;width=414&amp;height=311&amp;smart=true\\" imagesrcset=\\"https://imagenes.elpais.com/resizer/v2/PCWJZY7FPBCPLIPZCYNSEXLWEQ.jpg?auth=1e77f5bb3ddef5861b77c7a2e3eedb1f9150d06f5a69a86a9508eea5e2864148&amp;width=414&amp;height=311&amp;smart=true 414w,https://imagenes.elpais.com/resizer/v2/PCWJZY7FPBCPLIPZCYNSEXLWEQ.jpg?auth=1e77f5bb3ddef5861b77c7a2e3eedb1f9150d06f5a69a86a9508eea5e2864148&amp;width=828&amp;height=621&amp;smart=true 828w,https://imagenes.elpais.com/resizer/v2/PCWJZY7FPBCPLIPZCYNSEXLWEQ.jpg?auth=1e77f5bb3ddef5861b77c7a2e3eedb1f9150d06f5a69a86a9508eea5e2864148&amp;width=1200&amp;height=900&amp;smart=true 1200w\\" imagesizes=\\"(min-width: 1199px) 1155px, (min-width: 1001px) calc(100vw - 44px), (min-width: 768px) 715px, (min-width: 576px) calc(100vw - 40px), 100vw\\" as=\\"image\\" fetchpriority=\\"high\\"><link rel=\\"preload\\" href=\\"https://static.elpais.com/dist/resources/fonts/majrit/majrit-text/Majrit-Text-Bold.woff2\\" as=\\"font\\" type=\\"font/woff2\\" crossorigin=\\"\\"><link rel=\\"preload\\" href=\\"https://static.elpais.com/dist/resources/fonts/majrit/majrit-text/Majrit-Text-Roman.woff2\\" as=\\"font\\" type=\\"font/woff2\\" crossorigin=\\"\\"><title>EL PAÍS: el periódico global</title><meta name=\\"date\\" scheme=\\"W3CDTF\\" content=\\"2026-02-24T22:15:19+01:00\\"><meta name=\\"lang\\" content=\\"es-ES\\"><meta name=\\"author\\" content=\\"Ediciones EL PAÍS\\"><meta name=\\"robots\\" content=\\"index,follow\\"><meta name=\\"description\\" content=\\"Noticias de última hora sobre la actualidad en España y el mundo: política, economía, deportes, cultura, sociedad, tecnología, gente, opinión, viajes, moda, televisión, los blogs y las firmas de EL PAÍS. Además especiales, vídeos, fotos, audios, gráficos, entrevistas, promociones y todos los servicios de EL PAÍS.\\"><meta name=\\"organization\\" content=\\"Ediciones EL PAÍS S.L.\\"><meta property=\\"article:publisher\\" content=\\"https://www.facebook.com/elpais/\\"><meta property=\\"article:modified_time\\" content=\\"2026-02-24T22:15:19+01:00\\"><meta property=\\"og:title\\" content=\\"EL PAÍS: el periódico global\\"><meta property=\\"og:description\\" content=\\"Noticias de última hora sobre la actualidad en España y el mundo: política, economía, deportes, cultura, sociedad, tecnología, gente, opinión, viajes, moda, televisión, los blogs y las firmas de EL PAÍS. Además especiales, vídeos, fotos, audios, gráficos, entrevistas, promociones y todos los servicios de EL PAÍS.\\"><meta property=\\"og:updated_time\\" content=\\"2026-02-24T22:15:19+01:00\\"><meta property=\\"og:image\\" content=\\"https://imagenes.elpais.com/resizer/v2/https%3A%2F%2Farc-anglerfish-eu-central-1-prod-prisa.s3.amazonaws.com%2Fpublic%2FPSMME3J7ZBDOHK4S6ZIIFVDEAQ.png?auth=6297c6ea5303b046503b1d9ef9d5cf46f4eacf1583ad6d61346d8fc8d9f9c948&amp;width=300&amp;height=300&amp;smart=true\\"><meta property=\\"og:image:width\\" content=\\"300\\"><meta property=\\"og:image:height\\" content=\\"300\\"><meta property=\\"og:url\\" content=\\"https://elpais.com\\"><meta property=\\"og:type\\" content=\\"website\\"><meta property=\\"og:site_name\\" content=\\"El País\\"><meta property=\\"fb:app_id\\" content=\\"94039431626\\"><meta property=\\"twitter:card\\" content=\\"summary\\"><meta property=\\"twitter:site\\" content=\\"@el_pais\\"><link rel=\\"canonical\\" href=\\"https://elpais.com\\"><meta property=\\"article:section\\" content=\\"Portada\\"><meta property=\\"twitter:title\\" content=\\"EL PAÍS: el periódico global\\"><meta property=\\"og:article:publisher\\" content=\\"EL PAÍS\\"><meta property=\\"og:article:author\\" content=\\"Ediciones EL PAÍS\\"><meta property=\\"fb:admins\\" content=\\"851024123, 100008251487379\\"><meta property=\\"fb:pages\\" content=\\"8585811569, 212722845575439, 1397320167179189, 358442097543367, 104260153017742, 171825147183, 122239794993797\\"><link rel=\\"alternate\\" href=\\"https://feeds.elpais.com/mrss-s/pages/ep/site/elpais.com/portada\\" type=\\"application/rss+xml\\" title=\\"RSS de la portada de El País\\"><link rel=\\"manifest\\" href=\\"/pf/resources/manifests/site.webmanifest?d=2381\\"><link rel=\\"icon\\" href=\\"https://static.elpais.com/dist/resources/images/favicon.ico\\" type=\\"image/x-icon\\"><link rel=\\"icon\\" href=\\"https://static.elpais.com/dist/resources/images/favicon_96.png\\" type=\\"image/png\\" sizes=\\"96x96\\"><link rel=\\"apple-touch-icon\\" sizes=\\"180x180\\" href=\\"https://static.elpais.com/dist/resources/images/apple-touch-icon.png\\"><script type=\\"application/javascript\\">window.ENP = {\\"globalContent\\":{\\"website\\":\\"el-pais\\",\\"alertEnabled\\":true,\\"lotteryButtonEnabled\\":false,\\"chatbotDisabled\\":false,\\"subscribeLinkByIP\\":\\"https://elpais.com/suscripciones/america/#/campaign\\",\\"subscribeLink\\":\\"https://elpais.com/suscripciones/#/campaign\\",\\"subscribePremiumLink\\":{\\"default\\":\\"https://elpais.com/suscripciones/premium/upgrade/\\",\\"CA\\":\\"https://elpais.com/suscripciones/digital/premium/upgrade/eucan/\\",\\"US\\":\\"https://elpais.com/suscripciones/digital/premium/upgrade/eucan/\\"},\\"usunLoginUrl\\":\\"https://services.users.elpais.com/serviceLogin.html\\",\\"baseUrlApiGateway\\":\\"https://wdnf3ec6zb.execute-api.eu-west-1.amazonaws.com/PRO/api/\\",\\"serviceProductUrl\\":\\"https://services.users.elpais.com/serviceProduct.html\\",\\"newsGoogleScript\\":\\"https://news.google.com/swg/js/v1/swg.js\\",\\"secretPasswordServiceProduct\\":\\"&_&que_es_mi_barco$_$\\",\\"favoritesURL\\":\\"https://static.elpais.com/dist/resources/js/334f83a783d9964bffcb2080a770b0c8/ENP-favorites.js\\",\\"apiOrigin\\":\\"https://publicapi.elpais.com\\",\\"publicApi\\":\\"https://publicapi.elpais.com\\",\\"entitlements\\":{\\"basic\\":[2895115629259653],\\"premium\\":[2810938707754442]},\\"omitAds\\":false,\\"isHomepage\\":true,\\"refresh\\":true},\\"deployment\\":{\\"arcVersion\\":\\"2381\\",\\"cssVersion\\":\\"334f83a783d9964bffcb2080a770b0c8\\",\\"jsVersion\\":\\"334f83a783d9964bffcb2080a770b0c8\\",\\"resourcePath\\":\\"https://static.elpais.com/dist\\"},\\"translations\\":{\\"dateTime\\":{\\"dateTimeConnector\\":\\"a las\\",\\"ago\\":\\"Hace %s\\",\\"actualizado\\":\\"Actualizado\\",\\"act\\":\\"Act.\\",\\"published\\":\\"Publicado a las:\\",\\"modified\\":\\"y modificado a las\\"},\\"sharedBar\\":{\\"commentsMessage\\":\\"Ir a los comentarios\\",\\"copyLink\\":\\"Enlace copiado\\"},\\"subscribePremiumText\\":\\"Añade más ventajas a tu suscripción: 2 cuentas de email, PDF de EL PAÍS y todo Cinco Días.\\",\\"subscribePremiumButton\\":\\"HAZTE PREMIUM\\",\\"chatbot\\":{\\"welcomeMessage\\":\\"Hola%s, ¿puedo ayudarte?\\"},\\"cutOffMarks\\":{\\"searchBox\\":{\\"common\\":{\\"defaultOptionText\\":\\"Por %s\\"}},\\"cutOffMarksList\\":{\\"common\\":{\\"noResultsMessage\\":\\"No se encontraron resultados\\"}}},\\"games\\":{\\"registerPrimaryPlayText\\":\\"Regístrate ahora\\",\\"registerSecondaryPlayText\\":\\"Ya soy suscriptor\\"},\\"wrapped2025\\":{\\"mostReadSections\\":{\\"titleSubscribed\\":\\"Tus artículos más leídos han sido sobre\\"}}},\\"siteProperties\\":{\\"liveKickerUrl\\":\\"https://eskup.elpais.com/OuteskupSimple\\",\\"languageCode\\":\\"es-ES\\",\\"siteDomainURL\\":\\"https://elpais.com\\",\\"subscribeOther\\":{\\"default\\":{\\"MX\\":\\"https://elpais.com/suscripciones/america/mexico/digital/#/campaign#\\",\\"CO\\":\\"https://elpais.com/suscripciones/america/colombia/digital/#/campaign#\\",\\"CL\\":\\"https://elpais.com/suscripciones/america/chile/digital/#/campaign#\\",\\"CA\\":\\"https://elpais.com/suscripciones/digital/eucan/\\",\\"US\\":\\"https://elpais.com/suscripciones/digital/eucan/\\"},\\"freemium_t2\\":{\\"default\\":\\"https://elpais.com/suscripciones/premium/primer-mes-anual/#/campaign\\",\\"defaultAm\\":\\"https://elpais.com/suscripcion/latam/primermes/premium/mensual/anual/#/campaign\\",\\"MX\\":\\"https://elpais.com/suscripcion/latam/primermes/premium/mensual/anual/#/campaign\\",\\"CO\\":\\"https://elpais.com/suscripcion/colombia/premium/primermes/anual\\",\\"CL\\":\\"https://elpais.com/suscripcion/latam/primermes/premium/mensual/anual/#/campaign\\",\\"CA\\":\\"https://elpais.com/suscripciones/digital/premium/primer-mes-anual/eucan\\",\\"US\\":\\"https://elpais.com/suscripciones/digital/premium/primer-mes-anual/eucan\\"}},\\"r'... 888613 more characters,
      level: 'DEBUG',
      test_run_uuid: '819487dd-188d-4ef5-99c8-dcc5d3d67b38'
    }
  ]
} to 28529:0
2026-02-24T21:19:51.274Z CLI info [testhub:request-queue-handler]  [vedantvankar_WD2nZN]  [srujyhua7le0kbwv6qz2yzcqpznuptkb92dxcer1]  [5be2e400-7dbb-417d-b612-44702b0f7e80]  Added the event {
  event_type: 'LogCreated',
  logs: [
    {
      testFrameworkName: 'pytest',
      testFrameworkVersion: '9.0.2',
      testFrameworkState: 'INIT_TEST',
      timestamp: '2026-02-24T21:19:11.979Z',
      uuid: '819487dd-188d-4ef5-99c8-dcc5d3d67b38',
      kind: 'TEST_LOG',
      message: 'Finished Request',
      level: 'DEBUG',
      test_run_uuid: '819487dd-188d-4ef5-99c8-dcc5d3d67b38'
    }
  ]
} to 28529:0
2026-02-24T21:19:51.275Z CLI info [testhub:request-queue-handler]  [vedantvankar_WD2nZN]  [srujyhua7le0kbwv6qz2yzcqpznuptkb92dxcer1]  [5be2e400-7dbb-417d-b612-44702b0f7e80]  Added the event {
  event_type: 'LogCreated',
  logs: [
    {
      testFrameworkName: 'pytest',
      testFrameworkVersion: '9.0.2',
      testFrameworkState: 'INIT_TEST',
      timestamp: '2026-02-24T21:19:12.095Z',
      uuid: '819487dd-188d-4ef5-99c8-dcc5d3d67b38',
      kind: 'TEST_LOG',
      message: "POST https://hub-aps.browserstack.com/wd/hub/session/48f801496bbdd79ab2fe3406adefd15855e48341/url {'url': 'https://elpais.com/opinion/2026-02-24/no-mas-secretos-del-23-f.html'}",
      level: 'DEBUG',
      test_run_uuid: '819487dd-188d-4ef5-99c8-dcc5d3d67b38'
    }
  ]
} to 28529:0
2026-02-24T21:19:51.275Z CLI info [testhub:request-queue-handler]  [vedantvankar_WD2nZN]  [srujyhua7le0kbwv6qz2yzcqpznuptkb92dxcer1]  [5be2e400-7dbb-417d-b612-44702b0f7e80]  Added the event {
  event_type: 'LogCreated',
  logs: [
    {
      testFrameworkName: 'pytest',
      testFrameworkVersion: '9.0.2',
      testFrameworkState: 'INIT_TEST',
      timestamp: '2026-02-24T21:19:13.917Z',
      uuid: '819487dd-188d-4ef5-99c8-dcc5d3d67b38',
      kind: 'TEST_LOG',
      message: 'https://hub-aps.browserstack.com:443 "POST /wd/hub/session/48f801496bbdd79ab2fe3406adefd15855e48341/url HTTP/1.1" 200 0',
      level: 'DEBUG',
      test_run_uuid: '819487dd-188d-4ef5-99c8-dcc5d3d67b38'
    }
  ]
} to 28529:0
2026-02-24T21:19:51.275Z CLI info [testhub:request-queue-handler]  [vedantvankar_WD2nZN]  [srujyhua7le0kbwv6qz2yzcqpznuptkb92dxcer1]  [5be2e400-7dbb-417d-b612-44702b0f7e80]  Added the event {
  event_type: 'LogCreated',
  logs: [
    {
      testFrameworkName: 'pytest',
      testFrameworkVersion: '9.0.2',
      testFrameworkState: 'INIT_TEST',
      timestamp: '2026-02-24T21:19:13.917Z',
      uuid: '819487dd-188d-4ef5-99c8-dcc5d3d67b38',
      kind: 'TEST_LOG',
      message: `Remote response: status=200 | data={"value":null,"status":0} | headers=HTTPHeaderDict({'Server': 'nginx', 'Date': 'Tue, 24 Feb 2026 21:19:13 GMT', 'Content-Type': 'application/json; charset=utf-8', 'Content-Length': '25', 'Connection': 'keep-alive', 'Source-From': '02', 'x-powered-by': 'Express', 'vary': 'X-HTTP-Method-Override', 'etag': 'W/"19-V80vR2Krut7J8WstZ7j7cZLjLhw"'})`,
      level: 'DEBUG',
      test_run_uuid: '819487dd-188d-4ef5-99c8-dcc5d3d67b38'
    }
  ]
} to 28529:0
2026-02-24T21:19:51.275Z CLI info [testhub:request-queue-handler]  [vedantvankar_WD2nZN]  [srujyhua7le0kbwv6qz2yzcqpznuptkb92dxcer1]  [5be2e400-7dbb-417d-b612-44702b0f7e80]  Added the event {
  event_type: 'LogCreated',
  logs: [
    {
      testFrameworkName: 'pytest',
      testFrameworkVersion: '9.0.2',
      testFrameworkState: 'INIT_TEST',
      timestamp: '2026-02-24T21:19:13.918Z',
      uuid: '819487dd-188d-4ef5-99c8-dcc5d3d67b38',
      kind: 'TEST_LOG',
      message: 'Finished Request',
      level: 'DEBUG',
      test_run_uuid: '819487dd-188d-4ef5-99c8-dcc5d3d67b38'
    }
  ]
} to 28529:0
2026-02-24T21:19:51.275Z CLI info [testhub:request-queue-handler]  [vedantvankar_WD2nZN]  [srujyhua7le0kbwv6qz2yzcqpznuptkb92dxcer1]  [5be2e400-7dbb-417d-b612-44702b0f7e80]  Added the event {
  event_type: 'LogCreated',
  logs: [
    {
      testFrameworkName: 'pytest',
      testFrameworkVersion: '9.0.2',
      testFrameworkState: 'INIT_TEST',
      timestamp: '2026-02-24T21:19:17.919Z',
      uuid: '819487dd-188d-4ef5-99c8-dcc5d3d67b38',
      kind: 'TEST_LOG',
      message: 'GET https://hub-aps.browserstack.com/wd/hub/session/48f801496bbdd79ab2fe3406adefd15855e48341/source {}',
      level: 'DEBUG',
      test_run_uuid: '819487dd-188d-4ef5-99c8-dcc5d3d67b38'
    }
  ]
} to 28529:0
2026-02-24T21:19:51.275Z CLI info [testhub:request-queue-handler]  [vedantvankar_WD2nZN]  [srujyhua7le0kbwv6qz2yzcqpznuptkb92dxcer1]  [5be2e400-7dbb-417d-b612-44702b0f7e80]  Added the event {
  event_type: 'LogCreated',
  logs: [
    {
      testFrameworkName: 'pytest',
      testFrameworkVersion: '9.0.2',
      testFrameworkState: 'INIT_TEST',
      timestamp: '2026-02-24T21:19:18.659Z',
      uuid: '819487dd-188d-4ef5-99c8-dcc5d3d67b38',
      kind: 'TEST_LOG',
      message: 'https://hub-aps.browserstack.com:443 "GET /wd/hub/session/48f801496bbdd79ab2fe3406adefd15855e48341/source HTTP/1.1" 200 0',
      level: 'DEBUG',
      test_run_uuid: '819487dd-188d-4ef5-99c8-dcc5d3d67b38'
    }
  ]
} to 28529:0
2026-02-24T21:19:51.276Z CLI info [testhub:request-queue-handler]  [vedantvankar_WD2nZN]  [srujyhua7le0kbwv6qz2yzcqpznuptkb92dxcer1]  [5be2e400-7dbb-417d-b612-44702b0f7e80]  Added the event {
  event_type: 'LogCreated',
  logs: [
    {
      testFrameworkName: 'pytest',
      testFrameworkVersion: '9.0.2',
      testFrameworkState: 'INIT_TEST',
      timestamp: '2026-02-24T21:19:18.661Z',
      uuid: '819487dd-188d-4ef5-99c8-dcc5d3d67b38',
      kind: 'TEST_LOG',
      message: 'Remote response: status=200 | data={"value":"<html lang=\\"es\\"><head><meta charset=\\"UTF-8\\"><meta name=\\"viewport\\" content=\\"width=device-width, initial-scale=1.0\\"><link rel=\\"preload\\" as=\\"image\\" imagesrcset=\\"https://imagenes.elpais.com/resizer/v2/SHDVIQXHKFLXZKBFNJ4J6ZELZM.jpg?auth=afdfa7f50415820dcc3e31575c8addc93a1f6e0fc466add03b8cf54361de7548&amp;width=414 414w,https://imagenes.elpais.com/resizer/v2/SHDVIQXHKFLXZKBFNJ4J6ZELZM.jpg?auth=afdfa7f50415820dcc3e31575c8addc93a1f6e0fc466add03b8cf54361de7548&amp;width=640 640w,https://imagenes.elpais.com/resizer/v2/SHDVIQXHKFLXZKBFNJ4J6ZELZM.jpg?auth=afdfa7f50415820dcc3e31575c8addc93a1f6e0fc466add03b8cf54361de7548&amp;width=1000 1000w,https://imagenes.elpais.com/resizer/v2/SHDVIQXHKFLXZKBFNJ4J6ZELZM.jpg?auth=afdfa7f50415820dcc3e31575c8addc93a1f6e0fc466add03b8cf54361de7548&amp;width=1200 1200w\\" imagesizes=\\"(min-width:1199px) 661px, (min-width:1001px) 54vw, (min-width:768px) 715px, 100vw\\"><script async=\\"\\" src=\\"https://c.amazon-adsystem.com/aax2/apstag.js\\"></script><link rel=\\"dns-prefetch\\"><link rel=\\"preconnect\\"><script src=\\"https://sdk.mrf.io/statics/marfeel-sdk.es5.js?id=2223\\" async=\\"\\" type=\\"text/javascript\\" nomodule=\\"\\"></script><script src=\\"https://sdk.mrf.io/statics/marfeel-sdk.js?id=2223\\" type=\\"module\\"></script><script id=\\"gfkS2s\\" async=\\"\\" type=\\"text/javascript\\" src=\\"https://ES-config.sensic.net/s2s-web.js\\"></script><script id=\\"spcloader\\" type=\\"text/javascript\\" async=\\"\\" src=\\"https://sdk.privacy-center.org/8ba38674-edba-484d-8053-435051d79f72/loader.js?target=elpais.com\\" charset=\\"utf-8\\"></script><script async=\\"\\" src=\\"https://news.google.com/swg/js/v1/swg-gaa.js\\"></script><script async=\\"\\" subscriptions-control=\\"manual\\" src=\\"https://news.google.com/swg/js/v1/swg.js\\"></script><script id=\\"dsq-count-scr\\" src=\\"https://el-pais-1.disqus.com/count.js\\" async=\\"\\"></script><script src=\\"https://accounts.google.com/gsi/client\\" async=\\"\\" defer=\\"\\"></script><link rel=\\"preconnect\\" href=\\"//static.elpais.com\\"><link rel=\\"preconnect\\" href=\\"//assets.adobedtm.com\\"><link rel=\\"preconnect\\" href=\\"//sdk.privacy-center.org\\"><link rel=\\"preload\\" href=\\"https://imagenes.elpais.com/resizer/v2/SHDVIQXHKFLXZKBFNJ4J6ZELZM.jpg?auth=afdfa7f50415820dcc3e31575c8addc93a1f6e0fc466add03b8cf54361de7548&amp;width=414\\" imagesrcset=\\"https://imagenes.elpais.com/resizer/v2/SHDVIQXHKFLXZKBFNJ4J6ZELZM.jpg?auth=afdfa7f50415820dcc3e31575c8addc93a1f6e0fc466add03b8cf54361de7548&amp;width=414 414w,https://imagenes.elpais.com/resizer/v2/SHDVIQXHKFLXZKBFNJ4J6ZELZM.jpg?auth=afdfa7f50415820dcc3e31575c8addc93a1f6e0fc466add03b8cf54361de7548&amp;width=640 640w,https://imagenes.elpais.com/resizer/v2/SHDVIQXHKFLXZKBFNJ4J6ZELZM.jpg?auth=afdfa7f50415820dcc3e31575c8addc93a1f6e0fc466add03b8cf54361de7548&amp;width=1000 1000w,https://imagenes.elpais.com/resizer/v2/SHDVIQXHKFLXZKBFNJ4J6ZELZM.jpg?auth=afdfa7f50415820dcc3e31575c8addc93a1f6e0fc466add03b8cf54361de7548&amp;width=1200 1200w\\" imagesizes=\\"(min-width:1199px) 661px, (min-width:1001px) 54vw, (min-width:768px) 715px, 100vw\\" as=\\"image\\" fetchpriority=\\"high\\"><link rel=\\"preload\\" href=\\"https://static.elpais.com/dist/resources/fonts/majrit/majrit-text/Majrit-Text-Roman.woff2\\" as=\\"font\\" type=\\"font/woff2\\" crossorigin=\\"\\"><link rel=\\"preload\\" href=\\"https://static.elpais.com/dist/resources/fonts/majrit/majrit-text/Majrit-Text-Black-Italic.woff2\\" as=\\"font\\" type=\\"font/woff2\\" crossorigin=\\"\\"><title>No más secretos del 23-F | Opinión | EL PAÍS</title><meta name=\\"date\\" scheme=\\"W3CDTF\\" content=\\"2026-02-24T05:30:01+01:00\\"><meta name=\\"lang\\" content=\\"es\\"><meta name=\\"author\\" content=\\"El País\\"><meta name=\\"robots\\" content=\\"index,follow,max-image-preview:large\\"><meta name=\\"description\\" content=\\"Desclasificar los documentos del golpe de Estado ayudará a acabar con las conspiraciones interesadas sobre la Transición\\"><meta name=\\"organization\\" content=\\"Ediciones EL PAÍS S.L.\\"><meta property=\\"article:publisher\\" content=\\"https://www.facebook.com/elpais\\"><meta property=\\"article:published_time\\" content=\\"2026-02-24T05:30:01+01:00\\"><meta property=\\"article:modified_time\\" content=\\"2026-02-24T05:30:01+01:00\\"><meta property=\\"og:title\\" content=\\"No más secretos del 23-F\\"><meta property=\\"og:description\\" content=\\"Desclasificar los documentos del golpe de Estado ayudará a acabar con las conspiraciones interesadas sobre la Transición\\"><meta property=\\"og:updated_time\\" content=\\"2026-02-24T05:30:01+01:00\\"><meta property=\\"og:image\\" content=\\"https://imagenes.elpais.com/resizer/v2/SHDVIQXHKFLXZKBFNJ4J6ZELZM.jpg?auth=afdfa7f50415820dcc3e31575c8addc93a1f6e0fc466add03b8cf54361de7548&amp;width=1200\\"><meta property=\\"og:image:width\\" content=\\"1200\\"><meta property=\\"og:image:height\\" content=\\"792\\"><meta property=\\"og:url\\" content=\\"https://elpais.com/opinion/2026-02-24/no-mas-secretos-del-23-f.html\\"><meta property=\\"og:type\\" content=\\"article\\"><meta property=\\"og:site_name\\" content=\\"El País\\"><meta property=\\"fb:app_id\\" content=\\"94039431626\\"><meta property=\\"twitter:card\\" content=\\"summary_large_image\\"><meta property=\\"twitter:site\\" content=\\"@el_pais\\"><link rel=\\"canonical\\" href=\\"https://elpais.com/opinion/2026-02-24/no-mas-secretos-del-23-f.html\\"><link rel=\\"amphtml\\" href=\\"https://elpais.com/opinion/2026-02-24/no-mas-secretos-del-23-f.html?outputType=amp\\"><meta property=\\"article:section\\" content=\\"Opinión\\"><meta property=\\"article:tag\\" content=\\"Opinión\\"><meta property=\\"article:tag\\" content=\\"Consejo de Ministros\\"><meta property=\\"article:tag\\" content=\\"23-F\\"><meta property=\\"article:tag\\" content=\\"Pedro Sánchez\\"><meta property=\\"article:tag\\" content=\\"Redes sociales\\"><meta property=\\"article:tag\\" content=\\"España\\"><meta property=\\"article:tag\\" content=\\"Historia\\"><meta property=\\"article:tag\\" content=\\"Política\\"><meta property=\\"article:tag\\" content=\\"Golpes estado\\"><meta property=\\"article:tag\\" content=\\"Juan Carlos I\\"><meta property=\\"article:tag\\" content=\\"Transición española\\"><meta property=\\"article:tag\\" content=\\"Transición democrática\\"><meta property=\\"article:tag\\" content=\\"Operación Galaxia\\"><meta property=\\"article:tag\\" content=\\"Monarquía\\"><meta property=\\"article:tag\\" content=\\"Ley Secretos Oficiales\\"><meta property=\\"article:tag\\" content=\\"Secretos oficiales\\"><meta property=\\"article:tag\\" content=\\"Desclasificación documentos\\"><meta property=\\"article:tag\\" content=\\"Franquismo\\"><meta property=\\"article:tag\\" content=\\"Guerra sucia\\"><meta property=\\"article:tag\\" content=\\"ETA\\"><meta property=\\"article:tag\\" content=\\"Ultraderecha\\"><meta property=\\"article:tag\\" content=\\"Democracia\\"><meta property=\\"twitter:title\\" content=\\"No más secretos del 23-F | Editorial\\"><meta property=\\"og:article:publisher\\" content=\\"EL PAÍS\\"><meta property=\\"og:article:author\\" content=\\"El País\\"><meta name=\\"DC.date.issued\\" content=\\"2026-02-24T05:30:01+01:00\\"><meta property=\\"mrf:tags\\" content=\\"brandedContent:false;\\"><meta property=\\"fb:pages\\" content=\\"8585811569\\"><meta property=\\"news_keywords\\" content=\\"Opinión, Consejo de Ministros, 23-F, Pedro Sánchez, Redes sociales, España, Historia, Política, Golpes estado, Juan Carlos I, Transición española, Transición democrática, Operación Galaxia, Monarquía, Ley Secretos Oficiales, Secretos oficiales, Desclasificación documentos, Franquismo, Guerra sucia, ETA, Ultraderecha, Democracia\\"><link rel=\\"alternate\\" href=\\"https://feeds.elpais.com/mrss-s/pages/ep/site/elpais.com/section/opinion/portada\\" type=\\"application/rss+xml\\" title=\\"RSS sobre Opinión\\"><link rel=\\"manifest\\" href=\\"/pf/resources/manifests/site.webmanifest?d=2381\\"><link rel=\\"icon\\" href=\\"https://static.elpais.com/dist/resources/images/favicon.ico\\" type=\\"image/x-icon\\"><link rel=\\"icon\\" href=\\"https://static.elpais.com/dist/resources/images/favicon_96.png\\" type=\\"image/png\\" sizes=\\"96x96\\"><link rel=\\"apple-touch-icon\\" sizes=\\"180x180\\" href=\\"https://static.elpais.com/dist/resources/images/apple-touch-icon.png\\"><script type=\\"application/javascript\\">window.ENP = {\\"globalContent\\":{\\"_id\\":\\"DIWYSWN2W5G5BDCCNBYU4B6PDI\\",\\"website\\":\\"el-pais\\",\\"alertEnabled\\":true,\\"lotteryButtonEnabled\\":false,\\"chatbotDisabled\\":true,\\"subscribeLinkByIP\\":\\"https://elpais.com/suscripciones/america/#/campaign\\",\\"subscribeLink\\":\\"https://elpais.com/suscripciones/#/campaign\\",\\"subscribePremiumLink\\":{\\"default\\":\\"https://elpais.com/suscripciones/premium/upgrade/\\",\\"CA\\":\\"https://elpais.com/suscripciones/digital/premium/upgrade/eucan/\\",\\"US\\":\\"https://elpais.com/suscripciones/digital/premium/upgrade/eucan/\\"},\\"usunLoginUrl\\":\\"https://services.users.elpais.com/serviceLogin.html\\",\\"baseUrlApiGateway\\":\\"https://wdnf3ec6zb.execute-api.eu-west-1.amazonaws.com/PRO/api/\\",\\"serviceProductUrl\\":\\"https://services.users.elpais.com/serviceProduct.html\\",\\"newsGoogleScript\\":\\"https://news.google.com/swg/js/v1/swg.js\\",\\"secretPasswordServiceProduct\\":\\"&_&que_es_mi_barco$_$\\",\\"favoritesURL\\":\\"https://static.elpais.com/dist/resources/js/334f83a783d9964bffcb2080a770b0c8/ENP-favorites.js\\",\\"apiOrigin\\":\\"https://publicapi.elpais.com\\",\\"publicApi\\":\\"https://publicapi.elpais.com\\",\\"entitlements\\":{\\"basic\\":[2895115629259653],\\"premium\\":[2810938707754442]},\\"omitAds\\":false,\\"isArticle\\":true,\\"isPageWithLiveBlog\\":false,\\"isPageWithLes\\":false,\\"isScoreboardLive\\":false,\\"hasSportLive\\":false,\\"source_system\\":\\"composer\\",\\"canonicalUrl\\":\\"/opinion/2026-02-24/no-mas-secretos-del-23-f.html\\",\\"alertsOption\\":{\\"enableAlert\\":true},\\"comments\\":{\\"display_comments\\":true},\\"sites\\":{\\"el-pais\\":{\\"socialLinks\\":{\\"facebook\\":\\"https://es-es.facebook.com/elpais/\\",\\"twitter\\":\\"https://twitter.com/el_pais\\",\\"youtube\\":\\"https://www.youtube.com/channel/UCnsvJeZO4RigQ898WdDNoBw\\",\\"wikipedia\\":\\"https://es.wikipedia.org/wiki/El_Pa%C3%ADs\\",\\"instagram\\":\\"https://www.instagram.com/el_pais/\\"},\\'... 522251 more characters,
      level: 'DEBUG',
      test_run_uuid: '819487dd-188d-4ef5-99c8-dcc5d3d67b38'
    }
  ]
} to 28529:0
2026-02-24T21:19:51.276Z CLI info [testhub:request-queue-handler]  [vedantvankar_WD2nZN]  [srujyhua7le0kbwv6qz2yzcqpznuptkb92dxcer1]  [5be2e400-7dbb-417d-b612-44702b0f7e80]  Added the event {
  event_type: 'LogCreated',
  logs: [
    {
      testFrameworkName: 'pytest',
      testFrameworkVersion: '9.0.2',
      testFrameworkState: 'INIT_TEST',
      timestamp: '2026-02-24T21:19:18.676Z',
      uuid: '819487dd-188d-4ef5-99c8-dcc5d3d67b38',
      kind: 'TEST_LOG',
      message: 'Finished Request',
      level: 'DEBUG',
      test_run_uuid: '819487dd-188d-4ef5-99c8-dcc5d3d67b38'
    }
  ]
} to 28529:0
2026-02-24T21:19:51.277Z CLI info [testhub:request-queue-handler]  [vedantvankar_WD2nZN]  [srujyhua7le0kbwv6qz2yzcqpznuptkb92dxcer1]  [5be2e400-7dbb-417d-b612-44702b0f7e80]  Added the event {
  event_type: 'LogCreated',
  logs: [
    {
      testFrameworkName: 'pytest',
      testFrameworkVersion: '9.0.2',
      testFrameworkState: 'INIT_TEST',
      timestamp: '2026-02-24T21:19:18.741Z',
      uuid: '819487dd-188d-4ef5-99c8-dcc5d3d67b38',
      kind: 'TEST_LOG',
      message: 'Starting new HTTPS connection (1): imagenes.elpais.com:443',
      level: 'DEBUG',
      test_run_uuid: '819487dd-188d-4ef5-99c8-dcc5d3d67b38'
    }
  ]
} to 28529:0
2026-02-24T21:19:51.277Z CLI info [testhub:request-queue-handler]  [vedantvankar_WD2nZN]  [srujyhua7le0kbwv6qz2yzcqpznuptkb92dxcer1]  [5be2e400-7dbb-417d-b612-44702b0f7e80]  Added the event {
  event_type: 'LogCreated',
  logs: [
    {
      testFrameworkName: 'pytest',
      testFrameworkVersion: '9.0.2',
      testFrameworkState: 'INIT_TEST',
      timestamp: '2026-02-24T21:19:19.038Z',
      uuid: '819487dd-188d-4ef5-99c8-dcc5d3d67b38',
      kind: 'TEST_LOG',
      message: 'https://imagenes.elpais.com:443 "GET /resizer/v2/SHDVIQXHKFLXZKBFNJ4J6ZELZM.jpg?auth=afdfa7f50415820dcc3e31575c8addc93a1f6e0fc466add03b8cf54361de7548&width=1200 HTTP/1.1" 200 131447',
      level: 'DEBUG',
      test_run_uuid: '819487dd-188d-4ef5-99c8-dcc5d3d67b38'
    }
  ]
} to 28529:0
2026-02-24T21:19:51.277Z CLI info [testhub:request-queue-handler]  [vedantvankar_WD2nZN]  [srujyhua7le0kbwv6qz2yzcqpznuptkb92dxcer1]  [5be2e400-7dbb-417d-b612-44702b0f7e80]  Added the event {
  event_type: 'LogCreated',
  logs: [
    {
      testFrameworkName: 'pytest',
      testFrameworkVersion: '9.0.2',
      testFrameworkState: 'INIT_TEST',
      timestamp: '2026-02-24T21:19:19.149Z',
      uuid: '819487dd-188d-4ef5-99c8-dcc5d3d67b38',
      kind: 'TEST_LOG',
      message: "POST https://hub-aps.browserstack.com/wd/hub/session/48f801496bbdd79ab2fe3406adefd15855e48341/url {'url': 'https://elpais.com/opinion/2026-02-24/la-lenta-gestacion-de-la-extrema-derecha.html'}",
      level: 'DEBUG',
      test_run_uuid: '819487dd-188d-4ef5-99c8-dcc5d3d67b38'
    }
  ]
} to 28529:0
2026-02-24T21:19:51.277Z CLI info [testhub:request-queue-handler]  [vedantvankar_WD2nZN]  [srujyhua7le0kbwv6qz2yzcqpznuptkb92dxcer1]  [5be2e400-7dbb-417d-b612-44702b0f7e80]  Added the event {
  event_type: 'LogCreated',
  logs: [
    {
      testFrameworkName: 'pytest',
      testFrameworkVersion: '9.0.2',
      testFrameworkState: 'INIT_TEST',
      timestamp: '2026-02-24T21:19:20.200Z',
      uuid: '819487dd-188d-4ef5-99c8-dcc5d3d67b38',
      kind: 'TEST_LOG',
      message: 'https://hub-aps.browserstack.com:443 "POST /wd/hub/session/48f801496bbdd79ab2fe3406adefd15855e48341/url HTTP/1.1" 200 0',
      level: 'DEBUG',
      test_run_uuid: '819487dd-188d-4ef5-99c8-dcc5d3d67b38'
    }
  ]
} to 28529:0
2026-02-24T21:19:51.277Z CLI info [testhub:request-queue-handler]  [vedantvankar_WD2nZN]  [srujyhua7le0kbwv6qz2yzcqpznuptkb92dxcer1]  [5be2e400-7dbb-417d-b612-44702b0f7e80]  Added the event {
  event_type: 'LogCreated',
  logs: [
    {
      testFrameworkName: 'pytest',
      testFrameworkVersion: '9.0.2',
      testFrameworkState: 'INIT_TEST',
      timestamp: '2026-02-24T21:19:20.200Z',
      uuid: '819487dd-188d-4ef5-99c8-dcc5d3d67b38',
      kind: 'TEST_LOG',
      message: `Remote response: status=200 | data={"value":null,"status":0} | headers=HTTPHeaderDict({'Server': 'nginx', 'Date': 'Tue, 24 Feb 2026 21:19:20 GMT', 'Content-Type': 'application/json; charset=utf-8', 'Content-Length': '25', 'Connection': 'keep-alive', 'Source-From': '02', 'x-powered-by': 'Express', 'vary': 'X-HTTP-Method-Override', 'etag': 'W/"19-V80vR2Krut7J8WstZ7j7cZLjLhw"'})`,
      level: 'DEBUG',
      test_run_uuid: '819487dd-188d-4ef5-99c8-dcc5d3d67b38'
    }
  ]
} to 28529:0
2026-02-24T21:19:51.277Z CLI info [testhub:request-queue-handler]  [vedantvankar_WD2nZN]  [srujyhua7le0kbwv6qz2yzcqpznuptkb92dxcer1]  [5be2e400-7dbb-417d-b612-44702b0f7e80]  Added the event {
  event_type: 'LogCreated',
  logs: [
    {
      testFrameworkName: 'pytest',
      testFrameworkVersion: '9.0.2',
      testFrameworkState: 'INIT_TEST',
      timestamp: '2026-02-24T21:19:20.201Z',
      uuid: '819487dd-188d-4ef5-99c8-dcc5d3d67b38',
      kind: 'TEST_LOG',
      message: 'Finished Request',
      level: 'DEBUG',
      test_run_uuid: '819487dd-188d-4ef5-99c8-dcc5d3d67b38'
    }
  ]
} to 28529:0
2026-02-24T21:19:51.277Z CLI info [testhub:request-queue-handler]  [vedantvankar_WD2nZN]  [srujyhua7le0kbwv6qz2yzcqpznuptkb92dxcer1]  [5be2e400-7dbb-417d-b612-44702b0f7e80]  Added the event {
  event_type: 'LogCreated',
  logs: [
    {
      testFrameworkName: 'pytest',
      testFrameworkVersion: '9.0.2',
      testFrameworkState: 'INIT_TEST',
      timestamp: '2026-02-24T21:19:24.202Z',
      uuid: '819487dd-188d-4ef5-99c8-dcc5d3d67b38',
      kind: 'TEST_LOG',
      message: 'GET https://hub-aps.browserstack.com/wd/hub/session/48f801496bbdd79ab2fe3406adefd15855e48341/source {}',
      level: 'DEBUG',
      test_run_uuid: '819487dd-188d-4ef5-99c8-dcc5d3d67b38'
    }
  ]
} to 28529:0
2026-02-24T21:19:51.277Z CLI info [testhub:request-queue-handler]  [vedantvankar_WD2nZN]  [srujyhua7le0kbwv6qz2yzcqpznuptkb92dxcer1]  [5be2e400-7dbb-417d-b612-44702b0f7e80]  Added the event {
  event_type: 'LogCreated',
  logs: [
    {
      testFrameworkName: 'pytest',
      testFrameworkVersion: '9.0.2',
      testFrameworkState: 'INIT_TEST',
      timestamp: '2026-02-24T21:19:24.894Z',
      uuid: '819487dd-188d-4ef5-99c8-dcc5d3d67b38',
      kind: 'TEST_LOG',
      message: 'https://hub-aps.browserstack.com:443 "GET /wd/hub/session/48f801496bbdd79ab2fe3406adefd15855e48341/source HTTP/1.1" 200 0',
      level: 'DEBUG',
      test_run_uuid: '819487dd-188d-4ef5-99c8-dcc5d3d67b38'
    }
  ]
} to 28529:0
2026-02-24T21:19:51.278Z CLI info [testhub:request-queue-handler]  [vedantvankar_WD2nZN]  [srujyhua7le0kbwv6qz2yzcqpznuptkb92dxcer1]  [5be2e400-7dbb-417d-b612-44702b0f7e80]  Added the event {
  event_type: 'LogCreated',
  logs: [
    {
      testFrameworkName: 'pytest',
      testFrameworkVersion: '9.0.2',
      testFrameworkState: 'INIT_TEST',
      timestamp: '2026-02-24T21:19:24.897Z',
      uuid: '819487dd-188d-4ef5-99c8-dcc5d3d67b38',
      kind: 'TEST_LOG',
      message: 'Remote response: status=200 | data={"value":"<html lang=\\"es\\"><head><meta charset=\\"UTF-8\\"><meta name=\\"viewport\\" content=\\"width=device-width, initial-scale=1.0\\"><link rel=\\"preload\\" as=\\"image\\" imagesrcset=\\"https://imagenes.elpais.com/resizer/v2/RVARX53BAFGGBGXKCBT444XZPI.jpg?auth=1674ff05e33872db06a644acfa2f105bcb5bbb7daf9455dee85b36e1f63f3e7f&amp;width=414 414w,https://imagenes.elpais.com/resizer/v2/RVARX53BAFGGBGXKCBT444XZPI.jpg?auth=1674ff05e33872db06a644acfa2f105bcb5bbb7daf9455dee85b36e1f63f3e7f&amp;width=640 640w,https://imagenes.elpais.com/resizer/v2/RVARX53BAFGGBGXKCBT444XZPI.jpg?auth=1674ff05e33872db06a644acfa2f105bcb5bbb7daf9455dee85b36e1f63f3e7f&amp;width=1000 1000w,https://imagenes.elpais.com/resizer/v2/RVARX53BAFGGBGXKCBT444XZPI.jpg?auth=1674ff05e33872db06a644acfa2f105bcb5bbb7daf9455dee85b36e1f63f3e7f&amp;width=1200 1200w\\" imagesizes=\\"(min-width:1199px) 661px, (min-width:1001px) 54vw, (min-width:768px) 715px, 100vw\\"><script async=\\"\\" src=\\"https://c.amazon-adsystem.com/aax2/apstag.js\\"></script><link rel=\\"dns-prefetch\\"><link rel=\\"preconnect\\"><script src=\\"https://sdk.mrf.io/statics/marfeel-sdk.es5.js?id=2223\\" async=\\"\\" type=\\"text/javascript\\" nomodule=\\"\\"></script><script src=\\"https://sdk.mrf.io/statics/marfeel-sdk.js?id=2223\\" type=\\"module\\"></script><script id=\\"gfkS2s\\" async=\\"\\" type=\\"text/javascript\\" src=\\"https://ES-config.sensic.net/s2s-web.js\\"></script><script id=\\"spcloader\\" type=\\"text/javascript\\" async=\\"\\" src=\\"https://sdk.privacy-center.org/8ba38674-edba-484d-8053-435051d79f72/loader.js?target=elpais.com\\" charset=\\"utf-8\\"></script><script async=\\"\\" src=\\"https://news.google.com/swg/js/v1/swg-gaa.js\\"></script><script async=\\"\\" subscriptions-control=\\"manual\\" src=\\"https://news.google.com/swg/js/v1/swg.js\\"></script><script id=\\"dsq-count-scr\\" src=\\"https://el-pais-1.disqus.com/count.js\\" async=\\"\\"></script><script src=\\"https://accounts.google.com/gsi/client\\" async=\\"\\" defer=\\"\\"></script><link rel=\\"preconnect\\" href=\\"//static.elpais.com\\"><link rel=\\"preconnect\\" href=\\"//assets.adobedtm.com\\"><link rel=\\"preconnect\\" href=\\"//sdk.privacy-center.org\\"><link rel=\\"preload\\" href=\\"https://imagenes.elpais.com/resizer/v2/RVARX53BAFGGBGXKCBT444XZPI.jpg?auth=1674ff05e33872db06a644acfa2f105bcb5bbb7daf9455dee85b36e1f63f3e7f&amp;width=414\\" imagesrcset=\\"https://imagenes.elpais.com/resizer/v2/RVARX53BAFGGBGXKCBT444XZPI.jpg?auth=1674ff05e33872db06a644acfa2f105bcb5bbb7daf9455dee85b36e1f63f3e7f&amp;width=414 414w,https://imagenes.elpais.com/resizer/v2/RVARX53BAFGGBGXKCBT444XZPI.jpg?auth=1674ff05e33872db06a644acfa2f105bcb5bbb7daf9455dee85b36e1f63f3e7f&amp;width=640 640w,https://imagenes.elpais.com/resizer/v2/RVARX53BAFGGBGXKCBT444XZPI.jpg?auth=1674ff05e33872db06a644acfa2f105bcb5bbb7daf9455dee85b36e1f63f3e7f&amp;width=1000 1000w,https://imagenes.elpais.com/resizer/v2/RVARX53BAFGGBGXKCBT444XZPI.jpg?auth=1674ff05e33872db06a644acfa2f105bcb5bbb7daf9455dee85b36e1f63f3e7f&amp;width=1200 1200w\\" imagesizes=\\"(min-width:1199px) 661px, (min-width:1001px) 54vw, (min-width:768px) 715px, 100vw\\" as=\\"image\\" fetchpriority=\\"high\\"><link rel=\\"preload\\" href=\\"https://static.elpais.com/dist/resources/fonts/majrit/majrit-text/Majrit-Text-Roman.woff2\\" as=\\"font\\" type=\\"font/woff2\\" crossorigin=\\"\\"><link rel=\\"preload\\" href=\\"https://static.elpais.com/dist/resources/fonts/majrit/majrit-text/Majrit-Text-Black-Italic.woff2\\" as=\\"font\\" type=\\"font/woff2\\" crossorigin=\\"\\"><title>La lenta gestación de la extrema derecha | Opinión | EL PAÍS</title><meta name=\\"date\\" scheme=\\"W3CDTF\\" content=\\"2026-02-24T05:30:01+01:00\\"><meta name=\\"lang\\" content=\\"es\\"><meta name=\\"author\\" content=\\"Ignacio Sánchez-Cuenca\\"><meta name=\\"robots\\" content=\\"index,follow,max-image-preview:large\\"><meta name=\\"description\\" content=\\"El ascenso de Vox se explica mejor por el resurgir del nacionalismo español más rancio que por razones económicas\\"><meta name=\\"organization\\" content=\\"Ediciones EL PAÍS S.L.\\"><meta property=\\"article:publisher\\" content=\\"https://www.facebook.com/elpais\\"><meta property=\\"article:published_time\\" content=\\"2026-02-24T05:30:01+01:00\\"><meta property=\\"article:modified_time\\" content=\\"2026-02-24T05:30:01+01:00\\"><meta property=\\"og:title\\" content=\\"La lenta gestación de la extrema derecha\\"><meta property=\\"og:description\\" content=\\"El ascenso de Vox se explica mejor por el resurgir del nacionalismo español más rancio que por razones económicas\\"><meta property=\\"og:updated_time\\" content=\\"2026-02-24T05:30:01+01:00\\"><meta property=\\"og:image\\" content=\\"https://imagenes.elpais.com/resizer/v2/P6A4ZTH4Y5BW5HQL4K5VPS6P6U.jpg?auth=58ff4afe29595ecace66833f06dc0477090261a74769039e175d89cac5f36153&amp;width=1200\\"><meta property=\\"og:image:width\\" content=\\"1200\\"><meta property=\\"og:image:height\\" content=\\"675\\"><meta property=\\"og:url\\" content=\\"https://elpais.com/opinion/2026-02-24/la-lenta-gestacion-de-la-extrema-derecha.html\\"><meta property=\\"og:type\\" content=\\"article\\"><meta property=\\"og:site_name\\" content=\\"El País\\"><meta property=\\"fb:app_id\\" content=\\"94039431626\\"><meta property=\\"twitter:card\\" content=\\"summary_large_image\\"><meta property=\\"twitter:site\\" content=\\"@el_pais\\"><link rel=\\"canonical\\" href=\\"https://elpais.com/opinion/2026-02-24/la-lenta-gestacion-de-la-extrema-derecha.html\\"><link rel=\\"amphtml\\" href=\\"https://elpais.com/opinion/2026-02-24/la-lenta-gestacion-de-la-extrema-derecha.html?outputType=amp\\"><meta property=\\"article:section\\" content=\\"Opinión\\"><meta property=\\"article:tag\\" content=\\"Opinión\\"><meta property=\\"article:tag\\" content=\\"España\\"><meta property=\\"article:tag\\" content=\\"Política\\"><meta property=\\"article:tag\\" content=\\"Partidos políticos\\"><meta property=\\"article:tag\\" content=\\"Vox\\"><meta property=\\"article:tag\\" content=\\"Extrema derecha\\"><meta property=\\"article:tag\\" content=\\"Ultraderecha\\"><meta property=\\"article:tag\\" content=\\"Partidos ultraderecha\\"><meta property=\\"article:tag\\" content=\\"Santiago Abascal\\"><meta property=\\"article:tag\\" content=\\"Democracia\\"><meta property=\\"article:tag\\" content=\\"Nacionalismo\\"><meta property=\\"article:tag\\" content=\\"Partidos conservadores\\"><meta property=\\"article:tag\\" content=\\"Independentismo\\"><meta property=\\"article:tag\\" content=\\"Franquismo\\"><meta property=\\"article:tag\\" content=\\"Dictadura\\"><meta property=\\"article:tag\\" content=\\"Revisionismo histórico\\"><meta property=\\"article:tag\\" content=\\"Revisionismo Conquista América\\"><meta property=\\"article:tag\\" content=\\"Economía\\"><meta property=\\"article:tag\\" content=\\"Jóvenes\\"><meta property=\\"article:tag\\" content=\\"Tasa paro\\"><meta property=\\"article:tag\\" content=\\"Vivienda\\"><meta property=\\"article:tag\\" content=\\"Precio vivienda\\"><meta property=\\"twitter:title\\" content=\\"La lenta gestación de la extrema derecha | Tribuna\\"><meta property=\\"og:article:publisher\\" content=\\"EL PAÍS\\"><meta property=\\"og:article:author\\" content=\\"Ignacio Sánchez-Cuenca\\"><meta name=\\"DC.date.issued\\" content=\\"2026-02-24T05:30:01+01:00\\"><meta property=\\"mrf:tags\\" content=\\"brandedContent:false;\\"><meta property=\\"fb:pages\\" content=\\"8585811569\\"><meta property=\\"news_keywords\\" content=\\"Opinión, España, Política, Partidos políticos, Vox, Extrema derecha, Ultraderecha, Partidos ultraderecha, Santiago Abascal, Democracia, Nacionalismo, Partidos conservadores, Independentismo, Franquismo, Dictadura, Revisionismo histórico, Revisionismo Conquista América, Economía, Jóvenes, Tasa paro, Vivienda, Precio vivienda\\"><link rel=\\"alternate\\" href=\\"https://feeds.elpais.com/mrss-s/pages/ep/site/elpais.com/section/opinion/portada\\" type=\\"application/rss+xml\\" title=\\"RSS sobre Opinión\\"><link rel=\\"manifest\\" href=\\"/pf/resources/manifests/site.webmanifest?d=2381\\"><link rel=\\"icon\\" href=\\"https://static.elpais.com/dist/resources/images/favicon.ico\\" type=\\"image/x-icon\\"><link rel=\\"icon\\" href=\\"https://static.elpais.com/dist/resources/images/favicon_96.png\\" type=\\"image/png\\" sizes=\\"96x96\\"><link rel=\\"apple-touch-icon\\" sizes=\\"180x180\\" href=\\"https://static.elpais.com/dist/resources/images/apple-touch-icon.png\\"><script type=\\"application/javascript\\">window.ENP = {\\"globalContent\\":{\\"_id\\":\\"3ZU22G2RHFDGPN2B4U6P63ICPY\\",\\"website\\":\\"el-pais\\",\\"alertEnabled\\":true,\\"lotteryButtonEnabled\\":false,\\"chatbotDisabled\\":true,\\"subscribeLinkByIP\\":\\"https://elpais.com/suscripciones/america/#/campaign\\",\\"subscribeLink\\":\\"https://elpais.com/suscripciones/#/campaign\\",\\"subscribePremiumLink\\":{\\"default\\":\\"https://elpais.com/suscripciones/premium/upgrade/\\",\\"CA\\":\\"https://elpais.com/suscripciones/digital/premium/upgrade/eucan/\\",\\"US\\":\\"https://elpais.com/suscripciones/digital/premium/upgrade/eucan/\\"},\\"usunLoginUrl\\":\\"https://services.users.elpais.com/serviceLogin.html\\",\\"baseUrlApiGateway\\":\\"https://wdnf3ec6zb.execute-api.eu-west-1.amazonaws.com/PRO/api/\\",\\"serviceProductUrl\\":\\"https://services.users.elpais.com/serviceProduct.html\\",\\"newsGoogleScript\\":\\"https://news.google.com/swg/js/v1/swg.js\\",\\"secretPasswordServiceProduct\\":\\"&_&que_es_mi_barco$_$\\",\\"favoritesURL\\":\\"https://static.elpais.com/dist/resources/js/334f83a783d9964bffcb2080a770b0c8/ENP-favorites.js\\",\\"apiOrigin\\":\\"https://publicapi.elpais.com\\",\\"publicApi\\":\\"https://publicapi.elpais.com\\",\\"entitlements\\":{\\"basic\\":[2895115629259653],\\"premium\\":[2810938707754442]},\\"omitAds\\":false,\\"isArticle\\":true,\\"isPageWithLiveBlog\\":false,\\"isPageWithLes\\":false,\\"isScoreboardLive\\":false,\\"hasSportLive\\":false,\\"source_system\\":\\"composer\\",\\"canonicalUrl\\":\\"/opinion/2026-02-24/la-lenta-gestacion-de-la-extrema-derecha.html\\",\\"alertsOption\\":{\\"enableAlert\\":true},\\"comments\\":{\\"display_comments\\":true},\\"sites\\":{\\"el-pais\\":{\\"socialLinks\\":{\\"facebook\\":\\"https://es-es.facebook.com/elpais/\\",\\"twitter\\":\\"https://twitter.com/el_pais\\",\\"youtube\\":\\"https://www.youtube.com/channel/UCnsvJeZO4RigQ898WdDNoBw\\'... 539152 more characters,
      level: 'DEBUG',
      test_run_uuid: '819487dd-188d-4ef5-99c8-dcc5d3d67b38'
    }
  ]
} to 28529:0
2026-02-24T21:19:51.278Z CLI info [testhub:request-queue-handler]  [vedantvankar_WD2nZN]  [srujyhua7le0kbwv6qz2yzcqpznuptkb92dxcer1]  [5be2e400-7dbb-417d-b612-44702b0f7e80]  Added the event {
  event_type: 'LogCreated',
  logs: [
    {
      testFrameworkName: 'pytest',
      testFrameworkVersion: '9.0.2',
      testFrameworkState: 'INIT_TEST',
      timestamp: '2026-02-24T21:19:24.913Z',
      uuid: '819487dd-188d-4ef5-99c8-dcc5d3d67b38',
      kind: 'TEST_LOG',
      message: 'Finished Request',
      level: 'DEBUG',
      test_run_uuid: '819487dd-188d-4ef5-99c8-dcc5d3d67b38'
    }
  ]
} to 28529:0
2026-02-24T21:19:51.278Z CLI info [testhub:request-queue-handler]  [vedantvankar_WD2nZN]  [srujyhua7le0kbwv6qz2yzcqpznuptkb92dxcer1]  [5be2e400-7dbb-417d-b612-44702b0f7e80]  Added the event {
  event_type: 'LogCreated',
  logs: [
    {
      testFrameworkName: 'pytest',
      testFrameworkVersion: '9.0.2',
      testFrameworkState: 'INIT_TEST',
      timestamp: '2026-02-24T21:19:24.971Z',
      uuid: '819487dd-188d-4ef5-99c8-dcc5d3d67b38',
      kind: 'TEST_LOG',
      message: 'Starting new HTTPS connection (1): imagenes.elpais.com:443',
      level: 'DEBUG',
      test_run_uuid: '819487dd-188d-4ef5-99c8-dcc5d3d67b38'
    }
  ]
} to 28529:0
2026-02-24T21:19:51.278Z CLI info [testhub:request-queue-handler]  [vedantvankar_WD2nZN]  [srujyhua7le0kbwv6qz2yzcqpznuptkb92dxcer1]  [5be2e400-7dbb-417d-b612-44702b0f7e80]  Added the event {
  event_type: 'LogCreated',
  logs: [
    {
      testFrameworkName: 'pytest',
      testFrameworkVersion: '9.0.2',
      testFrameworkState: 'INIT_TEST',
      timestamp: '2026-02-24T21:19:25.297Z',
      uuid: '819487dd-188d-4ef5-99c8-dcc5d3d67b38',
      kind: 'TEST_LOG',
      message: 'https://imagenes.elpais.com:443 "GET /resizer/v2/P6A4ZTH4Y5BW5HQL4K5VPS6P6U.jpg?auth=58ff4afe29595ecace66833f06dc0477090261a74769039e175d89cac5f36153&width=1200 HTTP/1.1" 200 54483',
      level: 'DEBUG',
      test_run_uuid: '819487dd-188d-4ef5-99c8-dcc5d3d67b38'
    }
  ]
} to 28529:0
2026-02-24T21:19:51.278Z CLI info [testhub:request-queue-handler]  [vedantvankar_WD2nZN]  [srujyhua7le0kbwv6qz2yzcqpznuptkb92dxcer1]  [5be2e400-7dbb-417d-b612-44702b0f7e80]  Added the event {
  event_type: 'LogCreated',
  logs: [
    {
      testFrameworkName: 'pytest',
      testFrameworkVersion: '9.0.2',
      testFrameworkState: 'INIT_TEST',
      timestamp: '2026-02-24T21:19:25.338Z',
      uuid: '819487dd-188d-4ef5-99c8-dcc5d3d67b38',
      kind: 'TEST_LOG',
      message: "POST https://hub-aps.browserstack.com/wd/hub/session/48f801496bbdd79ab2fe3406adefd15855e48341/url {'url': 'https://elpais.com/opinion/2026-02-24/la-conga-de-los-pocholos.html'}",
      level: 'DEBUG',
      test_run_uuid: '819487dd-188d-4ef5-99c8-dcc5d3d67b38'
    }
  ]
} to 28529:0
2026-02-24T21:19:51.278Z CLI info [testhub:request-queue-handler]  [vedantvankar_WD2nZN]  [srujyhua7le0kbwv6qz2yzcqpznuptkb92dxcer1]  [5be2e400-7dbb-417d-b612-44702b0f7e80]  Added the event {
  event_type: 'LogCreated',
  logs: [
    {
      testFrameworkName: 'pytest',
      testFrameworkVersion: '9.0.2',
      testFrameworkState: 'INIT_TEST',
      timestamp: '2026-02-24T21:19:26.309Z',
      uuid: '819487dd-188d-4ef5-99c8-dcc5d3d67b38',
      kind: 'TEST_LOG',
      message: 'https://hub-aps.browserstack.com:443 "POST /wd/hub/session/48f801496bbdd79ab2fe3406adefd15855e48341/url HTTP/1.1" 200 0',
      level: 'DEBUG',
      test_run_uuid: '819487dd-188d-4ef5-99c8-dcc5d3d67b38'
    }
  ]
} to 28529:0
2026-02-24T21:19:51.278Z CLI info [testhub:request-queue-handler]  [vedantvankar_WD2nZN]  [srujyhua7le0kbwv6qz2yzcqpznuptkb92dxcer1]  [5be2e400-7dbb-417d-b612-44702b0f7e80]  Added the event {
  event_type: 'LogCreated',
  logs: [
    {
      testFrameworkName: 'pytest',
      testFrameworkVersion: '9.0.2',
      testFrameworkState: 'INIT_TEST',
      timestamp: '2026-02-24T21:19:26.309Z',
      uuid: '819487dd-188d-4ef5-99c8-dcc5d3d67b38',
      kind: 'TEST_LOG',
      message: `Remote response: status=200 | data={"value":null,"status":0} | headers=HTTPHeaderDict({'Server': 'nginx', 'Date': 'Tue, 24 Feb 2026 21:19:26 GMT', 'Content-Type': 'application/json; charset=utf-8', 'Content-Length': '25', 'Connection': 'keep-alive', 'Source-From': '02', 'x-powered-by': 'Express', 'vary': 'X-HTTP-Method-Override', 'etag': 'W/"19-V80vR2Krut7J8WstZ7j7cZLjLhw"'})`,
      level: 'DEBUG',
      test_run_uuid: '819487dd-188d-4ef5-99c8-dcc5d3d67b38'
    }
  ]
} to 28529:0
2026-02-24T21:19:51.278Z CLI info [testhub:request-queue-handler]  [vedantvankar_WD2nZN]  [srujyhua7le0kbwv6qz2yzcqpznuptkb92dxcer1]  [5be2e400-7dbb-417d-b612-44702b0f7e80]  Added the event {
  event_type: 'LogCreated',
  logs: [
    {
      testFrameworkName: 'pytest',
      testFrameworkVersion: '9.0.2',
      testFrameworkState: 'INIT_TEST',
      timestamp: '2026-02-24T21:19:26.309Z',
      uuid: '819487dd-188d-4ef5-99c8-dcc5d3d67b38',
      kind: 'TEST_LOG',
      message: 'Finished Request',
      level: 'DEBUG',
      test_run_uuid: '819487dd-188d-4ef5-99c8-dcc5d3d67b38'
    }
  ]
} to 28529:0
2026-02-24T21:19:51.278Z CLI info [testhub:request-queue-handler]  [vedantvankar_WD2nZN]  [srujyhua7le0kbwv6qz2yzcqpznuptkb92dxcer1]  [5be2e400-7dbb-417d-b612-44702b0f7e80]  Added the event {
  event_type: 'LogCreated',
  logs: [
    {
      testFrameworkName: 'pytest',
      testFrameworkVersion: '9.0.2',
      testFrameworkState: 'INIT_TEST',
      timestamp: '2026-02-24T21:19:30.312Z',
      uuid: '819487dd-188d-4ef5-99c8-dcc5d3d67b38',
      kind: 'TEST_LOG',
      message: 'GET https://hub-aps.browserstack.com/wd/hub/session/48f801496bbdd79ab2fe3406adefd15855e48341/source {}',
      level: 'DEBUG',
      test_run_uuid: '819487dd-188d-4ef5-99c8-dcc5d3d67b38'
    }
  ]
} to 28529:0
2026-02-24T21:19:51.278Z CLI info [testhub:request-queue-handler]  [vedantvankar_WD2nZN]  [srujyhua7le0kbwv6qz2yzcqpznuptkb92dxcer1]  [5be2e400-7dbb-417d-b612-44702b0f7e80]  Added the event {
  event_type: 'LogCreated',
  logs: [
    {
      testFrameworkName: 'pytest',
      testFrameworkVersion: '9.0.2',
      testFrameworkState: 'INIT_TEST',
      timestamp: '2026-02-24T21:19:31.269Z',
      uuid: '819487dd-188d-4ef5-99c8-dcc5d3d67b38',
      kind: 'TEST_LOG',
      message: 'https://hub-aps.browserstack.com:443 "GET /wd/hub/session/48f801496bbdd79ab2fe3406adefd15855e48341/source HTTP/1.1" 200 0',
      level: 'DEBUG',
      test_run_uuid: '819487dd-188d-4ef5-99c8-dcc5d3d67b38'
    }
  ]
} to 28529:0
2026-02-24T21:19:51.279Z CLI info [testhub:request-queue-handler]  [vedantvankar_WD2nZN]  [srujyhua7le0kbwv6qz2yzcqpznuptkb92dxcer1]  [5be2e400-7dbb-417d-b612-44702b0f7e80]  Added the event {
  event_type: 'LogCreated',
  logs: [
    {
      testFrameworkName: 'pytest',
      testFrameworkVersion: '9.0.2',
      testFrameworkState: 'INIT_TEST',
      timestamp: '2026-02-24T21:19:31.271Z',
      uuid: '819487dd-188d-4ef5-99c8-dcc5d3d67b38',
      kind: 'TEST_LOG',
      message: 'Remote response: status=200 | data={"value":"<html lang=\\"es\\"><head><meta charset=\\"UTF-8\\"><meta name=\\"viewport\\" content=\\"width=device-width, initial-scale=1.0\\"><link rel=\\"preload\\" as=\\"image\\" imagesrcset=\\"https://imagenes.elpais.com/resizer/v2/U2FPW5IHSY5HUAYQGX5RXUAKQA.jpg?auth=a8563a915a055768778bab7dcce2b873f771cc5d7383df49ddb5ba9162f8dcd8&amp;width=414 414w,https://imagenes.elpais.com/resizer/v2/U2FPW5IHSY5HUAYQGX5RXUAKQA.jpg?auth=a8563a915a055768778bab7dcce2b873f771cc5d7383df49ddb5ba9162f8dcd8&amp;width=640 640w,https://imagenes.elpais.com/resizer/v2/U2FPW5IHSY5HUAYQGX5RXUAKQA.jpg?auth=a8563a915a055768778bab7dcce2b873f771cc5d7383df49ddb5ba9162f8dcd8&amp;width=1000 1000w,https://imagenes.elpais.com/resizer/v2/U2FPW5IHSY5HUAYQGX5RXUAKQA.jpg?auth=a8563a915a055768778bab7dcce2b873f771cc5d7383df49ddb5ba9162f8dcd8&amp;width=1200 1200w\\" imagesizes=\\"(min-width:1199px) 661px, (min-width:1001px) 54vw, (min-width:768px) 715px, 100vw\\"><script async=\\"\\" src=\\"https://c.amazon-adsystem.com/aax2/apstag.js\\"></script><link rel=\\"dns-prefetch\\"><link rel=\\"preconnect\\"><script src=\\"https://sdk.mrf.io/statics/marfeel-sdk.es5.js?id=2223\\" async=\\"\\" type=\\"text/javascript\\" nomodule=\\"\\"></script><script src=\\"https://sdk.mrf.io/statics/marfeel-sdk.js?id=2223\\" type=\\"module\\"></script><script id=\\"gfkS2s\\" async=\\"\\" type=\\"text/javascript\\" src=\\"https://ES-config.sensic.net/s2s-web.js\\"></script><script id=\\"spcloader\\" type=\\"text/javascript\\" async=\\"\\" src=\\"https://sdk.privacy-center.org/8ba38674-edba-484d-8053-435051d79f72/loader.js?target=elpais.com\\" charset=\\"utf-8\\"></script><script async=\\"\\" src=\\"https://news.google.com/swg/js/v1/swg-gaa.js\\"></script><script async=\\"\\" subscriptions-control=\\"manual\\" src=\\"https://news.google.com/swg/js/v1/swg.js\\"></script><script id=\\"dsq-count-scr\\" src=\\"https://el-pais-1.disqus.com/count.js\\" async=\\"\\"></script><script src=\\"https://accounts.google.com/gsi/client\\" async=\\"\\" defer=\\"\\"></script><link rel=\\"preconnect\\" href=\\"//static.elpais.com\\"><link rel=\\"preconnect\\" href=\\"//assets.adobedtm.com\\"><link rel=\\"preconnect\\" href=\\"//sdk.privacy-center.org\\"><link rel=\\"preload\\" href=\\"https://imagenes.elpais.com/resizer/v2/U2FPW5IHSY5HUAYQGX5RXUAKQA.jpg?auth=a8563a915a055768778bab7dcce2b873f771cc5d7383df49ddb5ba9162f8dcd8&amp;width=414\\" imagesrcset=\\"https://imagenes.elpais.com/resizer/v2/U2FPW5IHSY5HUAYQGX5RXUAKQA.jpg?auth=a8563a915a055768778bab7dcce2b873f771cc5d7383df49ddb5ba9162f8dcd8&amp;width=414 414w,https://imagenes.elpais.com/resizer/v2/U2FPW5IHSY5HUAYQGX5RXUAKQA.jpg?auth=a8563a915a055768778bab7dcce2b873f771cc5d7383df49ddb5ba9162f8dcd8&amp;width=640 640w,https://imagenes.elpais.com/resizer/v2/U2FPW5IHSY5HUAYQGX5RXUAKQA.jpg?auth=a8563a915a055768778bab7dcce2b873f771cc5d7383df49ddb5ba9162f8dcd8&amp;width=1000 1000w,https://imagenes.elpais.com/resizer/v2/U2FPW5IHSY5HUAYQGX5RXUAKQA.jpg?auth=a8563a915a055768778bab7dcce2b873f771cc5d7383df49ddb5ba9162f8dcd8&amp;width=1200 1200w\\" imagesizes=\\"(min-width:1199px) 661px, (min-width:1001px) 54vw, (min-width:768px) 715px, 100vw\\" as=\\"image\\" fetchpriority=\\"high\\"><link rel=\\"preload\\" href=\\"https://static.elpais.com/dist/resources/fonts/majrit/majrit-text/Majrit-Text-Roman.woff2\\" as=\\"font\\" type=\\"font/woff2\\" crossorigin=\\"\\"><link rel=\\"preload\\" href=\\"https://static.elpais.com/dist/resources/fonts/majrit/majrit-text/Majrit-Text-Black-Italic.woff2\\" as=\\"font\\" type=\\"font/woff2\\" crossorigin=\\"\\"><title>La conga de los pocholos | Opinión | EL PAÍS</title><meta name=\\"date\\" scheme=\\"W3CDTF\\" content=\\"2026-02-24T05:30:01+01:00\\"><meta name=\\"lang\\" content=\\"es\\"><meta name=\\"author\\" content=\\"Raquel Peláez\\"><meta name=\\"robots\\" content=\\"index,follow,max-image-preview:large\\"><meta name=\\"description\\" content=\\"La clave para ganar en cualquier carrera institucional es no soltarse en ningún momento\\"><meta name=\\"organization\\" content=\\"Ediciones EL PAÍS S.L.\\"><meta property=\\"article:publisher\\" content=\\"https://www.facebook.com/elpais\\"><meta property=\\"article:published_time\\" content=\\"2026-02-24T05:30:01+01:00\\"><meta property=\\"article:modified_time\\" content=\\"2026-02-24T05:30:01+01:00\\"><meta property=\\"og:title\\" content=\\"La conga de los pocholos\\"><meta property=\\"og:description\\" content=\\"La clave para ganar en cualquier carrera institucional es no soltarse en ningún momento\\"><meta property=\\"og:updated_time\\" content=\\"2026-02-24T05:30:01+01:00\\"><meta property=\\"og:image\\" content=\\"https://imagenes.elpais.com/resizer/v2/U2FPW5IHSY5HUAYQGX5RXUAKQA.jpg?auth=a8563a915a055768778bab7dcce2b873f771cc5d7383df49ddb5ba9162f8dcd8&amp;width=1200\\"><meta property=\\"og:image:width\\" content=\\"1200\\"><meta property=\\"og:image:height\\" content=\\"751\\"><meta property=\\"og:url\\" content=\\"https://elpais.com/opinion/2026-02-24/la-conga-de-los-pocholos.html\\"><meta property=\\"og:type\\" content=\\"article\\"><meta property=\\"og:site_name\\" content=\\"El País\\"><meta property=\\"fb:app_id\\" content=\\"94039431626\\"><meta property=\\"twitter:card\\" content=\\"summary_large_image\\"><meta property=\\"twitter:site\\" content=\\"@el_pais\\"><link rel=\\"canonical\\" href=\\"https://elpais.com/opinion/2026-02-24/la-conga-de-los-pocholos.html\\"><link rel=\\"amphtml\\" href=\\"https://elpais.com/opinion/2026-02-24/la-conga-de-los-pocholos.html?outputType=amp\\"><meta property=\\"article:section\\" content=\\"Opinión\\"><meta property=\\"article:tag\\" content=\\"Opinión\\"><meta property=\\"article:tag\\" content=\\"España\\"><meta property=\\"article:tag\\" content=\\"Política\\"><meta property=\\"article:tag\\" content=\\"Partidos políticos\\"><meta property=\\"article:tag\\" content=\\"Políticos\\"><meta property=\\"article:tag\\" content=\\"PP\\"><meta property=\\"article:tag\\" content=\\"PP Madrid\\"><meta property=\\"article:tag\\" content=\\"Comunidad de Madrid\\"><meta property=\\"article:tag\\" content=\\"Isabel Díaz Ayuso\\"><meta property=\\"article:tag\\" content=\\"Cristina Cifuentes\\"><meta property=\\"article:tag\\" content=\\"Esperanza Aguirre\\"><meta property=\\"article:tag\\" content=\\"Isabel Carrasco\\"><meta property=\\"article:tag\\" content=\\"Caso Carrasco\\"><meta property=\\"twitter:title\\" content=\\"La conga de los pocholos | Columna\\"><meta property=\\"og:article:publisher\\" content=\\"EL PAÍS\\"><meta property=\\"og:article:author\\" content=\\"Raquel Peláez\\"><meta name=\\"DC.date.issued\\" content=\\"2026-02-24T05:30:01+01:00\\"><meta property=\\"mrf:tags\\" content=\\"brandedContent:false;\\"><meta property=\\"fb:pages\\" content=\\"8585811569\\"><meta property=\\"news_keywords\\" content=\\"Opinión, España, Política, Partidos políticos, Políticos, PP, PP Madrid, Comunidad de Madrid, Isabel Díaz Ayuso, Cristina Cifuentes, Esperanza Aguirre, Isabel Carrasco, Caso Carrasco\\"><link rel=\\"alternate\\" href=\\"https://feeds.elpais.com/mrss-s/pages/ep/site/elpais.com/section/opinion/portada\\" type=\\"application/rss+xml\\" title=\\"RSS sobre Opinión\\"><link rel=\\"manifest\\" href=\\"/pf/resources/manifests/site.webmanifest?d=2381\\"><link rel=\\"icon\\" href=\\"https://static.elpais.com/dist/resources/images/favicon.ico\\" type=\\"image/x-icon\\"><link rel=\\"icon\\" href=\\"https://static.elpais.com/dist/resources/images/favicon_96.png\\" type=\\"image/png\\" sizes=\\"96x96\\"><link rel=\\"apple-touch-icon\\" sizes=\\"180x180\\" href=\\"https://static.elpais.com/dist/resources/images/apple-touch-icon.png\\"><script type=\\"application/javascript\\">window.ENP = {\\"globalContent\\":{\\"_id\\":\\"LEO72N5225ACDDGI3FQLOYBCPA\\",\\"website\\":\\"el-pais\\",\\"alertEnabled\\":true,\\"lotteryButtonEnabled\\":false,\\"chatbotDisabled\\":true,\\"subscribeLinkByIP\\":\\"https://elpais.com/suscripciones/america/#/campaign\\",\\"subscribeLink\\":\\"https://elpais.com/suscripciones/#/campaign\\",\\"subscribePremiumLink\\":{\\"default\\":\\"https://elpais.com/suscripciones/premium/upgrade/\\",\\"CA\\":\\"https://elpais.com/suscripciones/digital/premium/upgrade/eucan/\\",\\"US\\":\\"https://elpais.com/suscripciones/digital/premium/upgrade/eucan/\\"},\\"usunLoginUrl\\":\\"https://services.users.elpais.com/serviceLogin.html\\",\\"baseUrlApiGateway\\":\\"https://wdnf3ec6zb.execute-api.eu-west-1.amazonaws.com/PRO/api/\\",\\"serviceProductUrl\\":\\"https://services.users.elpais.com/serviceProduct.html\\",\\"newsGoogleScript\\":\\"https://news.google.com/swg/js/v1/swg.js\\",\\"secretPasswordServiceProduct\\":\\"&_&que_es_mi_barco$_$\\",\\"favoritesURL\\":\\"https://static.elpais.com/dist/resources/js/334f83a783d9964bffcb2080a770b0c8/ENP-favorites.js\\",\\"apiOrigin\\":\\"https://publicapi.elpais.com\\",\\"publicApi\\":\\"https://publicapi.elpais.com\\",\\"entitlements\\":{\\"basic\\":[2895115629259653],\\"premium\\":[2810938707754442]},\\"omitAds\\":false,\\"isArticle\\":true,\\"isPageWithLiveBlog\\":false,\\"isPageWithLes\\":false,\\"isScoreboardLive\\":false,\\"hasSportLive\\":false,\\"source_system\\":\\"composer\\",\\"canonicalUrl\\":\\"/opinion/2026-02-24/la-conga-de-los-pocholos.html\\",\\"alertsOption\\":{\\"enableAlert\\":true},\\"comments\\":{\\"display_comments\\":true},\\"sites\\":{\\"el-pais\\":{\\"socialLinks\\":{\\"facebook\\":\\"https://es-es.facebook.com/elpais/\\",\\"twitter\\":\\"https://twitter.com/el_pais\\",\\"youtube\\":\\"https://www.youtube.com/channel/UCnsvJeZO4RigQ898WdDNoBw\\",\\"wikipedia\\":\\"https://es.wikipedia.org/wiki/El_Pa%C3%ADs\\",\\"instagram\\":\\"https://www.instagram.com/el_pais/\\"},\\"twitterUsername\\":\\"el_pais\\",\\"siteLanguage\\":\\"es\\"},\\"el-pais-america\\":{\\"socialLinks\\":{\\"facebook\\":\\"https://www.facebook.com/elpaisamerica\\",\\"twitter\\":\\"https://twitter.com/elpais_america\\",\\"youtube\\":\\"https://www.youtube.com/user/elpaiscom\\",\\"wikipedia\\":\\"https://es.wikipedia.org/wiki/El_Pa%C3%ADs\\",\\"instagram\\":\\"https://www.instagram.com/elpaisamerica\\"},\\"twitterUsername\\":\\"elpais_america\\",\\"siteLanguage\\":\\"es\\"},\\"el-pais-mexico\\":{\\"socialLinks\\":{\\"facebook\\":\\"https://www.facebook.com/elpaismexico\\",\\"twitter\\":\\"https://twitter.com/elpaismexico\\",\\"youtube\\":\\"https://www.youtube.com/user/elpaiscom\\",\\"wikipedia\\":\\"https://es.wikipedia.org/wiki/El_Pa%C3%ADs\\",\\"instagram\\":\\"https://www.ins'... 562820 more characters,
      level: 'DEBUG',
      test_run_uuid: '819487dd-188d-4ef5-99c8-dcc5d3d67b38'
    }
  ]
} to 28529:0
2026-02-24T21:19:51.279Z CLI info [testhub:request-queue-handler]  [vedantvankar_WD2nZN]  [srujyhua7le0kbwv6qz2yzcqpznuptkb92dxcer1]  [5be2e400-7dbb-417d-b612-44702b0f7e80]  Added the event {
  event_type: 'LogCreated',
  logs: [
    {
      testFrameworkName: 'pytest',
      testFrameworkVersion: '9.0.2',
      testFrameworkState: 'INIT_TEST',
      timestamp: '2026-02-24T21:19:31.289Z',
      uuid: '819487dd-188d-4ef5-99c8-dcc5d3d67b38',
      kind: 'TEST_LOG',
      message: 'Finished Request',
      level: 'DEBUG',
      test_run_uuid: '819487dd-188d-4ef5-99c8-dcc5d3d67b38'
    }
  ]
} to 28529:0
2026-02-24T21:19:51.279Z CLI info [testhub:request-queue-handler]  [vedantvankar_WD2nZN]  [srujyhua7le0kbwv6qz2yzcqpznuptkb92dxcer1]  [5be2e400-7dbb-417d-b612-44702b0f7e80]  Added the event {
  event_type: 'LogCreated',
  logs: [
    {
      testFrameworkName: 'pytest',
      testFrameworkVersion: '9.0.2',
      testFrameworkState: 'INIT_TEST',
      timestamp: '2026-02-24T21:19:31.340Z',
      uuid: '819487dd-188d-4ef5-99c8-dcc5d3d67b38',
      kind: 'TEST_LOG',
      message: 'Starting new HTTPS connection (1): imagenes.elpais.com:443',
      level: 'DEBUG',
      test_run_uuid: '819487dd-188d-4ef5-99c8-dcc5d3d67b38'
    }
  ]
} to 28529:0
2026-02-24T21:19:51.279Z CLI info [testhub:request-queue-handler]  [vedantvankar_WD2nZN]  [srujyhua7le0kbwv6qz2yzcqpznuptkb92dxcer1]  [5be2e400-7dbb-417d-b612-44702b0f7e80]  Added the event {
  event_type: 'LogCreated',
  logs: [
    {
      testFrameworkName: 'pytest',
      testFrameworkVersion: '9.0.2',
      testFrameworkState: 'INIT_TEST',
      timestamp: '2026-02-24T21:19:31.593Z',
      uuid: '819487dd-188d-4ef5-99c8-dcc5d3d67b38',
      kind: 'TEST_LOG',
      message: 'https://imagenes.elpais.com:443 "GET /resizer/v2/U2FPW5IHSY5HUAYQGX5RXUAKQA.jpg?auth=a8563a915a055768778bab7dcce2b873f771cc5d7383df49ddb5ba9162f8dcd8&width=1200 HTTP/1.1" 200 91233',
      level: 'DEBUG',
      test_run_uuid: '819487dd-188d-4ef5-99c8-dcc5d3d67b38'
    }
  ]
} to 28529:0
2026-02-24T21:19:51.279Z CLI info [testhub:request-queue-handler]  [vedantvankar_WD2nZN]  [srujyhua7le0kbwv6qz2yzcqpznuptkb92dxcer1]  [5be2e400-7dbb-417d-b612-44702b0f7e80]  Added the event {
  event_type: 'LogCreated',
  logs: [
    {
      testFrameworkName: 'pytest',
      testFrameworkVersion: '9.0.2',
      testFrameworkState: 'INIT_TEST',
      timestamp: '2026-02-24T21:19:31.669Z',
      uuid: '819487dd-188d-4ef5-99c8-dcc5d3d67b38',
      kind: 'TEST_LOG',
      message: "POST https://hub-aps.browserstack.com/wd/hub/session/48f801496bbdd79ab2fe3406adefd15855e48341/url {'url': 'https://elpais.com/opinion/2026-02-24/riki-blanco-prohibido.html'}",
      level: 'DEBUG',
      test_run_uuid: '819487dd-188d-4ef5-99c8-dcc5d3d67b38'
    }
  ]
} to 28529:0
2026-02-24T21:19:51.279Z CLI info [testhub:request-queue-handler]  [vedantvankar_WD2nZN]  [srujyhua7le0kbwv6qz2yzcqpznuptkb92dxcer1]  [5be2e400-7dbb-417d-b612-44702b0f7e80]  Added the event {
  event_type: 'LogCreated',
  logs: [
    {
      testFrameworkName: 'pytest',
      testFrameworkVersion: '9.0.2',
      testFrameworkState: 'INIT_TEST',
      timestamp: '2026-02-24T21:19:32.912Z',
      uuid: '819487dd-188d-4ef5-99c8-dcc5d3d67b38',
      kind: 'TEST_LOG',
      message: 'https://hub-aps.browserstack.com:443 "POST /wd/hub/session/48f801496bbdd79ab2fe3406adefd15855e48341/url HTTP/1.1" 200 0',
      level: 'DEBUG',
      test_run_uuid: '819487dd-188d-4ef5-99c8-dcc5d3d67b38'
    }
  ]
} to 28529:0
2026-02-24T21:19:51.279Z CLI info [testhub:request-queue-handler]  [vedantvankar_WD2nZN]  [srujyhua7le0kbwv6qz2yzcqpznuptkb92dxcer1]  [5be2e400-7dbb-417d-b612-44702b0f7e80]  Added the event {
  event_type: 'LogCreated',
  logs: [
    {
      testFrameworkName: 'pytest',
      testFrameworkVersion: '9.0.2',
      testFrameworkState: 'INIT_TEST',
      timestamp: '2026-02-24T21:19:32.913Z',
      uuid: '819487dd-188d-4ef5-99c8-dcc5d3d67b38',
      kind: 'TEST_LOG',
      message: `Remote response: status=200 | data={"value":null,"status":0} | headers=HTTPHeaderDict({'Server': 'nginx', 'Date': 'Tue, 24 Feb 2026 21:19:32 GMT', 'Content-Type': 'application/json; charset=utf-8', 'Content-Length': '25', 'Connection': 'keep-alive', 'Source-From': '02', 'x-powered-by': 'Express', 'vary': 'X-HTTP-Method-Override', 'etag': 'W/"19-V80vR2Krut7J8WstZ7j7cZLjLhw"'})`,
      level: 'DEBUG',
      test_run_uuid: '819487dd-188d-4ef5-99c8-dcc5d3d67b38'
    }
  ]
} to 28529:0
2026-02-24T21:19:51.279Z CLI info [testhub:request-queue-handler]  [vedantvankar_WD2nZN]  [srujyhua7le0kbwv6qz2yzcqpznuptkb92dxcer1]  [5be2e400-7dbb-417d-b612-44702b0f7e80]  Added the event {
  event_type: 'LogCreated',
  logs: [
    {
      testFrameworkName: 'pytest',
      testFrameworkVersion: '9.0.2',
      testFrameworkState: 'INIT_TEST',
      timestamp: '2026-02-24T21:19:32.913Z',
      uuid: '819487dd-188d-4ef5-99c8-dcc5d3d67b38',
      kind: 'TEST_LOG',
      message: 'Finished Request',
      level: 'DEBUG',
      test_run_uuid: '819487dd-188d-4ef5-99c8-dcc5d3d67b38'
    }
  ]
} to 28529:0
2026-02-24T21:19:51.279Z CLI info [testhub:request-queue-handler]  [vedantvankar_WD2nZN]  [srujyhua7le0kbwv6qz2yzcqpznuptkb92dxcer1]  [5be2e400-7dbb-417d-b612-44702b0f7e80]  Added the event {
  event_type: 'LogCreated',
  logs: [
    {
      testFrameworkName: 'pytest',
      testFrameworkVersion: '9.0.2',
      testFrameworkState: 'INIT_TEST',
      timestamp: '2026-02-24T21:19:36.915Z',
      uuid: '819487dd-188d-4ef5-99c8-dcc5d3d67b38',
      kind: 'TEST_LOG',
      message: 'GET https://hub-aps.browserstack.com/wd/hub/session/48f801496bbdd79ab2fe3406adefd15855e48341/source {}',
      level: 'DEBUG',
      test_run_uuid: '819487dd-188d-4ef5-99c8-dcc5d3d67b38'
    }
  ]
} to 28529:0
2026-02-24T21:19:51.279Z CLI info [testhub:request-queue-handler]  [vedantvankar_WD2nZN]  [srujyhua7le0kbwv6qz2yzcqpznuptkb92dxcer1]  [5be2e400-7dbb-417d-b612-44702b0f7e80]  Added the event {
  event_type: 'LogCreated',
  logs: [
    {
      testFrameworkName: 'pytest',
      testFrameworkVersion: '9.0.2',
      testFrameworkState: 'INIT_TEST',
      timestamp: '2026-02-24T21:19:37.529Z',
      uuid: '819487dd-188d-4ef5-99c8-dcc5d3d67b38',
      kind: 'TEST_LOG',
      message: 'https://hub-aps.browserstack.com:443 "GET /wd/hub/session/48f801496bbdd79ab2fe3406adefd15855e48341/source HTTP/1.1" 200 0',
      level: 'DEBUG',
      test_run_uuid: '819487dd-188d-4ef5-99c8-dcc5d3d67b38'
    }
  ]
} to 28529:0
2026-02-24T21:19:51.280Z CLI info [testhub:request-queue-handler]  [vedantvankar_WD2nZN]  [srujyhua7le0kbwv6qz2yzcqpznuptkb92dxcer1]  [5be2e400-7dbb-417d-b612-44702b0f7e80]  Added the event {
  event_type: 'LogCreated',
  logs: [
    {
      testFrameworkName: 'pytest',
      testFrameworkVersion: '9.0.2',
      testFrameworkState: 'INIT_TEST',
      timestamp: '2026-02-24T21:19:37.530Z',
      uuid: '819487dd-188d-4ef5-99c8-dcc5d3d67b38',
      kind: 'TEST_LOG',
      message: 'Remote response: status=200 | data={"value":"<html lang=\\"es\\"><head><meta charset=\\"UTF-8\\"><meta name=\\"viewport\\" content=\\"width=device-width, initial-scale=1.0\\"><link rel=\\"preload\\" as=\\"image\\" imagesrcset=\\"https://imagenes.elpais.com/resizer/v2/JLQ7MEGN6FCITJWOJMZG5ZVZYY.jpg?auth=5ce8d349f5435d611ee9d6d77f62bcca6d49606df71fdf6c658f46f05021020b&amp;width=414 414w,https://imagenes.elpais.com/resizer/v2/JLQ7MEGN6FCITJWOJMZG5ZVZYY.jpg?auth=5ce8d349f5435d611ee9d6d77f62bcca6d49606df71fdf6c658f46f05021020b&amp;width=640 640w,https://imagenes.elpais.com/resizer/v2/JLQ7MEGN6FCITJWOJMZG5ZVZYY.jpg?auth=5ce8d349f5435d611ee9d6d77f62bcca6d49606df71fdf6c658f46f05021020b&amp;width=1000 1000w,https://imagenes.elpais.com/resizer/v2/JLQ7MEGN6FCITJWOJMZG5ZVZYY.jpg?auth=5ce8d349f5435d611ee9d6d77f62bcca6d49606df71fdf6c658f46f05021020b&amp;width=1200 1200w\\" imagesizes=\\"(min-width:1199px) 661px, (min-width:1001px) 54vw, (min-width:768px) 715px, 100vw\\"><script async=\\"\\" src=\\"https://c.amazon-adsystem.com/aax2/apstag.js\\"></script><link rel=\\"dns-prefetch\\"><link rel=\\"preconnect\\"><script src=\\"https://sdk.mrf.io/statics/marfeel-sdk.es5.js?id=2223\\" async=\\"\\" type=\\"text/javascript\\" nomodule=\\"\\"></script><script src=\\"https://sdk.mrf.io/statics/marfeel-sdk.js?id=2223\\" type=\\"module\\"></script><script id=\\"gfkS2s\\" async=\\"\\" type=\\"text/javascript\\" src=\\"https://ES-config.sensic.net/s2s-web.js\\"></script><script id=\\"spcloader\\" type=\\"text/javascript\\" async=\\"\\" src=\\"https://sdk.privacy-center.org/8ba38674-edba-484d-8053-435051d79f72/loader.js?target=elpais.com\\" charset=\\"utf-8\\"></script><script async=\\"\\" src=\\"https://news.google.com/swg/js/v1/swg-gaa.js\\"></script><script async=\\"\\" subscriptions-control=\\"manual\\" src=\\"https://news.google.com/swg/js/v1/swg.js\\"></script><script id=\\"dsq-count-scr\\" src=\\"https://el-pais-1.disqus.com/count.js\\" async=\\"\\"></script><script src=\\"https://accounts.google.com/gsi/client\\" async=\\"\\" defer=\\"\\"></script><link rel=\\"preconnect\\" href=\\"//static.elpais.com\\"><link rel=\\"preconnect\\" href=\\"//assets.adobedtm.com\\"><link rel=\\"preconnect\\" href=\\"//sdk.privacy-center.org\\"><link rel=\\"preload\\" href=\\"https://imagenes.elpais.com/resizer/v2/JLQ7MEGN6FCITJWOJMZG5ZVZYY.jpg?auth=5ce8d349f5435d611ee9d6d77f62bcca6d49606df71fdf6c658f46f05021020b&amp;width=414\\" imagesrcset=\\"https://imagenes.elpais.com/resizer/v2/JLQ7MEGN6FCITJWOJMZG5ZVZYY.jpg?auth=5ce8d349f5435d611ee9d6d77f62bcca6d49606df71fdf6c658f46f05021020b&amp;width=414 414w,https://imagenes.elpais.com/resizer/v2/JLQ7MEGN6FCITJWOJMZG5ZVZYY.jpg?auth=5ce8d349f5435d611ee9d6d77f62bcca6d49606df71fdf6c658f46f05021020b&amp;width=640 640w,https://imagenes.elpais.com/resizer/v2/JLQ7MEGN6FCITJWOJMZG5ZVZYY.jpg?auth=5ce8d349f5435d611ee9d6d77f62bcca6d49606df71fdf6c658f46f05021020b&amp;width=1000 1000w,https://imagenes.elpais.com/resizer/v2/JLQ7MEGN6FCITJWOJMZG5ZVZYY.jpg?auth=5ce8d349f5435d611ee9d6d77f62bcca6d49606df71fdf6c658f46f05021020b&amp;width=1200 1200w\\" imagesizes=\\"(min-width:1199px) 661px, (min-width:1001px) 54vw, (min-width:768px) 715px, 100vw\\" as=\\"image\\" fetchpriority=\\"high\\"><link rel=\\"preload\\" href=\\"https://static.elpais.com/dist/resources/fonts/majrit/majrit-text/Majrit-Text-Roman.woff2\\" as=\\"font\\" type=\\"font/woff2\\" crossorigin=\\"\\"><link rel=\\"preload\\" href=\\"https://static.elpais.com/dist/resources/fonts/majrit/majrit-text/Majrit-Text-Black-Italic.woff2\\" as=\\"font\\" type=\\"font/woff2\\" crossorigin=\\"\\"><title>Riki Blanco: prohibido | Opinión | EL PAÍS</title><meta name=\\"date\\" scheme=\\"W3CDTF\\" content=\\"2026-02-24T05:45:01+01:00\\"><meta name=\\"lang\\" content=\\"es\\"><meta name=\\"author\\" content=\\"Riki Blanco\\"><meta name=\\"robots\\" content=\\"index,follow,max-image-preview:large\\"><meta name=\\"description\\" content=\\"Viñeta del 24 de febrero de 2026\\"><meta name=\\"organization\\" content=\\"Ediciones EL PAÍS S.L.\\"><meta property=\\"article:publisher\\" content=\\"https://www.facebook.com/elpais\\"><meta property=\\"article:published_time\\" content=\\"2026-02-24T05:45:01+01:00\\"><meta property=\\"article:modified_time\\" content=\\"2026-02-24T05:45:01+01:00\\"><meta property=\\"og:title\\" content=\\"Riki Blanco: prohibido\\"><meta property=\\"og:description\\" content=\\"Viñeta del 24 de febrero de 2026\\"><meta property=\\"og:updated_time\\" content=\\"2026-02-24T05:45:01+01:00\\"><meta property=\\"og:image\\" content=\\"https://imagenes.elpais.com/resizer/v2/JLQ7MEGN6FCITJWOJMZG5ZVZYY.jpg?auth=5ce8d349f5435d611ee9d6d77f62bcca6d49606df71fdf6c658f46f05021020b&amp;width=1200\\"><meta property=\\"og:image:width\\" content=\\"1200\\"><meta property=\\"og:image:height\\" content=\\"1070\\"><meta property=\\"og:url\\" content=\\"https://elpais.com/opinion/2026-02-24/riki-blanco-prohibido.html\\"><meta property=\\"og:type\\" content=\\"article\\"><meta property=\\"og:site_name\\" content=\\"El País\\"><meta property=\\"fb:app_id\\" content=\\"94039431626\\"><meta property=\\"twitter:card\\" content=\\"summary_large_image\\"><meta property=\\"twitter:site\\" content=\\"@el_pais\\"><link rel=\\"canonical\\" href=\\"https://elpais.com/opinion/2026-02-24/riki-blanco-prohibido.html\\"><link rel=\\"amphtml\\" href=\\"https://elpais.com/opinion/2026-02-24/riki-blanco-prohibido.html?outputType=amp\\"><meta property=\\"article:section\\" content=\\"Opinión\\"><meta property=\\"article:tag\\" content=\\"Opinión\\"><meta property=\\"article:tag\\" content=\\"Viñetas\\"><meta property=\\"article:tag\\" content=\\"Humor gráfico\\"><meta property=\\"twitter:title\\" content=\\"Riki Blanco: prohibido\\"><meta property=\\"og:article:publisher\\" content=\\"EL PAÍS\\"><meta property=\\"og:article:author\\" content=\\"Riki Blanco\\"><meta name=\\"DC.date.issued\\" content=\\"2026-02-24T05:45:01+01:00\\"><meta property=\\"mrf:tags\\" content=\\"brandedContent:false;\\"><meta property=\\"fb:pages\\" content=\\"8585811569\\"><meta property=\\"news_keywords\\" content=\\"Opinión, Viñetas, Humor gráfico\\"><link rel=\\"alternate\\" href=\\"https://feeds.elpais.com/mrss-s/pages/ep/site/elpais.com/section/opinion/portada\\" type=\\"application/rss+xml\\" title=\\"RSS sobre Opinión\\"><link rel=\\"manifest\\" href=\\"/pf/resources/manifests/site.webmanifest?d=2381\\"><link rel=\\"icon\\" href=\\"https://static.elpais.com/dist/resources/images/favicon.ico\\" type=\\"image/x-icon\\"><link rel=\\"icon\\" href=\\"https://static.elpais.com/dist/resources/images/favicon_96.png\\" type=\\"image/png\\" sizes=\\"96x96\\"><link rel=\\"apple-touch-icon\\" sizes=\\"180x180\\" href=\\"https://static.elpais.com/dist/resources/images/apple-touch-icon.png\\"><script type=\\"application/javascript\\">window.ENP = {\\"globalContent\\":{\\"_id\\":\\"5NV3EFA42BEC7GMBX3UKIRB47I\\",\\"website\\":\\"el-pais\\",\\"alertEnabled\\":true,\\"lotteryButtonEnabled\\":false,\\"chatbotDisabled\\":true,\\"subscribeLinkByIP\\":\\"https://elpais.com/suscripciones/america/#/campaign\\",\\"subscribeLink\\":\\"https://elpais.com/suscripciones/#/campaign\\",\\"subscribePremiumLink\\":{\\"default\\":\\"https://elpais.com/suscripciones/premium/upgrade/\\",\\"CA\\":\\"https://elpais.com/suscripciones/digital/premium/upgrade/eucan/\\",\\"US\\":\\"https://elpais.com/suscripciones/digital/premium/upgrade/eucan/\\"},\\"usunLoginUrl\\":\\"https://services.users.elpais.com/serviceLogin.html\\",\\"baseUrlApiGateway\\":\\"https://wdnf3ec6zb.execute-api.eu-west-1.amazonaws.com/PRO/api/\\",\\"serviceProductUrl\\":\\"https://services.users.elpais.com/serviceProduct.html\\",\\"newsGoogleScript\\":\\"https://news.google.com/swg/js/v1/swg.js\\",\\"secretPasswordServiceProduct\\":\\"&_&que_es_mi_barco$_$\\",\\"favoritesURL\\":\\"https://static.elpais.com/dist/resources/js/334f83a783d9964bffcb2080a770b0c8/ENP-favorites.js\\",\\"apiOrigin\\":\\"https://publicapi.elpais.com\\",\\"publicApi\\":\\"https://publicapi.elpais.com\\",\\"entitlements\\":{\\"basic\\":[2895115629259653],\\"premium\\":[2810938707754442]},\\"omitAds\\":false,\\"isArticle\\":true,\\"isPageWithLiveBlog\\":false,\\"isPageWithLes\\":false,\\"isScoreboardLive\\":false,\\"hasSportLive\\":false,\\"source_system\\":\\"composer\\",\\"canonicalUrl\\":\\"/opinion/2026-02-24/riki-blanco-prohibido.html\\",\\"alertsOption\\":{\\"enableAlert\\":true},\\"comments\\":{\\"display_comments\\":true},\\"sites\\":{\\"el-pais\\":{\\"socialLinks\\":{\\"facebook\\":\\"https://es-es.facebook.com/elpais/\\",\\"twitter\\":\\"https://twitter.com/el_pais\\",\\"youtube\\":\\"https://www.youtube.com/channel/UCnsvJeZO4RigQ898WdDNoBw\\",\\"wikipedia\\":\\"https://es.wikipedia.org/wiki/El_Pa%C3%ADs\\",\\"instagram\\":\\"https://www.instagram.com/el_pais/\\"},\\"twitterUsername\\":\\"el_pais\\",\\"siteLanguage\\":\\"es\\"},\\"el-pais-america\\":{\\"socialLinks\\":{\\"facebook\\":\\"https://www.facebook.com/elpaisamerica\\",\\"twitter\\":\\"https://twitter.com/elpais_america\\",\\"youtube\\":\\"https://www.youtube.com/user/elpaiscom\\",\\"wikipedia\\":\\"https://es.wikipedia.org/wiki/El_Pa%C3%ADs\\",\\"instagram\\":\\"https://www.instagram.com/elpaisamerica\\"},\\"twitterUsername\\":\\"elpais_america\\",\\"siteLanguage\\":\\"es\\"},\\"el-pais-mexico\\":{\\"socialLinks\\":{\\"facebook\\":\\"https://www.facebook.com/elpaismexico\\",\\"twitter\\":\\"https://twitter.com/elpaismexico\\",\\"youtube\\":\\"https://www.youtube.com/user/elpaiscom\\",\\"wikipedia\\":\\"https://es.wikipedia.org/wiki/El_Pa%C3%ADs\\",\\"instagram\\":\\"https://www.instagram.com/elpaismexico\\"},\\"twitterUsername\\":\\"elpaismexico\\",\\"siteLanguage\\":\\"es\\"},\\"el-pais-colombia\\":{\\"socialLinks\\":{\\"facebook\\":\\"https://www.facebook.com/elpaisamericacolombia\\",\\"twitter\\":\\"https://twitter.com/ElPaisAmericaCo\\",\\"youtube\\":\\"https://www.youtube.com/user/elpaiscom\\",\\"wikipedia\\":\\"https://es.wikipedia.org/wiki/El_Pa%C3%ADs\\",\\"instagram\\":\\"https://www.instagram.com/elpaisamericacolombia\\"},\\"twitterUsername\\":\\"elpaisamericaco\\",\\"siteLanguage\\":\\"es\\"},\\"el-pais-argentina\\":{\\"socialLinks\\":{\\"facebook\\":\\"https://www.facebook.com/elpaisamerica\\",\\"twitter\\":\\"https://twitter.com/elpais_america\\",\\"youtube\\":\\"https://www.youtube.com/user/elpaiscom\\",\\"wikipedia\\":\\"https://es.wikipedia.org/wiki/El_Pa%C3%ADs\\",\\"instagram\\":\\"https://www.instagram.com/elpaisamerica/\\"},\\"twitterUsername\\":\\"el_pais\\",\\"siteLanguage\\"'... 462971 more characters,
      level: 'DEBUG',
      test_run_uuid: '819487dd-188d-4ef5-99c8-dcc5d3d67b38'
    }
  ]
} to 28529:0
2026-02-24T21:19:51.280Z CLI info [testhub:request-queue-handler]  [vedantvankar_WD2nZN]  [srujyhua7le0kbwv6qz2yzcqpznuptkb92dxcer1]  [5be2e400-7dbb-417d-b612-44702b0f7e80]  Added the event {
  event_type: 'LogCreated',
  logs: [
    {
      testFrameworkName: 'pytest',
      testFrameworkVersion: '9.0.2',
      testFrameworkState: 'INIT_TEST',
      timestamp: '2026-02-24T21:19:37.541Z',
      uuid: '819487dd-188d-4ef5-99c8-dcc5d3d67b38',
      kind: 'TEST_LOG',
      message: 'Finished Request',
      level: 'DEBUG',
      test_run_uuid: '819487dd-188d-4ef5-99c8-dcc5d3d67b38'
    }
  ]
} to 28529:0
2026-02-24T21:19:51.280Z CLI info [testhub:request-queue-handler]  [vedantvankar_WD2nZN]  [srujyhua7le0kbwv6qz2yzcqpznuptkb92dxcer1]  [5be2e400-7dbb-417d-b612-44702b0f7e80]  Added the event {
  event_type: 'LogCreated',
  logs: [
    {
      testFrameworkName: 'pytest',
      testFrameworkVersion: '9.0.2',
      testFrameworkState: 'INIT_TEST',
      timestamp: '2026-02-24T21:19:37.590Z',
      uuid: '819487dd-188d-4ef5-99c8-dcc5d3d67b38',
      kind: 'TEST_LOG',
      message: 'Starting new HTTPS connection (1): imagenes.elpais.com:443',
      level: 'DEBUG',
      test_run_uuid: '819487dd-188d-4ef5-99c8-dcc5d3d67b38'
    }
  ]
} to 28529:0
2026-02-24T21:19:51.280Z CLI info [testhub:request-queue-handler]  [vedantvankar_WD2nZN]  [srujyhua7le0kbwv6qz2yzcqpznuptkb92dxcer1]  [5be2e400-7dbb-417d-b612-44702b0f7e80]  Added the event {
  event_type: 'LogCreated',
  logs: [
    {
      testFrameworkName: 'pytest',
      testFrameworkVersion: '9.0.2',
      testFrameworkState: 'INIT_TEST',
      timestamp: '2026-02-24T21:19:37.905Z',
      uuid: '819487dd-188d-4ef5-99c8-dcc5d3d67b38',
      kind: 'TEST_LOG',
      message: 'https://imagenes.elpais.com:443 "GET /resizer/v2/JLQ7MEGN6FCITJWOJMZG5ZVZYY.jpg?auth=5ce8d349f5435d611ee9d6d77f62bcca6d49606df71fdf6c658f46f05021020b&width=1200 HTTP/1.1" 200 210644',
      level: 'DEBUG',
      test_run_uuid: '819487dd-188d-4ef5-99c8-dcc5d3d67b38'
    }
  ]
} to 28529:0
2026-02-24T21:19:51.280Z CLI info [testhub:request-queue-handler]  [vedantvankar_WD2nZN]  [srujyhua7le0kbwv6qz2yzcqpznuptkb92dxcer1]  [5be2e400-7dbb-417d-b612-44702b0f7e80]  Added the event {
  event_type: 'LogCreated',
  logs: [
    {
      testFrameworkName: 'pytest',
      testFrameworkVersion: '9.0.2',
      testFrameworkState: 'INIT_TEST',
      timestamp: '2026-02-24T21:19:38.114Z',
      uuid: '819487dd-188d-4ef5-99c8-dcc5d3d67b38',
      kind: 'TEST_LOG',
      message: "POST https://hub-aps.browserstack.com/wd/hub/session/48f801496bbdd79ab2fe3406adefd15855e48341/url {'url': 'https://elpais.com/opinion/2026-02-24/desconectados-del-mundo.html'}",
      level: 'DEBUG',
      test_run_uuid: '819487dd-188d-4ef5-99c8-dcc5d3d67b38'
    }
  ]
} to 28529:0
2026-02-24T21:19:51.280Z CLI info [testhub:request-queue-handler]  [vedantvankar_WD2nZN]  [srujyhua7le0kbwv6qz2yzcqpznuptkb92dxcer1]  [5be2e400-7dbb-417d-b612-44702b0f7e80]  Added the event {
  event_type: 'LogCreated',
  logs: [
    {
      testFrameworkName: 'pytest',
      testFrameworkVersion: '9.0.2',
      testFrameworkState: 'INIT_TEST',
      timestamp: '2026-02-24T21:19:39.341Z',
      uuid: '819487dd-188d-4ef5-99c8-dcc5d3d67b38',
      kind: 'TEST_LOG',
      message: 'https://hub-aps.browserstack.com:443 "POST /wd/hub/session/48f801496bbdd79ab2fe3406adefd15855e48341/url HTTP/1.1" 200 0',
      level: 'DEBUG',
      test_run_uuid: '819487dd-188d-4ef5-99c8-dcc5d3d67b38'
    }
  ]
} to 28529:0
2026-02-24T21:19:51.280Z CLI info [testhub:request-queue-handler]  [vedantvankar_WD2nZN]  [srujyhua7le0kbwv6qz2yzcqpznuptkb92dxcer1]  [5be2e400-7dbb-417d-b612-44702b0f7e80]  Added the event {
  event_type: 'LogCreated',
  logs: [
    {
      testFrameworkName: 'pytest',
      testFrameworkVersion: '9.0.2',
      testFrameworkState: 'INIT_TEST',
      timestamp: '2026-02-24T21:19:39.341Z',
      uuid: '819487dd-188d-4ef5-99c8-dcc5d3d67b38',
      kind: 'TEST_LOG',
      message: `Remote response: status=200 | data={"value":null,"status":0} | headers=HTTPHeaderDict({'Server': 'nginx', 'Date': 'Tue, 24 Feb 2026 21:19:39 GMT', 'Content-Type': 'application/json; charset=utf-8', 'Content-Length': '25', 'Connection': 'keep-alive', 'Source-From': '02', 'x-powered-by': 'Express', 'vary': 'X-HTTP-Method-Override', 'etag': 'W/"19-V80vR2Krut7J8WstZ7j7cZLjLhw"'})`,
      level: 'DEBUG',
      test_run_uuid: '819487dd-188d-4ef5-99c8-dcc5d3d67b38'
    }
  ]
} to 28529:0
2026-02-24T21:19:51.280Z CLI info [testhub:request-queue-handler]  [vedantvankar_WD2nZN]  [srujyhua7le0kbwv6qz2yzcqpznuptkb92dxcer1]  [5be2e400-7dbb-417d-b612-44702b0f7e80]  Added the event {
  event_type: 'LogCreated',
  logs: [
    {
      testFrameworkName: 'pytest',
      testFrameworkVersion: '9.0.2',
      testFrameworkState: 'INIT_TEST',
      timestamp: '2026-02-24T21:19:39.342Z',
      uuid: '819487dd-188d-4ef5-99c8-dcc5d3d67b38',
      kind: 'TEST_LOG',
      message: 'Finished Request',
      level: 'DEBUG',
      test_run_uuid: '819487dd-188d-4ef5-99c8-dcc5d3d67b38'
    }
  ]
} to 28529:0
2026-02-24T21:19:51.280Z CLI info [testhub:request-queue-handler]  [vedantvankar_WD2nZN]  [srujyhua7le0kbwv6qz2yzcqpznuptkb92dxcer1]  [5be2e400-7dbb-417d-b612-44702b0f7e80]  Added the event {
  event_type: 'LogCreated',
  logs: [
    {
      testFrameworkName: 'pytest',
      testFrameworkVersion: '9.0.2',
      testFrameworkState: 'INIT_TEST',
      timestamp: '2026-02-24T21:19:43.344Z',
      uuid: '819487dd-188d-4ef5-99c8-dcc5d3d67b38',
      kind: 'TEST_LOG',
      message: 'GET https://hub-aps.browserstack.com/wd/hub/session/48f801496bbdd79ab2fe3406adefd15855e48341/source {}',
      level: 'DEBUG',
      test_run_uuid: '819487dd-188d-4ef5-99c8-dcc5d3d67b38'
    }
  ]
} to 28529:0
2026-02-24T21:19:51.290Z CLI info [testhub:request-queue-handler]  [vedantvankar_WD2nZN]  [srujyhua7le0kbwv6qz2yzcqpznuptkb92dxcer1]  [5be2e400-7dbb-417d-b612-44702b0f7e80]  Added the event {
  event_type: 'LogCreated',
  logs: [
    {
      testFrameworkName: 'pytest',
      testFrameworkVersion: '9.0.2',
      testFrameworkState: 'INIT_TEST',
      timestamp: '2026-02-24T21:19:44.533Z',
      uuid: '819487dd-188d-4ef5-99c8-dcc5d3d67b38',
      kind: 'TEST_LOG',
      message: 'https://hub-aps.browserstack.com:443 "GET /wd/hub/session/48f801496bbdd79ab2fe3406adefd15855e48341/source HTTP/1.1" 200 0',
      level: 'DEBUG',
      test_run_uuid: '819487dd-188d-4ef5-99c8-dcc5d3d67b38'
    }
  ]
} to 28529:0
2026-02-24T21:19:51.290Z CLI info [testhub:request-queue-handler]  [vedantvankar_WD2nZN]  [srujyhua7le0kbwv6qz2yzcqpznuptkb92dxcer1]  [5be2e400-7dbb-417d-b612-44702b0f7e80]  Added the event {
  event_type: 'LogCreated',
  logs: [
    {
      testFrameworkName: 'pytest',
      testFrameworkVersion: '9.0.2',
      testFrameworkState: 'INIT_TEST',
      timestamp: '2026-02-24T21:19:44.535Z',
      uuid: '819487dd-188d-4ef5-99c8-dcc5d3d67b38',
      kind: 'TEST_LOG',
      message: 'Remote response: status=200 | data={"value":"<html lang=\\"es\\"><head><meta charset=\\"UTF-8\\"><meta name=\\"viewport\\" content=\\"width=device-width, initial-scale=1.0\\"><link rel=\\"preload\\" as=\\"image\\" imagesrcset=\\"https://imagenes.elpais.com/resizer/v2/PIFW5CNFI5E6BMYOTFTQC5ZRCA.jpg?auth=c6474bcd191b4dcb7ef010e12f20ef5908b7554264b459f45f83cca5595fe517&amp;width=414 414w,https://imagenes.elpais.com/resizer/v2/PIFW5CNFI5E6BMYOTFTQC5ZRCA.jpg?auth=c6474bcd191b4dcb7ef010e12f20ef5908b7554264b459f45f83cca5595fe517&amp;width=640 640w,https://imagenes.elpais.com/resizer/v2/PIFW5CNFI5E6BMYOTFTQC5ZRCA.jpg?auth=c6474bcd191b4dcb7ef010e12f20ef5908b7554264b459f45f83cca5595fe517&amp;width=1000 1000w,https://imagenes.elpais.com/resizer/v2/PIFW5CNFI5E6BMYOTFTQC5ZRCA.jpg?auth=c6474bcd191b4dcb7ef010e12f20ef5908b7554264b459f45f83cca5595fe517&amp;width=1200 1200w\\" imagesizes=\\"(min-width:1199px) 661px, (min-width:1001px) 54vw, (min-width:768px) 715px, 100vw\\"><script async=\\"\\" src=\\"https://c.amazon-adsystem.com/aax2/apstag.js\\"></script><link rel=\\"dns-prefetch\\"><link rel=\\"preconnect\\"><script src=\\"https://sdk.mrf.io/statics/marfeel-sdk.es5.js?id=2223\\" async=\\"\\" type=\\"text/javascript\\" nomodule=\\"\\"></script><script src=\\"https://sdk.mrf.io/statics/marfeel-sdk.js?id=2223\\" type=\\"module\\"></script><script id=\\"gfkS2s\\" async=\\"\\" type=\\"text/javascript\\" src=\\"https://ES-config.sensic.net/s2s-web.js\\"></script><script id=\\"spcloader\\" type=\\"text/javascript\\" async=\\"\\" src=\\"https://sdk.privacy-center.org/8ba38674-edba-484d-8053-435051d79f72/loader.js?target=elpais.com\\" charset=\\"utf-8\\"></script><script async=\\"\\" src=\\"https://news.google.com/swg/js/v1/swg-gaa.js\\"></script><script async=\\"\\" subscriptions-control=\\"manual\\" src=\\"https://news.google.com/swg/js/v1/swg.js\\"></script><script id=\\"dsq-count-scr\\" src=\\"https://el-pais-1.disqus.com/count.js\\" async=\\"\\"></script><script src=\\"https://accounts.google.com/gsi/client\\" async=\\"\\" defer=\\"\\"></script><link rel=\\"preconnect\\" href=\\"//static.elpais.com\\"><link rel=\\"preconnect\\" href=\\"//assets.adobedtm.com\\"><link rel=\\"preconnect\\" href=\\"//sdk.privacy-center.org\\"><link rel=\\"preload\\" href=\\"https://imagenes.elpais.com/resizer/v2/PIFW5CNFI5E6BMYOTFTQC5ZRCA.jpg?auth=c6474bcd191b4dcb7ef010e12f20ef5908b7554264b459f45f83cca5595fe517&amp;width=414\\" imagesrcset=\\"https://imagenes.elpais.com/resizer/v2/PIFW5CNFI5E6BMYOTFTQC5ZRCA.jpg?auth=c6474bcd191b4dcb7ef010e12f20ef5908b7554264b459f45f83cca5595fe517&amp;width=414 414w,https://imagenes.elpais.com/resizer/v2/PIFW5CNFI5E6BMYOTFTQC5ZRCA.jpg?auth=c6474bcd191b4dcb7ef010e12f20ef5908b7554264b459f45f83cca5595fe517&amp;width=640 640w,https://imagenes.elpais.com/resizer/v2/PIFW5CNFI5E6BMYOTFTQC5ZRCA.jpg?auth=c6474bcd191b4dcb7ef010e12f20ef5908b7554264b459f45f83cca5595fe517&amp;width=1000 1000w,https://imagenes.elpais.com/resizer/v2/PIFW5CNFI5E6BMYOTFTQC5ZRCA.jpg?auth=c6474bcd191b4dcb7ef010e12f20ef5908b7554264b459f45f83cca5595fe517&amp;width=1200 1200w\\" imagesizes=\\"(min-width:1199px) 661px, (min-width:1001px) 54vw, (min-width:768px) 715px, 100vw\\" as=\\"image\\" fetchpriority=\\"high\\"><link rel=\\"preload\\" href=\\"https://static.elpais.com/dist/resources/fonts/majrit/majrit-text/Majrit-Text-Roman.woff2\\" as=\\"font\\" type=\\"font/woff2\\" crossorigin=\\"\\"><link rel=\\"preload\\" href=\\"https://static.elpais.com/dist/resources/fonts/majrit/majrit-text/Majrit-Text-Black-Italic.woff2\\" as=\\"font\\" type=\\"font/woff2\\" crossorigin=\\"\\"><title>Desconectados del mundo  | Opinión | EL PAÍS</title><meta name=\\"date\\" scheme=\\"W3CDTF\\" content=\\"2026-02-24T05:30:01+01:00\\"><meta name=\\"lang\\" content=\\"es\\"><meta name=\\"author\\" content=\\"Cartas al Director\\"><meta name=\\"robots\\" content=\\"index,follow,max-image-preview:large\\"><meta name=\\"description\\" content=\\"Los lectores y las lectoras escriben sobre el aislamiento social generado por la tecnología, el 23-F, Antonio Castillo Algarra, el jefe de Los Pocholos, y la mercantilización del fútbol\\"><meta name=\\"organization\\" content=\\"Ediciones EL PAÍS S.L.\\"><meta property=\\"article:publisher\\" content=\\"https://www.facebook.com/elpais\\"><meta property=\\"article:published_time\\" content=\\"2026-02-24T05:30:01+01:00\\"><meta property=\\"article:modified_time\\" content=\\"2026-02-24T05:30:01+01:00\\"><meta property=\\"og:title\\" content=\\"Desconectados del mundo \\"><meta property=\\"og:description\\" content=\\"Los lectores y las lectoras escriben sobre el aislamiento social generado por la tecnología, el 23-F, Antonio Castillo Algarra, el jefe de Los Pocholos, y la mercantilización del fútbol\\"><meta property=\\"og:updated_time\\" content=\\"2026-02-24T05:30:01+01:00\\"><meta property=\\"og:image\\" content=\\"https://imagenes.elpais.com/resizer/v2/PIFW5CNFI5E6BMYOTFTQC5ZRCA.jpg?auth=c6474bcd191b4dcb7ef010e12f20ef5908b7554264b459f45f83cca5595fe517&amp;width=1200\\"><meta property=\\"og:image:width\\" content=\\"1200\\"><meta property=\\"og:image:height\\" content=\\"800\\"><meta property=\\"og:url\\" content=\\"https://elpais.com/opinion/2026-02-24/desconectados-del-mundo.html\\"><meta property=\\"og:type\\" content=\\"article\\"><meta property=\\"og:site_name\\" content=\\"El País\\"><meta property=\\"fb:app_id\\" content=\\"94039431626\\"><meta property=\\"twitter:card\\" content=\\"summary_large_image\\"><meta property=\\"twitter:site\\" content=\\"@el_pais\\"><link rel=\\"canonical\\" href=\\"https://elpais.com/opinion/2026-02-24/desconectados-del-mundo.html\\"><link rel=\\"amphtml\\" href=\\"https://elpais.com/opinion/2026-02-24/desconectados-del-mundo.html?outputType=amp\\"><meta property=\\"article:section\\" content=\\"Opinión\\"><meta property=\\"article:tag\\" content=\\"Opinión\\"><meta property=\\"article:tag\\" content=\\"Sociedad\\"><meta property=\\"article:tag\\" content=\\"Tecnología\\"><meta property=\\"article:tag\\" content=\\"Relaciones humanas\\"><meta property=\\"article:tag\\" content=\\"Smartphone\\"><meta property=\\"article:tag\\" content=\\"Redes sociales\\"><meta property=\\"article:tag\\" content=\\"Plataformas digitales\\"><meta property=\\"article:tag\\" content=\\"Spotify\\"><meta property=\\"article:tag\\" content=\\"Auriculares\\"><meta property=\\"article:tag\\" content=\\"23-F\\"><meta property=\\"article:tag\\" content=\\"Golpes estado\\"><meta property=\\"article:tag\\" content=\\"Transición democrática\\"><meta property=\\"article:tag\\" content=\\"Transición española\\"><meta property=\\"article:tag\\" content=\\"Franquismo\\"><meta property=\\"article:tag\\" content=\\"Historia\\"><meta property=\\"article:tag\\" content=\\"Política\\"><meta property=\\"article:tag\\" content=\\"Comunidad de Madrid\\"><meta property=\\"article:tag\\" content=\\"Isabel Díaz Ayuso\\"><meta property=\\"article:tag\\" content=\\"Educación\\"><meta property=\\"article:tag\\" content=\\"Política educativa\\"><meta property=\\"article:tag\\" content=\\"Deportes\\"><meta property=\\"article:tag\\" content=\\"Fútbol\\"><meta property=\\"twitter:title\\" content=\\"Desconectados del mundo  | Cartas al director\\"><meta property=\\"og:article:publisher\\" content=\\"EL PAÍS\\"><meta property=\\"og:article:author\\" content=\\"Cartas al Director\\"><meta name=\\"DC.date.issued\\" content=\\"2026-02-24T05:30:01+01:00\\"><meta property=\\"mrf:tags\\" content=\\"brandedContent:false;\\"><meta property=\\"fb:pages\\" content=\\"8585811569\\"><meta property=\\"news_keywords\\" content=\\"Opinión, Sociedad, Tecnología, Relaciones humanas, Smartphone, Redes sociales, Plataformas digitales, Spotify, Auriculares, 23-F, Golpes estado, Transición democrática, Transición española, Franquismo, Historia, Política, Comunidad de Madrid, Isabel Díaz Ayuso, Educación, Política educativa, Deportes, Fútbol\\"><link rel=\\"alternate\\" href=\\"https://feeds.elpais.com/mrss-s/pages/ep/site/elpais.com/section/opinion/portada\\" type=\\"application/rss+xml\\" title=\\"RSS sobre Opinión\\"><link rel=\\"manifest\\" href=\\"/pf/resources/manifests/site.webmanifest?d=2381\\"><link rel=\\"icon\\" href=\\"https://static.elpais.com/dist/resources/images/favicon.ico\\" type=\\"image/x-icon\\"><link rel=\\"icon\\" href=\\"https://static.elpais.com/dist/resources/images/favicon_96.png\\" type=\\"image/png\\" sizes=\\"96x96\\"><link rel=\\"apple-touch-icon\\" sizes=\\"180x180\\" href=\\"https://static.elpais.com/dist/resources/images/apple-touch-icon.png\\"><script type=\\"application/javascript\\">window.ENP = {\\"globalContent\\":{\\"_id\\":\\"ZVBLBLQO5NHFLGEGEBDK4HAPTI\\",\\"website\\":\\"el-pais\\",\\"alertEnabled\\":true,\\"lotteryButtonEnabled\\":false,\\"chatbotDisabled\\":true,\\"subscribeLinkByIP\\":\\"https://elpais.com/suscripciones/america/#/campaign\\",\\"subscribeLink\\":\\"https://elpais.com/suscripciones/#/campaign\\",\\"subscribePremiumLink\\":{\\"default\\":\\"https://elpais.com/suscripciones/premium/upgrade/\\",\\"CA\\":\\"https://elpais.com/suscripciones/digital/premium/upgrade/eucan/\\",\\"US\\":\\"https://elpais.com/suscripciones/digital/premium/upgrade/eucan/\\"},\\"usunLoginUrl\\":\\"https://services.users.elpais.com/serviceLogin.html\\",\\"baseUrlApiGateway\\":\\"https://wdnf3ec6zb.execute-api.eu-west-1.amazonaws.com/PRO/api/\\",\\"serviceProductUrl\\":\\"https://services.users.elpais.com/serviceProduct.html\\",\\"newsGoogleScript\\":\\"https://news.google.com/swg/js/v1/swg.js\\",\\"secretPasswordServiceProduct\\":\\"&_&que_es_mi_barco$_$\\",\\"favoritesURL\\":\\"https://static.elpais.com/dist/resources/js/334f83a783d9964bffcb2080a770b0c8/ENP-favorites.js\\",\\"apiOrigin\\":\\"https://publicapi.elpais.com\\",\\"publicApi\\":\\"https://publicapi.elpais.com\\",\\"entitlements\\":{\\"basic\\":[2895115629259653],\\"premium\\":[2810938707754442]},\\"omitAds\\":false,\\"isArticle\\":true,\\"isPageWithLiveBlog\\":false,\\"isPageWithLes\\":false,\\"isScoreboardLive\\":false,\\"hasSportLive\\":false,\\"source_system\\":\\"composer\\",\\"canonicalUrl\\":\\"/opinion/2026-02-24/desconectados-del-mundo.html\\",\\"alertsOption\\":{\\"enableAlert\\":true},\\"comments\\":{\\"display_comments\\":true},\\"sites\\":{\\"el-pais\\":{\\"socialLinks\\":{\\"facebook\\":\\"https://es-es.facebook.com/elpais/\\",\\"twitter\\":\\"https://twitter.com/el_pais\\",\\"youtube\\":\\"https://www.youtube.com/channel/UCnsvJeZO4RigQ898WdDNoBw\\"'... 566469 more characters,
      level: 'DEBUG',
      test_run_uuid: '819487dd-188d-4ef5-99c8-dcc5d3d67b38'
    }
  ]
} to 28529:0
2026-02-24T21:19:51.291Z CLI info [testhub:request-queue-handler]  [vedantvankar_WD2nZN]  [srujyhua7le0kbwv6qz2yzcqpznuptkb92dxcer1]  [5be2e400-7dbb-417d-b612-44702b0f7e80]  Added the event {
  event_type: 'LogCreated',
  logs: [
    {
      testFrameworkName: 'pytest',
      testFrameworkVersion: '9.0.2',
      testFrameworkState: 'INIT_TEST',
      timestamp: '2026-02-24T21:19:44.555Z',
      uuid: '819487dd-188d-4ef5-99c8-dcc5d3d67b38',
      kind: 'TEST_LOG',
      message: 'Finished Request',
      level: 'DEBUG',
      test_run_uuid: '819487dd-188d-4ef5-99c8-dcc5d3d67b38'
    }
  ]
} to 28529:0
2026-02-24T21:19:51.291Z CLI info [testhub:request-queue-handler]  [vedantvankar_WD2nZN]  [srujyhua7le0kbwv6qz2yzcqpznuptkb92dxcer1]  [5be2e400-7dbb-417d-b612-44702b0f7e80]  Added the event {
  event_type: 'LogCreated',
  logs: [
    {
      testFrameworkName: 'pytest',
      testFrameworkVersion: '9.0.2',
      testFrameworkState: 'INIT_TEST',
      timestamp: '2026-02-24T21:19:44.615Z',
      uuid: '819487dd-188d-4ef5-99c8-dcc5d3d67b38',
      kind: 'TEST_LOG',
      message: 'Starting new HTTPS connection (1): imagenes.elpais.com:443',
      level: 'DEBUG',
      test_run_uuid: '819487dd-188d-4ef5-99c8-dcc5d3d67b38'
    }
  ]
} to 28529:0
2026-02-24T21:19:51.291Z CLI info [testhub:request-queue-handler]  [vedantvankar_WD2nZN]  [srujyhua7le0kbwv6qz2yzcqpznuptkb92dxcer1]  [5be2e400-7dbb-417d-b612-44702b0f7e80]  Added the event {
  event_type: 'LogCreated',
  logs: [
    {
      testFrameworkName: 'pytest',
      testFrameworkVersion: '9.0.2',
      testFrameworkState: 'INIT_TEST',
      timestamp: '2026-02-24T21:19:46.099Z',
      uuid: '819487dd-188d-4ef5-99c8-dcc5d3d67b38',
      kind: 'TEST_LOG',
      message: 'https://imagenes.elpais.com:443 "GET /resizer/v2/PIFW5CNFI5E6BMYOTFTQC5ZRCA.jpg?auth=c6474bcd191b4dcb7ef010e12f20ef5908b7554264b459f45f83cca5595fe517&width=1200 HTTP/1.1" 200 97265',
      level: 'DEBUG',
      test_run_uuid: '819487dd-188d-4ef5-99c8-dcc5d3d67b38'
    }
  ]
} to 28529:0
2026-02-24T21:19:51.291Z CLI info [testhub:request-queue-handler]  [vedantvankar_WD2nZN]  [srujyhua7le0kbwv6qz2yzcqpznuptkb92dxcer1]  [5be2e400-7dbb-417d-b612-44702b0f7e80]  Added the event {
  event_type: 'LogCreated',
  logs: [
    {
      testFrameworkName: 'pytest',
      testFrameworkVersion: '9.0.2',
      testFrameworkState: 'INIT_TEST',
      timestamp: '2026-02-24T21:19:46.187Z',
      uuid: '819487dd-188d-4ef5-99c8-dcc5d3d67b38',
      kind: 'TEST_LOG',
      message: 'Starting new HTTPS connection (1): rapid-translate-multi-traduction.p.rapidapi.com:443',
      level: 'DEBUG',
      test_run_uuid: '819487dd-188d-4ef5-99c8-dcc5d3d67b38'
    }
  ]
} to 28529:0
2026-02-24T21:19:51.291Z CLI info [testhub:request-queue-handler]  [vedantvankar_WD2nZN]  [srujyhua7le0kbwv6qz2yzcqpznuptkb92dxcer1]  [5be2e400-7dbb-417d-b612-44702b0f7e80]  Added the event {
  event_type: 'LogCreated',
  logs: [
    {
      testFrameworkName: 'pytest',
      testFrameworkVersion: '9.0.2',
      testFrameworkState: 'INIT_TEST',
      timestamp: '2026-02-24T21:19:47.657Z',
      uuid: '819487dd-188d-4ef5-99c8-dcc5d3d67b38',
      kind: 'TEST_LOG',
      message: 'https://rapid-translate-multi-traduction.p.rapidapi.com:443 "POST /t HTTP/1.1" 200 None',
      level: 'DEBUG',
      test_run_uuid: '819487dd-188d-4ef5-99c8-dcc5d3d67b38'
    }
  ]
} to 28529:0
2026-02-24T21:19:51.619Z CLI info [testhub:request-queue-handler]  [vedantvankar_WD2nZN]  [srujyhua7le0kbwv6qz2yzcqpznuptkb92dxcer1]  [5be2e400-7dbb-417d-b612-44702b0f7e80]  Processing batch event [
  {
    event_type: 'HookRunFinished',
    hook_run: {
      type: 'hook',
      hook_type: 'AFTER_EACH',
      framework: 'pytest',
      uuid: '6f7f9cf4-43ef-4e56-be12-fc1c9fc2e59b',
      name: 'teardown',
      result: 'passed',
      test_run_id: '1a8c5e8a-1351-4807-9f6d-1fb775d14a06',
      body: [Object],
      scope: 'test_elpais_scraper',
      custom_metadata: {},
      tags: [],
      scopes: [Array],
      file_name: 'main.py',
      location: 'main.py',
      vc_filepath: 'main.py',
      started_at: '2026-02-24T21:19:47.889Z',
      finished_at: '2026-02-24T21:19:50.062Z'
    },
    logs: []
  },
  { event_type: 'LogCreated', logs: [ [Object] ] },
  { event_type: 'LogCreated', logs: [ [Object] ] },
  { event_type: 'LogCreated', logs: [ [Object] ] },
  { event_type: 'LogCreated', logs: [ [Object] ] },
  { event_type: 'LogCreated', logs: [ [Object] ] },
  { event_type: 'LogCreated', logs: [ [Object] ] },
  { event_type: 'LogCreated', logs: [ [Object] ] },
  { event_type: 'LogCreated', logs: [ [Object] ] },
  { event_type: 'LogCreated', logs: [ [Object] ] },
  { event_type: 'LogCreated', logs: [ [Object] ] },
  { event_type: 'LogCreated', logs: [ [Object] ] },
  { event_type: 'LogCreated', logs: [ [Object] ] },
  { event_type: 'LogCreated', logs: [ [Object] ] },
  { event_type: 'LogCreated', logs: [ [Object] ] },
  { event_type: 'LogCreated', logs: [ [Object] ] },
  { event_type: 'LogCreated', logs: [ [Object] ] },
  { event_type: 'LogCreated', logs: [ [Object] ] },
  { event_type: 'LogCreated', logs: [ [Object] ] },
  { event_type: 'LogCreated', logs: [ [Object] ] },
  { event_type: 'LogCreated', logs: [ [Object] ] },
  { event_type: 'LogCreated', logs: [ [Object] ] },
  { event_type: 'LogCreated', logs: [ [Object] ] },
  { event_type: 'LogCreated', logs: [ [Object] ] },
  { event_type: 'LogCreated', logs: [ [Object] ] },
  { event_type: 'LogCreated', logs: [ [Object] ] },
  { event_type: 'LogCreated', logs: [ [Object] ] },
  { event_type: 'LogCreated', logs: [ [Object] ] },
  { event_type: 'LogCreated', logs: [ [Object] ] },
  { event_type: 'LogCreated', logs: [ [Object] ] },
  { event_type: 'LogCreated', logs: [ [Object] ] },
  { event_type: 'LogCreated', logs: [ [Object] ] },
  { event_type: 'LogCreated', logs: [ [Object] ] },
  { event_type: 'LogCreated', logs: [ [Object] ] },
  { event_type: 'LogCreated', logs: [ [Object] ] },
  { event_type: 'LogCreated', logs: [ [Object] ] },
  { event_type: 'LogCreated', logs: [ [Object] ] },
  { event_type: 'LogCreated', logs: [ [Object] ] },
  { event_type: 'LogCreated', logs: [ [Object] ] },
  { event_type: 'LogCreated', logs: [ [Object] ] },
  { event_type: 'LogCreated', logs: [ [Object] ] },
  { event_type: 'LogCreated', logs: [ [Object] ] },
  { event_type: 'LogCreated', logs: [ [Object] ] },
  { event_type: 'LogCreated', logs: [ [Object] ] },
  { event_type: 'LogCreated', logs: [ [Object] ] },
  { event_type: 'LogCreated', logs: [ [Object] ] },
  { event_type: 'LogCreated', logs: [ [Object] ] },
  { event_type: 'LogCreated', logs: [ [Object] ] },
  { event_type: 'LogCreated', logs: [ [Object] ] },
  { event_type: 'LogCreated', logs: [ [Object] ] },
  { event_type: 'LogCreated', logs: [ [Object] ] },
  { event_type: 'LogCreated', logs: [ [Object] ] },
  { event_type: 'LogCreated', logs: [ [Object] ] },
  { event_type: 'LogCreated', logs: [ [Object] ] },
  { event_type: 'LogCreated', logs: [ [Object] ] },
  { event_type: 'LogCreated', logs: [ [Object] ] },
  { event_type: 'LogCreated', logs: [ [Object] ] },
  { event_type: 'LogCreated', logs: [ [Object] ] },
  { event_type: 'LogCreated', logs: [ [Object] ] },
  { event_type: 'LogCreated', logs: [ [Object] ] },
  { event_type: 'LogCreated', logs: [ [Object] ] },
  { event_type: 'LogCreated', logs: [ [Object] ] },
  { event_type: 'LogCreated', logs: [ [Object] ] },
  { event_type: 'LogCreated', logs: [ [Object] ] },
  { event_type: 'LogCreated', logs: [ [Object] ] },
  { event_type: 'LogCreated', logs: [ [Object] ] },
  { event_type: 'LogCreated', logs: [ [Object] ] },
  { event_type: 'LogCreated', logs: [ [Object] ] },
  { event_type: 'LogCreated', logs: [ [Object] ] },
  { event_type: 'LogCreated', logs: [ [Object] ] },
  { event_type: 'LogCreated', logs: [ [Object] ] },
  { event_type: 'LogCreated', logs: [ [Object] ] },
  { event_type: 'LogCreated', logs: [ [Object] ] },
  { event_type: 'LogCreated', logs: [ [Object] ] },
  { event_type: 'LogCreated', logs: [ [Object] ] },
  { event_type: 'LogCreated', logs: [ [Object] ] },
  { event_type: 'LogCreated', logs: [ [Object] ] },
  {
    event_type: 'HookRunFinished',
    hook_run: {
      type: 'hook',
      hook_type: 'AFTER_EACH',
      framework: 'pytest',
      uuid: '786e0f14-2eb6-4488-a4fa-1116cf27245c',
      name: 'teardown',
      result: 'passed',
      test_run_id: '819487dd-188d-4ef5-99c8-dcc5d3d67b38',
      body: [Object],
      scope: 'test_elpais_scraper',
      custom_metadata: {},
      tags: [],
      scopes: [Array],
      file_name: 'main.py',
      location: 'main.py',
      vc_filepath: 'main.py',
      started_at: '2026-02-24T21:19:48.687Z',
      finished_at: '2026-02-24T21:19:51.202Z'
    },
    logs: []
  },
  { event_type: 'LogCreated', logs: [ [Object] ] },
  { event_type: 'LogCreated', logs: [ [Object] ] },
  { event_type: 'LogCreated', logs: [ [Object] ] },
  { event_type: 'LogCreated', logs: [ [Object] ] },
  { event_type: 'LogCreated', logs: [ [Object] ] },
  { event_type: 'LogCreated', logs: [ [Object] ] },
  { event_type: 'LogCreated', logs: [ [Object] ] },
  { event_type: 'LogCreated', logs: [ [Object] ] },
  { event_type: 'LogCreated', logs: [ [Object] ] },
  { event_type: 'LogCreated', logs: [ [Object] ] },
  { event_type: 'LogCreated', logs: [ [Object] ] },
  { event_type: 'LogCreated', logs: [ [Object] ] },
  { event_type: 'LogCreated', logs: [ [Object] ] },
  { event_type: 'LogCreated', logs: [ [Object] ] },
  { event_type: 'LogCreated', logs: [ [Object] ] },
  { event_type: 'LogCreated', logs: [ [Object] ] },
  { event_type: 'LogCreated', logs: [ [Object] ] },
  { event_type: 'LogCreated', logs: [ [Object] ] },
  { event_type: 'LogCreated', logs: [ [Object] ] },
  { event_type: 'LogCreated', logs: [ [Object] ] },
  { event_type: 'LogCreated', logs: [ [Object] ] },
  { event_type: 'LogCreated', logs: [ [Object] ] },
  ... 54 more items
] to 28529:0
2026-02-24T21:19:51.808Z CLI info  [vedantvankar_WD2nZN]  [srujyhua7le0kbwv6qz2yzcqpznuptkb92dxcer1]  [5be2e400-7dbb-417d-b612-44702b0f7e80]  [PRODUCTION] Making POST request to https://collector-observability.browserstack.com
2026-02-24T21:19:56.262Z CLI info [testhub:request-queue-handler]  [vedantvankar_WD2nZN]  [srujyhua7le0kbwv6qz2yzcqpznuptkb92dxcer1]  [5be2e400-7dbb-417d-b612-44702b0f7e80]  Added the event {
  event_type: 'LogCreated',
  logs: [
    {
      testFrameworkName: 'pytest',
      testFrameworkVersion: '9.0.2',
      testFrameworkState: 'INIT_TEST',
      timestamp: '2026-02-24T21:18:39.477Z',
      uuid: '68529219-2f00-4bd6-9a24-a597a7326465',
      kind: 'TEST_LOG',
      message: '\nTITLE (Spanish):',
      level: 'INFO',
      test_run_uuid: '68529219-2f00-4bd6-9a24-a597a7326465'
    }
  ]
} to 28529:0
2026-02-24T21:19:56.264Z CLI info [testhub:request-queue-handler]  [vedantvankar_WD2nZN]  [srujyhua7le0kbwv6qz2yzcqpznuptkb92dxcer1]  [5be2e400-7dbb-417d-b612-44702b0f7e80]  Added the event {
  event_type: 'LogCreated',
  logs: [
    {
      testFrameworkName: 'pytest',
      testFrameworkVersion: '9.0.2',
      testFrameworkState: 'INIT_TEST',
      timestamp: '2026-02-24T21:18:39.477Z',
      uuid: '68529219-2f00-4bd6-9a24-a597a7326465',
      kind: 'TEST_LOG',
      message: 'Desconectados del mundo',
      level: 'INFO',
      test_run_uuid: '68529219-2f00-4bd6-9a24-a597a7326465'
    }
  ]
} to 28529:0
2026-02-24T21:19:56.274Z CLI info [testhub:request-queue-handler]  [vedantvankar_WD2nZN]  [srujyhua7le0kbwv6qz2yzcqpznuptkb92dxcer1]  [5be2e400-7dbb-417d-b612-44702b0f7e80]  Added the event {
  event_type: 'LogCreated',
  logs: [
    {
      testFrameworkName: 'pytest',
      testFrameworkVersion: '9.0.2',
      testFrameworkState: 'INIT_TEST',
      timestamp: '2026-02-24T21:18:39.477Z',
      uuid: '68529219-2f00-4bd6-9a24-a597a7326465',
      kind: 'TEST_LOG',
      message: '\nCONTENT PREVIEW:',
      level: 'INFO',
      test_run_uuid: '68529219-2f00-4bd6-9a24-a597a7326465'
    }
  ]
} to 28529:0
2026-02-24T21:19:56.276Z CLI info [testhub:request-queue-handler]  [vedantvankar_WD2nZN]  [srujyhua7le0kbwv6qz2yzcqpznuptkb92dxcer1]  [5be2e400-7dbb-417d-b612-44702b0f7e80]  Added the event {
  event_type: 'LogCreated',
  logs: [
    {
      testFrameworkName: 'pytest',
      testFrameworkVersion: '9.0.2',
      testFrameworkState: 'INIT_TEST',
      timestamp: '2026-02-24T21:18:39.477Z',
      uuid: '68529219-2f00-4bd6-9a24-a597a7326465',
      kind: 'TEST_LOG',
      message: 'Los lectores y las lectoras escriben sobre el aislamiento social generado por la tecnología, el 23-F, Antonio Castillo Algarra, el jefe de Los Pocholos, y la mercantilización del fútbol\n' +
        'El pasado domingo, visité una sauna. Me sorprendió que casi todos llevaban auriculares. ¡En una sauna! Nadie hablaba. Nadie miraba. Cada cualencerrado en su propio sonido. Entró una mujer con ganas de conversar. Saludó. Preguntó qué tal el día. No obtuvo respuesta. Tras unos minutos, se marchó. Podría parecer que ...',
      level: 'INFO',
      test_run_uuid: '68529219-2f00-4bd6-9a24-a597a7326465'
    }
  ]
} to 28529:0
2026-02-24T21:19:57.265Z CLI info [testhub:request-queue-handler]  [vedantvankar_WD2nZN]  [srujyhua7le0kbwv6qz2yzcqpznuptkb92dxcer1]  [5be2e400-7dbb-417d-b612-44702b0f7e80]  Added the event {
  event_type: 'LogCreated',
  logs: [
    {
      testFrameworkName: 'pytest',
      testFrameworkVersion: '9.0.2',
      testFrameworkState: 'INIT_TEST',
      timestamp: '2026-02-24T21:18:39.477Z',
      uuid: '68529219-2f00-4bd6-9a24-a597a7326465',
      kind: 'TEST_LOG',
      message: 'Image saved: images/article_5.jpg',
      level: 'INFO',
      test_run_uuid: '68529219-2f00-4bd6-9a24-a597a7326465'
    }
  ]
} to 28529:0
2026-02-24T21:19:57.268Z CLI info [testhub:request-queue-handler]  [vedantvankar_WD2nZN]  [srujyhua7le0kbwv6qz2yzcqpznuptkb92dxcer1]  [5be2e400-7dbb-417d-b612-44702b0f7e80]  Added the event {
  event_type: 'LogCreated',
  logs: [
    {
      testFrameworkName: 'pytest',
      testFrameworkVersion: '9.0.2',
      testFrameworkState: 'INIT_TEST',
      timestamp: '2026-02-24T21:18:39.477Z',
      uuid: '68529219-2f00-4bd6-9a24-a597a7326465',
      kind: 'TEST_LOG',
      message: '\n==============================',
      level: 'INFO',
      test_run_uuid: '68529219-2f00-4bd6-9a24-a597a7326465'
    }
  ]
} to 28529:0
2026-02-24T21:19:57.271Z CLI info [testhub:request-queue-handler]  [vedantvankar_WD2nZN]  [srujyhua7le0kbwv6qz2yzcqpznuptkb92dxcer1]  [5be2e400-7dbb-417d-b612-44702b0f7e80]  Added the event {
  event_type: 'LogCreated',
  logs: [
    {
      testFrameworkName: 'pytest',
      testFrameworkVersion: '9.0.2',
      testFrameworkState: 'INIT_TEST',
      timestamp: '2026-02-24T21:18:39.477Z',
      uuid: '68529219-2f00-4bd6-9a24-a597a7326465',
      kind: 'TEST_LOG',
      message: 'TRANSLATING TITLES TO ENGLISH',
      level: 'INFO',
      test_run_uuid: '68529219-2f00-4bd6-9a24-a597a7326465'
    }
  ]
} to 28529:0
2026-02-24T21:19:57.620Z CLI info [testhub:request-queue-handler]  [vedantvankar_WD2nZN]  [srujyhua7le0kbwv6qz2yzcqpznuptkb92dxcer1]  [5be2e400-7dbb-417d-b612-44702b0f7e80]  Processing batch event [
  { event_type: 'LogCreated', logs: [ [Object] ] },
  { event_type: 'LogCreated', logs: [ [Object] ] },
  { event_type: 'LogCreated', logs: [ [Object] ] },
  { event_type: 'LogCreated', logs: [ [Object] ] },
  { event_type: 'LogCreated', logs: [ [Object] ] },
  { event_type: 'LogCreated', logs: [ [Object] ] },
  { event_type: 'LogCreated', logs: [ [Object] ] }
] to 28529:0
2026-02-24T21:19:57.621Z CLI info  [vedantvankar_WD2nZN]  [srujyhua7le0kbwv6qz2yzcqpznuptkb92dxcer1]  [5be2e400-7dbb-417d-b612-44702b0f7e80]  [PRODUCTION] Making POST request to https://collector-observability.browserstack.com
2026-02-24T21:19:58.652Z CLI info [testhub:request-queue-handler]  [vedantvankar_WD2nZN]  [srujyhua7le0kbwv6qz2yzcqpznuptkb92dxcer1]  [5be2e400-7dbb-417d-b612-44702b0f7e80]  Added the event {
  event_type: 'LogCreated',
  logs: [
    {
      testFrameworkName: 'pytest',
      testFrameworkVersion: '9.0.2',
      testFrameworkState: 'INIT_TEST',
      timestamp: '2026-02-24T21:18:39.477Z',
      uuid: '68529219-2f00-4bd6-9a24-a597a7326465',
      kind: 'TEST_LOG',
      message: '\nSpanish: No más secretos del 23-F',
      level: 'INFO',
      test_run_uuid: '68529219-2f00-4bd6-9a24-a597a7326465'
    }
  ]
} to 28529:0
2026-02-24T21:19:58.654Z CLI info [testhub:request-queue-handler]  [vedantvankar_WD2nZN]  [srujyhua7le0kbwv6qz2yzcqpznuptkb92dxcer1]  [5be2e400-7dbb-417d-b612-44702b0f7e80]  Added the event {
  event_type: 'LogCreated',
  logs: [
    {
      testFrameworkName: 'pytest',
      testFrameworkVersion: '9.0.2',
      testFrameworkState: 'INIT_TEST',
      timestamp: '2026-02-24T21:18:39.477Z',
      uuid: '68529219-2f00-4bd6-9a24-a597a7326465',
      kind: 'TEST_LOG',
      message: 'English: No more secrets from 23-F',
      level: 'INFO',
      test_run_uuid: '68529219-2f00-4bd6-9a24-a597a7326465'
    }
  ]
} to 28529:0
2026-02-24T21:19:58.657Z CLI info [testhub:request-queue-handler]  [vedantvankar_WD2nZN]  [srujyhua7le0kbwv6qz2yzcqpznuptkb92dxcer1]  [5be2e400-7dbb-417d-b612-44702b0f7e80]  Added the event {
  event_type: 'LogCreated',
  logs: [
    {
      testFrameworkName: 'pytest',
      testFrameworkVersion: '9.0.2',
      testFrameworkState: 'INIT_TEST',
      timestamp: '2026-02-24T21:18:39.477Z',
      uuid: '68529219-2f00-4bd6-9a24-a597a7326465',
      kind: 'TEST_LOG',
      message: '\nSpanish: La lenta gestación de la extrema derecha',
      level: 'INFO',
      test_run_uuid: '68529219-2f00-4bd6-9a24-a597a7326465'
    }
  ]
} to 28529:0
2026-02-24T21:19:58.659Z CLI info [testhub:request-queue-handler]  [vedantvankar_WD2nZN]  [srujyhua7le0kbwv6qz2yzcqpznuptkb92dxcer1]  [5be2e400-7dbb-417d-b612-44702b0f7e80]  Added the event {
  event_type: 'LogCreated',
  logs: [
    {
      testFrameworkName: 'pytest',
      testFrameworkVersion: '9.0.2',
      testFrameworkState: 'INIT_TEST',
      timestamp: '2026-02-24T21:18:39.477Z',
      uuid: '68529219-2f00-4bd6-9a24-a597a7326465',
      kind: 'TEST_LOG',
      message: 'English: The slow gestation of the extreme right',
      level: 'INFO',
      test_run_uuid: '68529219-2f00-4bd6-9a24-a597a7326465'
    }
  ]
} to 28529:0
2026-02-24T21:19:58.663Z CLI info [testhub:request-queue-handler]  [vedantvankar_WD2nZN]  [srujyhua7le0kbwv6qz2yzcqpznuptkb92dxcer1]  [5be2e400-7dbb-417d-b612-44702b0f7e80]  Added the event {
  event_type: 'LogCreated',
  logs: [
    {
      testFrameworkName: 'pytest',
      testFrameworkVersion: '9.0.2',
      testFrameworkState: 'INIT_TEST',
      timestamp: '2026-02-24T21:18:39.477Z',
      uuid: '68529219-2f00-4bd6-9a24-a597a7326465',
      kind: 'TEST_LOG',
      message: '\nSpanish: La conga de los pocholos',
      level: 'INFO',
      test_run_uuid: '68529219-2f00-4bd6-9a24-a597a7326465'
    }
  ]
} to 28529:0
2026-02-24T21:19:58.665Z CLI info [testhub:request-queue-handler]  [vedantvankar_WD2nZN]  [srujyhua7le0kbwv6qz2yzcqpznuptkb92dxcer1]  [5be2e400-7dbb-417d-b612-44702b0f7e80]  Added the event {
  event_type: 'LogCreated',
  logs: [
    {
      testFrameworkName: 'pytest',
      testFrameworkVersion: '9.0.2',
      testFrameworkState: 'INIT_TEST',
      timestamp: '2026-02-24T21:18:39.477Z',
      uuid: '68529219-2f00-4bd6-9a24-a597a7326465',
      kind: 'TEST_LOG',
      message: 'English: The conga of the pocholos',
      level: 'INFO',
      test_run_uuid: '68529219-2f00-4bd6-9a24-a597a7326465'
    }
  ]
} to 28529:0
2026-02-24T21:19:58.666Z CLI info [testhub:request-queue-handler]  [vedantvankar_WD2nZN]  [srujyhua7le0kbwv6qz2yzcqpznuptkb92dxcer1]  [5be2e400-7dbb-417d-b612-44702b0f7e80]  Added the event {
  event_type: 'LogCreated',
  logs: [
    {
      testFrameworkName: 'pytest',
      testFrameworkVersion: '9.0.2',
      testFrameworkState: 'INIT_TEST',
      timestamp: '2026-02-24T21:18:39.477Z',
      uuid: '68529219-2f00-4bd6-9a24-a597a7326465',
      kind: 'TEST_LOG',
      message: '\nSpanish: Riki Blanco: prohibido',
      level: 'INFO',
      test_run_uuid: '68529219-2f00-4bd6-9a24-a597a7326465'
    }
  ]
} to 28529:0
2026-02-24T21:19:58.668Z CLI info [testhub:request-queue-handler]  [vedantvankar_WD2nZN]  [srujyhua7le0kbwv6qz2yzcqpznuptkb92dxcer1]  [5be2e400-7dbb-417d-b612-44702b0f7e80]  Added the event {
  event_type: 'LogCreated',
  logs: [
    {
      testFrameworkName: 'pytest',
      testFrameworkVersion: '9.0.2',
      testFrameworkState: 'INIT_TEST',
      timestamp: '2026-02-24T21:18:39.477Z',
      uuid: '68529219-2f00-4bd6-9a24-a597a7326465',
      kind: 'TEST_LOG',
      message: 'English: Riki Blanco: prohibited',
      level: 'INFO',
      test_run_uuid: '68529219-2f00-4bd6-9a24-a597a7326465'
    }
  ]
} to 28529:0
2026-02-24T21:19:58.674Z CLI info [testhub:request-queue-handler]  [vedantvankar_WD2nZN]  [srujyhua7le0kbwv6qz2yzcqpznuptkb92dxcer1]  [5be2e400-7dbb-417d-b612-44702b0f7e80]  Added the event {
  event_type: 'LogCreated',
  logs: [
    {
      testFrameworkName: 'pytest',
      testFrameworkVersion: '9.0.2',
      testFrameworkState: 'INIT_TEST',
      timestamp: '2026-02-24T21:18:39.477Z',
      uuid: '68529219-2f00-4bd6-9a24-a597a7326465',
      kind: 'TEST_LOG',
      message: 'English: Disconnected from the world',
      level: 'INFO',
      test_run_uuid: '68529219-2f00-4bd6-9a24-a597a7326465'
    }
  ]
} to 28529:0
2026-02-24T21:19:58.677Z CLI info [testhub:request-queue-handler]  [vedantvankar_WD2nZN]  [srujyhua7le0kbwv6qz2yzcqpznuptkb92dxcer1]  [5be2e400-7dbb-417d-b612-44702b0f7e80]  Added the event {
  event_type: 'LogCreated',
  logs: [
    {
      testFrameworkName: 'pytest',
      testFrameworkVersion: '9.0.2',
      testFrameworkState: 'INIT_TEST',
      timestamp: '2026-02-24T21:18:39.477Z',
      uuid: '68529219-2f00-4bd6-9a24-a597a7326465',
      kind: 'TEST_LOG',
      message: '\n==============================',
      level: 'INFO',
      test_run_uuid: '68529219-2f00-4bd6-9a24-a597a7326465'
    }
  ]
} to 28529:0
2026-02-24T21:19:58.678Z CLI info [testhub:request-queue-handler]  [vedantvankar_WD2nZN]  [srujyhua7le0kbwv6qz2yzcqpznuptkb92dxcer1]  [5be2e400-7dbb-417d-b612-44702b0f7e80]  Added the event {
  event_type: 'LogCreated',
  logs: [
    {
      testFrameworkName: 'pytest',
      testFrameworkVersion: '9.0.2',
      testFrameworkState: 'INIT_TEST',
      timestamp: '2026-02-24T21:18:39.477Z',
      uuid: '68529219-2f00-4bd6-9a24-a597a7326465',
      kind: 'TEST_LOG',
      message: 'REPEATED WORDS (count > 2)',
      level: 'INFO',
      test_run_uuid: '68529219-2f00-4bd6-9a24-a597a7326465'
    }
  ]
} to 28529:0
2026-02-24T21:19:58.689Z CLI info [testhub:request-queue-handler]  [vedantvankar_WD2nZN]  [srujyhua7le0kbwv6qz2yzcqpznuptkb92dxcer1]  [5be2e400-7dbb-417d-b612-44702b0f7e80]  Added the event {
  event_type: 'LogCreated',
  logs: [
    {
      testFrameworkName: 'pytest',
      testFrameworkVersion: '9.0.2',
      testFrameworkState: 'INIT_TEST',
      timestamp: '2026-02-24T21:18:39.477Z',
      uuid: '68529219-2f00-4bd6-9a24-a597a7326465',
      kind: 'TEST_LOG',
      message: '\nSpanish: Desconectados del mundo',
      level: 'INFO',
      test_run_uuid: '68529219-2f00-4bd6-9a24-a597a7326465'
    }
  ]
} to 28529:0
2026-02-24T21:19:58.710Z CLI info [testhub:request-queue-handler]  [vedantvankar_WD2nZN]  [srujyhua7le0kbwv6qz2yzcqpznuptkb92dxcer1]  [5be2e400-7dbb-417d-b612-44702b0f7e80]  Added the event {
  event_type: 'LogCreated',
  logs: [
    {
      testFrameworkName: 'pytest',
      testFrameworkVersion: '9.0.2',
      testFrameworkState: 'INIT_TEST',
      timestamp: '2026-02-24T21:18:39.477Z',
      uuid: '68529219-2f00-4bd6-9a24-a597a7326465',
      kind: 'TEST_LOG',
      message: 'No words repeated more than twice.',
      level: 'INFO',
      test_run_uuid: '68529219-2f00-4bd6-9a24-a597a7326465'
    }
  ]
} to 28529:0
2026-02-24T21:19:58.720Z CLI info [testhub:request-queue-handler]  [vedantvankar_WD2nZN]  [srujyhua7le0kbwv6qz2yzcqpznuptkb92dxcer1]  [5be2e400-7dbb-417d-b612-44702b0f7e80]  Added the event {
  event_type: 'LogCreated',
  logs: [
    {
      testFrameworkName: 'pytest',
      testFrameworkVersion: '9.0.2',
      testFrameworkState: 'INIT_TEST',
      timestamp: '2026-02-24T21:18:39.477Z',
      uuid: '68529219-2f00-4bd6-9a24-a597a7326465',
      kind: 'TEST_LOG',
      message: '\nPART 2 COMPLETE',
      level: 'INFO',
      test_run_uuid: '68529219-2f00-4bd6-9a24-a597a7326465'
    }
  ]
} to 28529:0
2026-02-24T21:19:58.726Z CLI info [testhub:request-queue-handler]  [vedantvankar_WD2nZN]  [srujyhua7le0kbwv6qz2yzcqpznuptkb92dxcer1]  [5be2e400-7dbb-417d-b612-44702b0f7e80]  Added the event {
  event_type: 'LogCreated',
  logs: [
    {
      testFrameworkName: 'pytest',
      testFrameworkVersion: '9.0.2',
      testFrameworkState: 'INIT_TEST',
      timestamp: '2026-02-24T21:18:39.477Z',
      uuid: '68529219-2f00-4bd6-9a24-a597a7326465',
      kind: 'TEST_LOG',
      message: 'main.py::test_elpais_scraper',
      level: 'INFO',
      test_run_uuid: '68529219-2f00-4bd6-9a24-a597a7326465'
    }
  ]
} to 28529:0
2026-02-24T21:19:58.727Z CLI info [testhub:request-queue-handler]  [vedantvankar_WD2nZN]  [srujyhua7le0kbwv6qz2yzcqpznuptkb92dxcer1]  [5be2e400-7dbb-417d-b612-44702b0f7e80]  Added the event {
  event_type: 'LogCreated',
  logs: [
    {
      testFrameworkName: 'pytest',
      testFrameworkVersion: '9.0.2',
      testFrameworkState: 'INIT_TEST',
      timestamp: '2026-02-24T21:18:39.477Z',
      uuid: '68529219-2f00-4bd6-9a24-a597a7326465',
      kind: 'TEST_LOG',
      message: 'srujyhua7le0kbwv6qz2yzcqpznuptkb92dxcer1',
      level: 'INFO',
      test_run_uuid: '68529219-2f00-4bd6-9a24-a597a7326465'
    }
  ]
} to 28529:0
2026-02-24T21:19:58.728Z CLI info [testhub:request-queue-handler]  [vedantvankar_WD2nZN]  [srujyhua7le0kbwv6qz2yzcqpznuptkb92dxcer1]  [5be2e400-7dbb-417d-b612-44702b0f7e80]  Added the event {
  event_type: 'LogCreated',
  logs: [
    {
      testFrameworkName: 'pytest',
      testFrameworkVersion: '9.0.2',
      testFrameworkState: 'INIT_TEST',
      timestamp: '2026-02-24T21:18:39.477Z',
      uuid: '68529219-2f00-4bd6-9a24-a597a7326465',
      kind: 'TEST_LOG',
      message: 'Test passed:  main.py::test_elpais_scraper srujyhua7le0kbwv6qz2yzcqpznuptkb92dxcer1',
      level: 'INFO',
      test_run_uuid: '68529219-2f00-4bd6-9a24-a597a7326465'
    }
  ]
} to 28529:0
2026-02-24T21:19:58.730Z CLI info [testhub:request-queue-handler]  [vedantvankar_WD2nZN]  [srujyhua7le0kbwv6qz2yzcqpznuptkb92dxcer1]  [5be2e400-7dbb-417d-b612-44702b0f7e80]  Added the event {
  event_type: 'LogCreated',
  logs: [
    {
      testFrameworkName: 'pytest',
      testFrameworkVersion: '9.0.2',
      testFrameworkState: 'INIT_TEST',
      timestamp: '2026-02-24T21:18:39.477Z',
      uuid: '68529219-2f00-4bd6-9a24-a597a7326465',
      kind: 'TEST_LOG',
      message: '\x1B[32mPASSED\x1B[0m',
      level: 'INFO',
      test_run_uuid: '68529219-2f00-4bd6-9a24-a597a7326465'
    }
  ]
} to 28529:0
2026-02-24T21:19:58.731Z CLI info [testhub:request-queue-handler]  [vedantvankar_WD2nZN]  [srujyhua7le0kbwv6qz2yzcqpznuptkb92dxcer1]  [5be2e400-7dbb-417d-b612-44702b0f7e80]  Added the event {
  event_type: 'LogCreated',
  logs: [
    {
      testFrameworkName: 'pytest',
      testFrameworkVersion: '9.0.2',
      testFrameworkState: 'INIT_TEST',
      timestamp: '2026-02-24T21:18:39.477Z',
      uuid: '68529219-2f00-4bd6-9a24-a597a7326465',
      kind: 'TEST_LOG',
      message: 'Test passed:',
      level: 'INFO',
      test_run_uuid: '68529219-2f00-4bd6-9a24-a597a7326465'
    }
  ]
} to 28529:0
2026-02-24T21:19:58.732Z CLI info [testhub:request-queue-handler]  [vedantvankar_WD2nZN]  [srujyhua7le0kbwv6qz2yzcqpznuptkb92dxcer1]  [5be2e400-7dbb-417d-b612-44702b0f7e80]  Added the event {
  event_type: 'LogCreated',
  logs: [
    {
      testFrameworkName: 'pytest',
      testFrameworkVersion: '9.0.2',
      testFrameworkState: 'INIT_TEST',
      timestamp: '2026-02-24T21:18:39.477Z',
      uuid: '68529219-2f00-4bd6-9a24-a597a7326465',
      kind: 'TEST_LOG',
      message: '\x1B[32m                                  [100%]\x1B[0m',
      level: 'INFO',
      test_run_uuid: '68529219-2f00-4bd6-9a24-a597a7326465'
    }
  ]
} to 28529:0
2026-02-24T21:19:59.620Z CLI info [testhub:request-queue-handler]  [vedantvankar_WD2nZN]  [srujyhua7le0kbwv6qz2yzcqpznuptkb92dxcer1]  [5be2e400-7dbb-417d-b612-44702b0f7e80]  Processing batch event [
  { event_type: 'LogCreated', logs: [ [Object] ] },
  { event_type: 'LogCreated', logs: [ [Object] ] },
  { event_type: 'LogCreated', logs: [ [Object] ] },
  { event_type: 'LogCreated', logs: [ [Object] ] },
  { event_type: 'LogCreated', logs: [ [Object] ] },
  { event_type: 'LogCreated', logs: [ [Object] ] },
  { event_type: 'LogCreated', logs: [ [Object] ] },
  { event_type: 'LogCreated', logs: [ [Object] ] },
  { event_type: 'LogCreated', logs: [ [Object] ] },
  { event_type: 'LogCreated', logs: [ [Object] ] },
  { event_type: 'LogCreated', logs: [ [Object] ] },
  { event_type: 'LogCreated', logs: [ [Object] ] },
  { event_type: 'LogCreated', logs: [ [Object] ] },
  { event_type: 'LogCreated', logs: [ [Object] ] },
  { event_type: 'LogCreated', logs: [ [Object] ] },
  { event_type: 'LogCreated', logs: [ [Object] ] },
  { event_type: 'LogCreated', logs: [ [Object] ] },
  { event_type: 'LogCreated', logs: [ [Object] ] },
  { event_type: 'LogCreated', logs: [ [Object] ] },
  { event_type: 'LogCreated', logs: [ [Object] ] }
] to 28529:0
2026-02-24T21:19:59.621Z CLI info  [vedantvankar_WD2nZN]  [srujyhua7le0kbwv6qz2yzcqpznuptkb92dxcer1]  [5be2e400-7dbb-417d-b612-44702b0f7e80]  [PRODUCTION] Making POST request to https://collector-observability.browserstack.com
2026-02-24T21:19:59.679Z CLI info [testhub:request-queue-handler]  [vedantvankar_WD2nZN]  [srujyhua7le0kbwv6qz2yzcqpznuptkb92dxcer1]  [5be2e400-7dbb-417d-b612-44702b0f7e80]  Added the event {
  event_type: 'TestRunFinished',
  test_run: {
    type: 'test',
    framework: 'pytest',
    uuid: '68529219-2f00-4bd6-9a24-a597a7326465',
    name: 'test_elpais_scraper',
    body: {
      lang: 'python',
      code: 'def test_elpais_scraper(driver):\n' +
        '\n' +
        '    # --- Step 1: visit El País, verify Spanish ---\n' +
        '    driver.get("https://elpais.com/")\n' +
        '    time.sleep(5)\n' +
        '\n' +
        '    soup = BeautifulSoup(driver.page_source, "lxml")\n' +
        '\n' +
        '    html_tag = soup.find("html")\n' +
        '    lang = html_tag.get("lang", "") if html_tag else ""\n' +
        `    assert "es" in lang, f"Expected Spanish language tag, got: '{lang}'"\n` +
        '\n' +
        '    print(f"\\nLanguage confirmed: {lang}")\n' +
        '\n' +
        '    # --- Step 2: scrape opinion articles ---\n' +
        '    all_urls = extract_opinion_urls(soup)\n' +
        '\n' +
        '    article_urls = [\n' +
        '        u for u in all_urls\n' +
        '        if "/opinion/" in u and not u.rstrip("/").endswith("/opinion")\n' +
        '    ][:5]\n' +
        '\n' +
        '    assert len(article_urls) > 0, "No opinion article URLs found on homepage"\n' +
        '\n' +
        '    print(f"\\nFound {len(article_urls)} opinion articles:")\n' +
        '    for url in article_urls:\n' +
        '        print(url)\n' +
        '\n' +
        '    spanish_titles = scrape_articles(driver, article_urls)\n' +
        '\n' +
        '    assert len(spanish_titles) == len(article_urls), (\n' +
        '        f"Expected {len(article_urls)} titles, got {len(spanish_titles)}"\n' +
        '    )\n' +
        '\n' +
        '    # --- Step 3: translate titles ---\n' +
        '    print("\\n==============================")\n' +
        '    print("TRANSLATING TITLES TO ENGLISH")\n' +
        '\n' +
        '    translated_titles = translate_titles_to_english(spanish_titles)\n' +
        '\n' +
        '    assert len(translated_titles) == len(spanish_titles), (\n' +
        '        "Translation API returned fewer results than expected"\n' +
        '    )\n' +
        '\n' +
        '    for es, en in zip(spanish_titles, translated_titles):\n' +
        '        print(f"\\nSpanish: {es}")\n' +
        '        print(f"English: {en}")\n' +
        '\n' +
        '    # --- Step 4: word analysis ---\n' +
        '    print("\\n==============================")\n' +
        '    print("REPEATED WORDS (count > 2)")\n' +
        '\n' +
        '    repeated_words = find_repeated_words(translated_titles, min_count=3)\n' +
        '\n' +
        '    if repeated_words:\n' +
        '        for word, count in repeated_words.items():\n' +
        '            print(f"{word} -> {count}")\n' +
        '    else:\n' +
        '        print("No words repeated more than twice.")\n' +
        '\n' +
        '    print("\\nPART 2 COMPLETE")\n'
    },
    identifier: 'test_elpais_scraper',
    scope: 'test_elpais_scraper',
    scopes: [ 'main.py' ],
    file_name: 'main.py',
    vc_filepath: 'main.py',
    location: 'main.py',
    result: 'passed',
    duration_in_ms: 60593,
    started_at: '2026-02-24T21:18:58.129Z',
    finished_at: '2026-02-24T21:19:58.722Z',
    failure: null,
    failure_type: null,
    failure_reason: null,
    retry_of: null,
    custom_metadata: {},
    tags: [],
    customRerunParam: { rerun_name: 'main.py::test_elpais_scraper' },
    hooks: [ 'e28bb9d8-6d8a-4011-b1eb-53a63ca48be8' ],
    product_map: {
      observability: true,
      accessibility: false,
      percy: false,
      automate: true,
      app_automate: false
    }
  },
  logs: []
} to 28529:0
2026-02-24T21:19:59.685Z CLI info [testhub:request-queue-handler]  [vedantvankar_WD2nZN]  [srujyhua7le0kbwv6qz2yzcqpznuptkb92dxcer1]  [5be2e400-7dbb-417d-b612-44702b0f7e80]  Added the event {
  event_type: 'HookRunStarted',
  hook_run: {
    type: 'hook',
    hook_type: 'AFTER_EACH',
    framework: 'pytest',
    uuid: 'cb92152d-aa06-4cc2-802e-36251f52dca8',
    name: 'teardown',
    result: 'pending',
    test_run_id: '68529219-2f00-4bd6-9a24-a597a7326465',
    body: { lang: 'python', code: null },
    scope: 'test_elpais_scraper',
    custom_metadata: {},
    tags: [],
    scopes: [ 'main.py' ],
    file_name: 'main.py',
    location: 'main.py',
    vc_filepath: 'main.py',
    started_at: '2026-02-24T21:19:59.675Z'
  },
  logs: []
} to 28529:0
2026-02-24T21:20:01.620Z CLI info [testhub:request-queue-handler]  [vedantvankar_WD2nZN]  [srujyhua7le0kbwv6qz2yzcqpznuptkb92dxcer1]  [5be2e400-7dbb-417d-b612-44702b0f7e80]  Processing batch event [
  {
    event_type: 'TestRunFinished',
    test_run: {
      type: 'test',
      framework: 'pytest',
      uuid: '68529219-2f00-4bd6-9a24-a597a7326465',
      name: 'test_elpais_scraper',
      body: [Object],
      identifier: 'test_elpais_scraper',
      scope: 'test_elpais_scraper',
      scopes: [Array],
      file_name: 'main.py',
      vc_filepath: 'main.py',
      location: 'main.py',
      result: 'passed',
      duration_in_ms: 60593,
      started_at: '2026-02-24T21:18:58.129Z',
      finished_at: '2026-02-24T21:19:58.722Z',
      failure: null,
      failure_type: null,
      failure_reason: null,
      retry_of: null,
      custom_metadata: {},
      tags: [],
      customRerunParam: [Object],
      hooks: [Array],
      product_map: [Object]
    },
    logs: []
  },
  {
    event_type: 'HookRunStarted',
    hook_run: {
      type: 'hook',
      hook_type: 'AFTER_EACH',
      framework: 'pytest',
      uuid: 'cb92152d-aa06-4cc2-802e-36251f52dca8',
      name: 'teardown',
      result: 'pending',
      test_run_id: '68529219-2f00-4bd6-9a24-a597a7326465',
      body: [Object],
      scope: 'test_elpais_scraper',
      custom_metadata: {},
      tags: [],
      scopes: [Array],
      file_name: 'main.py',
      location: 'main.py',
      vc_filepath: 'main.py',
      started_at: '2026-02-24T21:19:59.675Z'
    },
    logs: []
  }
] to 28529:0
2026-02-24T21:20:01.622Z CLI info  [vedantvankar_WD2nZN]  [srujyhua7le0kbwv6qz2yzcqpznuptkb92dxcer1]  [5be2e400-7dbb-417d-b612-44702b0f7e80]  [PRODUCTION] Making POST request to https://collector-observability.browserstack.com
2026-02-24T21:20:01.710Z CLI info [testhub:request-queue-handler]  [vedantvankar_WD2nZN]  [srujyhua7le0kbwv6qz2yzcqpznuptkb92dxcer1]  [5be2e400-7dbb-417d-b612-44702b0f7e80]  Added the event {
  event_type: 'HookRunFinished',
  hook_run: {
    type: 'hook',
    hook_type: 'AFTER_EACH',
    framework: 'pytest',
    uuid: 'cb92152d-aa06-4cc2-802e-36251f52dca8',
    name: 'teardown',
    result: 'passed',
    test_run_id: '68529219-2f00-4bd6-9a24-a597a7326465',
    body: { lang: 'python', code: null },
    scope: 'test_elpais_scraper',
    custom_metadata: {},
    tags: [],
    scopes: [ 'main.py' ],
    file_name: 'main.py',
    location: 'main.py',
    vc_filepath: 'main.py',
    started_at: '2026-02-24T21:19:59.675Z',
    finished_at: '2026-02-24T21:20:01.686Z'
  },
  logs: []
} to 28529:0
2026-02-24T21:20:01.770Z CLI info [testhub:request-queue-handler]  [vedantvankar_WD2nZN]  [srujyhua7le0kbwv6qz2yzcqpznuptkb92dxcer1]  [5be2e400-7dbb-417d-b612-44702b0f7e80]  Added the event {
  event_type: 'LogCreated',
  logs: [
    {
      testFrameworkName: 'pytest',
      testFrameworkVersion: '9.0.2',
      testFrameworkState: 'INIT_TEST',
      timestamp: '2026-02-24T21:19:58.722Z',
      uuid: '68529219-2f00-4bd6-9a24-a597a7326465',
      kind: 'TEST_LOG',
      message: `POST https://hub-aps.browserstack.com/wd/hub/session/cf0f4d0bba6cfc37c6282faedb84d2c74962620f/execute/sync {'script': 'browserstack_executor: {"action": "setSessionStatus", "arguments": {"status": "passed"}}', 'args': []}`,
      level: 'DEBUG',
      test_run_uuid: '68529219-2f00-4bd6-9a24-a597a7326465'
    }
  ]
} to 28529:0
2026-02-24T21:20:01.771Z CLI info [testhub:request-queue-handler]  [vedantvankar_WD2nZN]  [srujyhua7le0kbwv6qz2yzcqpznuptkb92dxcer1]  [5be2e400-7dbb-417d-b612-44702b0f7e80]  Added the event {
  event_type: 'LogCreated',
  logs: [
    {
      testFrameworkName: 'pytest',
      testFrameworkVersion: '9.0.2',
      testFrameworkState: 'INIT_TEST',
      timestamp: '2026-02-24T21:19:59.667Z',
      uuid: '68529219-2f00-4bd6-9a24-a597a7326465',
      kind: 'TEST_LOG',
      message: 'https://hub-aps.browserstack.com:443 "POST /wd/hub/session/cf0f4d0bba6cfc37c6282faedb84d2c74962620f/execute/sync HTTP/1.1" 200 None',
      level: 'DEBUG',
      test_run_uuid: '68529219-2f00-4bd6-9a24-a597a7326465'
    }
  ]
} to 28529:0
2026-02-24T21:20:01.771Z CLI info [testhub:request-queue-handler]  [vedantvankar_WD2nZN]  [srujyhua7le0kbwv6qz2yzcqpznuptkb92dxcer1]  [5be2e400-7dbb-417d-b612-44702b0f7e80]  Added the event {
  event_type: 'LogCreated',
  logs: [
    {
      testFrameworkName: 'pytest',
      testFrameworkVersion: '9.0.2',
      testFrameworkState: 'INIT_TEST',
      timestamp: '2026-02-24T21:19:59.667Z',
      uuid: '68529219-2f00-4bd6-9a24-a597a7326465',
      kind: 'TEST_LOG',
      message: `Remote response: status=200 | data={"sessionId":"cf0f4d0bba6cfc37c6282faedb84d2c74962620f","status":0,"value":"{\\"automation_session\\":{\\"hashed_id\\":\\"cf0f4d0bba6cfc37c6282faedb84d2c74962620f\\",\\"name\\":\\"main.py::test_elpais_scraper\\",\\"status\\":\\"passed\\",\\"os\\":\\"Windows\\",\\"os_version\\":\\"10\\",\\"browser\\":\\"firefox\\",\\"browser_version\\":\\"147.0\\",\\"device\\":null,\\"duration\\":null,\\"reason\\":null,\\"build_name\\":\\"Selenium Multi Platform Run  3\\",\\"project_name\\":\\"EL Pais Opinion Scraper\\",\\"build_hashed_id\\":\\"e4ec08de515af733305da0e377e351cc70e0b37c\\",\\"test_priority\\":null}}"} | headers=HTTPHeaderDict({'Server': 'nginx', 'Date': 'Tue, 24 Feb 2026 21:19:59 GMT', 'Content-Type': 'application/json; charset=utf-8', 'Transfer-Encoding': 'chunked', 'Connection': 'keep-alive', 'Source-From': '02', 'cache-control': 'no-cache'})`,
      level: 'DEBUG',
      test_run_uuid: '68529219-2f00-4bd6-9a24-a597a7326465'
    }
  ]
} to 28529:0
2026-02-24T21:20:01.772Z CLI info [testhub:request-queue-handler]  [vedantvankar_WD2nZN]  [srujyhua7le0kbwv6qz2yzcqpznuptkb92dxcer1]  [5be2e400-7dbb-417d-b612-44702b0f7e80]  Added the event {
  event_type: 'LogCreated',
  logs: [
    {
      testFrameworkName: 'pytest',
      testFrameworkVersion: '9.0.2',
      testFrameworkState: 'INIT_TEST',
      timestamp: '2026-02-24T21:19:59.668Z',
      uuid: '68529219-2f00-4bd6-9a24-a597a7326465',
      kind: 'TEST_LOG',
      message: 'Finished Request',
      level: 'DEBUG',
      test_run_uuid: '68529219-2f00-4bd6-9a24-a597a7326465'
    }
  ]
} to 28529:0
2026-02-24T21:20:01.772Z CLI info [testhub:request-queue-handler]  [vedantvankar_WD2nZN]  [srujyhua7le0kbwv6qz2yzcqpznuptkb92dxcer1]  [5be2e400-7dbb-417d-b612-44702b0f7e80]  Added the event {
  event_type: 'LogCreated',
  logs: [
    {
      testFrameworkName: 'pytest',
      testFrameworkVersion: '9.0.2',
      testFrameworkState: 'INIT_TEST',
      timestamp: '2026-02-24T21:19:59.682Z',
      uuid: '68529219-2f00-4bd6-9a24-a597a7326465',
      kind: 'TEST_LOG',
      message: 'DELETE https://hub-aps.browserstack.com/wd/hub/session/cf0f4d0bba6cfc37c6282faedb84d2c74962620f {}',
      level: 'DEBUG',
      test_run_uuid: '68529219-2f00-4bd6-9a24-a597a7326465'
    }
  ]
} to 28529:0
2026-02-24T21:20:01.773Z CLI info [testhub:request-queue-handler]  [vedantvankar_WD2nZN]  [srujyhua7le0kbwv6qz2yzcqpznuptkb92dxcer1]  [5be2e400-7dbb-417d-b612-44702b0f7e80]  Added the event {
  event_type: 'LogCreated',
  logs: [
    {
      testFrameworkName: 'pytest',
      testFrameworkVersion: '9.0.2',
      testFrameworkState: 'INIT_TEST',
      timestamp: '2026-02-24T21:20:01.630Z',
      uuid: '68529219-2f00-4bd6-9a24-a597a7326465',
      kind: 'TEST_LOG',
      message: 'https://hub-aps.browserstack.com:443 "DELETE /wd/hub/session/cf0f4d0bba6cfc37c6282faedb84d2c74962620f HTTP/1.1" 200 None',
      level: 'DEBUG',
      test_run_uuid: '68529219-2f00-4bd6-9a24-a597a7326465'
    }
  ]
} to 28529:0
2026-02-24T21:20:01.773Z CLI info [testhub:request-queue-handler]  [vedantvankar_WD2nZN]  [srujyhua7le0kbwv6qz2yzcqpznuptkb92dxcer1]  [5be2e400-7dbb-417d-b612-44702b0f7e80]  Added the event {
  event_type: 'LogCreated',
  logs: [
    {
      testFrameworkName: 'pytest',
      testFrameworkVersion: '9.0.2',
      testFrameworkState: 'INIT_TEST',
      timestamp: '2026-02-24T21:20:01.631Z',
      uuid: '68529219-2f00-4bd6-9a24-a597a7326465',
      kind: 'TEST_LOG',
      message: `Remote response: status=200 | data={"state":"success","status":0,"value":""} | headers=HTTPHeaderDict({'Server': 'nginx', 'Date': 'Tue, 24 Feb 2026 21:20:01 GMT', 'Content-Type': 'application/json; charset=utf-8', 'Transfer-Encoding': 'chunked', 'Connection': 'keep-alive', 'Source-From': '02', 'cache-control': 'no-cache'})`,
      level: 'DEBUG',
      test_run_uuid: '68529219-2f00-4bd6-9a24-a597a7326465'
    }
  ]
} to 28529:0
2026-02-24T21:20:01.774Z CLI info [testhub:request-queue-handler]  [vedantvankar_WD2nZN]  [srujyhua7le0kbwv6qz2yzcqpznuptkb92dxcer1]  [5be2e400-7dbb-417d-b612-44702b0f7e80]  Added the event {
  event_type: 'LogCreated',
  logs: [
    {
      testFrameworkName: 'pytest',
      testFrameworkVersion: '9.0.2',
      testFrameworkState: 'INIT_TEST',
      timestamp: '2026-02-24T21:20:01.631Z',
      uuid: '68529219-2f00-4bd6-9a24-a597a7326465',
      kind: 'TEST_LOG',
      message: 'Finished Request',
      level: 'DEBUG',
      test_run_uuid: '68529219-2f00-4bd6-9a24-a597a7326465'
    }
  ]
} to 28529:0
2026-02-24T21:20:01.774Z CLI info [testhub:request-queue-handler]  [vedantvankar_WD2nZN]  [srujyhua7le0kbwv6qz2yzcqpznuptkb92dxcer1]  [5be2e400-7dbb-417d-b612-44702b0f7e80]  Added the event {
  event_type: 'LogCreated',
  logs: [
    {
      testFrameworkName: 'pytest',
      testFrameworkVersion: '9.0.2',
      testFrameworkState: 'INIT_TEST',
      timestamp: '2026-02-24T21:18:58.131Z',
      uuid: '68529219-2f00-4bd6-9a24-a597a7326465',
      kind: 'TEST_LOG',
      message: `POST https://hub-aps.browserstack.com/wd/hub/session/cf0f4d0bba6cfc37c6282faedb84d2c74962620f/execute/sync {'script': 'browserstack_executor: {"action": "setSessionName", "arguments": {"name": "main.py::test_elpais_scra...', 'args': []}`,
      level: 'DEBUG',
      test_run_uuid: '68529219-2f00-4bd6-9a24-a597a7326465'
    }
  ]
} to 28529:0
2026-02-24T21:20:01.774Z CLI info [testhub:request-queue-handler]  [vedantvankar_WD2nZN]  [srujyhua7le0kbwv6qz2yzcqpznuptkb92dxcer1]  [5be2e400-7dbb-417d-b612-44702b0f7e80]  Added the event {
  event_type: 'LogCreated',
  logs: [
    {
      testFrameworkName: 'pytest',
      testFrameworkVersion: '9.0.2',
      testFrameworkState: 'INIT_TEST',
      timestamp: '2026-02-24T21:18:58.475Z',
      uuid: '68529219-2f00-4bd6-9a24-a597a7326465',
      kind: 'TEST_LOG',
      message: 'https://hub-aps.browserstack.com:443 "POST /wd/hub/session/cf0f4d0bba6cfc37c6282faedb84d2c74962620f/execute/sync HTTP/1.1" 200 None',
      level: 'DEBUG',
      test_run_uuid: '68529219-2f00-4bd6-9a24-a597a7326465'
    }
  ]
} to 28529:0
2026-02-24T21:20:01.775Z CLI info [testhub:request-queue-handler]  [vedantvankar_WD2nZN]  [srujyhua7le0kbwv6qz2yzcqpznuptkb92dxcer1]  [5be2e400-7dbb-417d-b612-44702b0f7e80]  Added the event {
  event_type: 'LogCreated',
  logs: [
    {
      testFrameworkName: 'pytest',
      testFrameworkVersion: '9.0.2',
      testFrameworkState: 'INIT_TEST',
      timestamp: '2026-02-24T21:18:58.475Z',
      uuid: '68529219-2f00-4bd6-9a24-a597a7326465',
      kind: 'TEST_LOG',
      message: `Remote response: status=200 | data={"sessionId":"cf0f4d0bba6cfc37c6282faedb84d2c74962620f","status":0,"value":"{\\"automation_session\\":{\\"name\\":\\"main.py::test_elpais_scraper\\",\\"duration\\":null,\\"os\\":\\"Windows\\",\\"os_version\\":\\"10\\",\\"browser_version\\":\\"147.0\\",\\"browser\\":\\"firefox\\",\\"device\\":null,\\"status\\":\\"running\\",\\"hashed_id\\":\\"cf0f4d0bba6cfc37c6282faedb84d2c74962620f\\",\\"reason\\":null,\\"build_name\\":\\"Selenium Multi Platform Run  3\\",\\"project_name\\":\\"EL Pais Opinion Scraper\\",\\"build_hashed_id\\":\\"e4ec08de515af733305da0e377e351cc70e0b37c\\",\\"test_priority\\":null}}"} | headers=HTTPHeaderDict({'Server': 'nginx', 'Date': 'Tue, 24 Feb 2026 21:18:58 GMT', 'Content-Type': 'application/json; charset=utf-8', 'Transfer-Encoding': 'chunked', 'Connection': 'keep-alive', 'Source-From': '02', 'cache-control': 'no-cache'})`,
      level: 'DEBUG',
      test_run_uuid: '68529219-2f00-4bd6-9a24-a597a7326465'
    }
  ]
} to 28529:0
2026-02-24T21:20:01.775Z CLI info [testhub:request-queue-handler]  [vedantvankar_WD2nZN]  [srujyhua7le0kbwv6qz2yzcqpznuptkb92dxcer1]  [5be2e400-7dbb-417d-b612-44702b0f7e80]  Added the event {
  event_type: 'LogCreated',
  logs: [
    {
      testFrameworkName: 'pytest',
      testFrameworkVersion: '9.0.2',
      testFrameworkState: 'INIT_TEST',
      timestamp: '2026-02-24T21:18:58.476Z',
      uuid: '68529219-2f00-4bd6-9a24-a597a7326465',
      kind: 'TEST_LOG',
      message: 'Finished Request',
      level: 'DEBUG',
      test_run_uuid: '68529219-2f00-4bd6-9a24-a597a7326465'
    }
  ]
} to 28529:0
2026-02-24T21:20:01.776Z CLI info [testhub:request-queue-handler]  [vedantvankar_WD2nZN]  [srujyhua7le0kbwv6qz2yzcqpznuptkb92dxcer1]  [5be2e400-7dbb-417d-b612-44702b0f7e80]  Added the event {
  event_type: 'LogCreated',
  logs: [
    {
      testFrameworkName: 'pytest',
      testFrameworkVersion: '9.0.2',
      testFrameworkState: 'INIT_TEST',
      timestamp: '2026-02-24T21:18:58.478Z',
      uuid: '68529219-2f00-4bd6-9a24-a597a7326465',
      kind: 'TEST_LOG',
      message: `POST https://hub-aps.browserstack.com/wd/hub/session/cf0f4d0bba6cfc37c6282faedb84d2c74962620f/execute/sync {'script': 'browserstack_executor: {"action": "annotate", "arguments": {"type": "Annotation", "data": "Observabi...', 'args': []}`,
      level: 'DEBUG',
      test_run_uuid: '68529219-2f00-4bd6-9a24-a597a7326465'
    }
  ]
} to 28529:0
2026-02-24T21:20:01.777Z CLI info [testhub:request-queue-handler]  [vedantvankar_WD2nZN]  [srujyhua7le0kbwv6qz2yzcqpznuptkb92dxcer1]  [5be2e400-7dbb-417d-b612-44702b0f7e80]  Added the event {
  event_type: 'LogCreated',
  logs: [
    {
      testFrameworkName: 'pytest',
      testFrameworkVersion: '9.0.2',
      testFrameworkState: 'INIT_TEST',
      timestamp: '2026-02-24T21:18:58.546Z',
      uuid: '68529219-2f00-4bd6-9a24-a597a7326465',
      kind: 'TEST_LOG',
      message: 'https://hub-aps.browserstack.com:443 "POST /wd/hub/session/cf0f4d0bba6cfc37c6282faedb84d2c74962620f/execute/sync HTTP/1.1" 200 None',
      level: 'DEBUG',
      test_run_uuid: '68529219-2f00-4bd6-9a24-a597a7326465'
    }
  ]
} to 28529:0
2026-02-24T21:20:01.777Z CLI info [testhub:request-queue-handler]  [vedantvankar_WD2nZN]  [srujyhua7le0kbwv6qz2yzcqpznuptkb92dxcer1]  [5be2e400-7dbb-417d-b612-44702b0f7e80]  Added the event {
  event_type: 'LogCreated',
  logs: [
    {
      testFrameworkName: 'pytest',
      testFrameworkVersion: '9.0.2',
      testFrameworkState: 'INIT_TEST',
      timestamp: '2026-02-24T21:18:58.546Z',
      uuid: '68529219-2f00-4bd6-9a24-a597a7326465',
      kind: 'TEST_LOG',
      message: `Remote response: status=200 | data={"sessionId":"cf0f4d0bba6cfc37c6282faedb84d2c74962620f","status":0,"value":"ObservabilitySync:1771967938478"} | headers=HTTPHeaderDict({'Server': 'nginx', 'Date': 'Tue, 24 Feb 2026 21:18:58 GMT', 'Content-Type': 'application/json; charset=utf-8', 'Transfer-Encoding': 'chunked', 'Connection': 'keep-alive', 'Source-From': '02', 'cache-control': 'no-cache'})`,
      level: 'DEBUG',
      test_run_uuid: '68529219-2f00-4bd6-9a24-a597a7326465'
    }
  ]
} to 28529:0
2026-02-24T21:20:01.778Z CLI info [testhub:request-queue-handler]  [vedantvankar_WD2nZN]  [srujyhua7le0kbwv6qz2yzcqpznuptkb92dxcer1]  [5be2e400-7dbb-417d-b612-44702b0f7e80]  Added the event {
  event_type: 'LogCreated',
  logs: [
    {
      testFrameworkName: 'pytest',
      testFrameworkVersion: '9.0.2',
      testFrameworkState: 'INIT_TEST',
      timestamp: '2026-02-24T21:18:58.546Z',
      uuid: '68529219-2f00-4bd6-9a24-a597a7326465',
      kind: 'TEST_LOG',
      message: 'Finished Request',
      level: 'DEBUG',
      test_run_uuid: '68529219-2f00-4bd6-9a24-a597a7326465'
    }
  ]
} to 28529:0
2026-02-24T21:20:01.778Z CLI info [testhub:request-queue-handler]  [vedantvankar_WD2nZN]  [srujyhua7le0kbwv6qz2yzcqpznuptkb92dxcer1]  [5be2e400-7dbb-417d-b612-44702b0f7e80]  Added the event {
  event_type: 'LogCreated',
  logs: [
    {
      testFrameworkName: 'pytest',
      testFrameworkVersion: '9.0.2',
      testFrameworkState: 'INIT_TEST',
      timestamp: '2026-02-24T21:18:58.560Z',
      uuid: '68529219-2f00-4bd6-9a24-a597a7326465',
      kind: 'TEST_LOG',
      message: "POST https://hub-aps.browserstack.com/wd/hub/session/cf0f4d0bba6cfc37c6282faedb84d2c74962620f/url {'url': 'https://elpais.com/'}",
      level: 'DEBUG',
      test_run_uuid: '68529219-2f00-4bd6-9a24-a597a7326465'
    }
  ]
} to 28529:0
2026-02-24T21:20:01.779Z CLI info [testhub:request-queue-handler]  [vedantvankar_WD2nZN]  [srujyhua7le0kbwv6qz2yzcqpznuptkb92dxcer1]  [5be2e400-7dbb-417d-b612-44702b0f7e80]  Added the event {
  event_type: 'LogCreated',
  logs: [
    {
      testFrameworkName: 'pytest',
      testFrameworkVersion: '9.0.2',
      testFrameworkState: 'INIT_TEST',
      timestamp: '2026-02-24T21:19:05.006Z',
      uuid: '68529219-2f00-4bd6-9a24-a597a7326465',
      kind: 'TEST_LOG',
      message: 'https://hub-aps.browserstack.com:443 "POST /wd/hub/session/cf0f4d0bba6cfc37c6282faedb84d2c74962620f/url HTTP/1.1" 200 0',
      level: 'DEBUG',
      test_run_uuid: '68529219-2f00-4bd6-9a24-a597a7326465'
    }
  ]
} to 28529:0
2026-02-24T21:20:01.779Z CLI info [testhub:request-queue-handler]  [vedantvankar_WD2nZN]  [srujyhua7le0kbwv6qz2yzcqpznuptkb92dxcer1]  [5be2e400-7dbb-417d-b612-44702b0f7e80]  Added the event {
  event_type: 'LogCreated',
  logs: [
    {
      testFrameworkName: 'pytest',
      testFrameworkVersion: '9.0.2',
      testFrameworkState: 'INIT_TEST',
      timestamp: '2026-02-24T21:19:05.006Z',
      uuid: '68529219-2f00-4bd6-9a24-a597a7326465',
      kind: 'TEST_LOG',
      message: `Remote response: status=200 | data={"value":null} | headers=HTTPHeaderDict({'Server': 'nginx', 'Date': 'Tue, 24 Feb 2026 21:19:04 GMT', 'Content-Type': 'application/json;charset=utf-8', 'Content-Length': '14', 'Connection': 'keep-alive', 'Source-From': '02', 'expires': 'Thu, 01 Jan 1970 00:00:00 GMT', 'cache-control': 'no-cache, no-cache'})`,
      level: 'DEBUG',
      test_run_uuid: '68529219-2f00-4bd6-9a24-a597a7326465'
    }
  ]
} to 28529:0
2026-02-24T21:20:01.779Z CLI info [testhub:request-queue-handler]  [vedantvankar_WD2nZN]  [srujyhua7le0kbwv6qz2yzcqpznuptkb92dxcer1]  [5be2e400-7dbb-417d-b612-44702b0f7e80]  Added the event {
  event_type: 'LogCreated',
  logs: [
    {
      testFrameworkName: 'pytest',
      testFrameworkVersion: '9.0.2',
      testFrameworkState: 'INIT_TEST',
      timestamp: '2026-02-24T21:19:05.007Z',
      uuid: '68529219-2f00-4bd6-9a24-a597a7326465',
      kind: 'TEST_LOG',
      message: 'Finished Request',
      level: 'DEBUG',
      test_run_uuid: '68529219-2f00-4bd6-9a24-a597a7326465'
    }
  ]
} to 28529:0
2026-02-24T21:20:01.780Z CLI info [testhub:request-queue-handler]  [vedantvankar_WD2nZN]  [srujyhua7le0kbwv6qz2yzcqpznuptkb92dxcer1]  [5be2e400-7dbb-417d-b612-44702b0f7e80]  Added the event {
  event_type: 'LogCreated',
  logs: [
    {
      testFrameworkName: 'pytest',
      testFrameworkVersion: '9.0.2',
      testFrameworkState: 'INIT_TEST',
      timestamp: '2026-02-24T21:19:10.009Z',
      uuid: '68529219-2f00-4bd6-9a24-a597a7326465',
      kind: 'TEST_LOG',
      message: 'GET https://hub-aps.browserstack.com/wd/hub/session/cf0f4d0bba6cfc37c6282faedb84d2c74962620f/source {}',
      level: 'DEBUG',
      test_run_uuid: '68529219-2f00-4bd6-9a24-a597a7326465'
    }
  ]
} to 28529:0
2026-02-24T21:20:01.780Z CLI info [testhub:request-queue-handler]  [vedantvankar_WD2nZN]  [srujyhua7le0kbwv6qz2yzcqpznuptkb92dxcer1]  [5be2e400-7dbb-417d-b612-44702b0f7e80]  Added the event {
  event_type: 'LogCreated',
  logs: [
    {
      testFrameworkName: 'pytest',
      testFrameworkVersion: '9.0.2',
      testFrameworkState: 'INIT_TEST',
      timestamp: '2026-02-24T21:19:11.863Z',
      uuid: '68529219-2f00-4bd6-9a24-a597a7326465',
      kind: 'TEST_LOG',
      message: 'https://hub-aps.browserstack.com:443 "GET /wd/hub/session/cf0f4d0bba6cfc37c6282faedb84d2c74962620f/source HTTP/1.1" 200 0',
      level: 'DEBUG',
      test_run_uuid: '68529219-2f00-4bd6-9a24-a597a7326465'
    }
  ]
} to 28529:0
2026-02-24T21:20:01.781Z CLI info [testhub:request-queue-handler]  [vedantvankar_WD2nZN]  [srujyhua7le0kbwv6qz2yzcqpznuptkb92dxcer1]  [5be2e400-7dbb-417d-b612-44702b0f7e80]  Added the event {
  event_type: 'LogCreated',
  logs: [
    {
      testFrameworkName: 'pytest',
      testFrameworkVersion: '9.0.2',
      testFrameworkState: 'INIT_TEST',
      timestamp: '2026-02-24T21:19:11.869Z',
      uuid: '68529219-2f00-4bd6-9a24-a597a7326465',
      kind: 'TEST_LOG',
      message: 'Remote response: status=200 | data={"value":"<html lang=\\"es-ES\\"><head class=\\"at-element-marker\\"><meta charset=\\"UTF-8\\"><meta name=\\"viewport\\" content=\\"width=device-width, initial-scale=1.0\\"><link rel=\\"preload\\" as=\\"image\\" href=\\"https://static.elpais.com/dist/resources/images/logos/primary/el-pais-slogan-esp.svg\\"><link rel=\\"preload\\" as=\\"image\\" imagesrcset=\\"https://imagenes.elpais.com/resizer/v2/PCWJZY7FPBCPLIPZCYNSEXLWEQ.jpg?auth=1e77f5bb3ddef5861b77c7a2e3eedb1f9150d06f5a69a86a9508eea5e2864148&amp;width=414 414w,https://imagenes.elpais.com/resizer/v2/PCWJZY7FPBCPLIPZCYNSEXLWEQ.jpg?auth=1e77f5bb3ddef5861b77c7a2e3eedb1f9150d06f5a69a86a9508eea5e2864148&amp;width=828 828w,https://imagenes.elpais.com/resizer/v2/PCWJZY7FPBCPLIPZCYNSEXLWEQ.jpg?auth=1e77f5bb3ddef5861b77c7a2e3eedb1f9150d06f5a69a86a9508eea5e2864148&amp;width=1200 1200w\\" imagesizes=\\"(min-width: 1199px) 1155px, (min-width: 1001px) calc(100vw - 44px), (min-width: 768px) 715px, (min-width: 576px) calc(100vw - 40px), 100vw\\"><script async=\\"\\" src=\\"https://sb.scorecardresearch.com/cs/8671776/beacon.js\\"></script><script src=\\"https://sdk.mrf.io/statics/marfeel-sdk.es5.js?id=2223\\" async=\\"\\" type=\\"text/javascript\\" nomodule=\\"\\"></script><script src=\\"https://sdk.mrf.io/statics/marfeel-sdk.js?id=2223\\" type=\\"module\\"></script><script id=\\"gfkS2s\\" async=\\"\\" type=\\"text/javascript\\" src=\\"https://ES-config.sensic.net/s2s-web.js\\"></script><script id=\\"spcloader\\" type=\\"text/javascript\\" async=\\"\\" src=\\"https://sdk.privacy-center.org/8ba38674-edba-484d-8053-435051d79f72/loader.js?target=epconsentwalnoneu.com\\" charset=\\"utf-8\\"></script><script src=\\"https://accounts.google.com/gsi/client\\" async=\\"\\" defer=\\"\\"></script><link rel=\\"preconnect\\" href=\\"//static.elpais.com\\"><link rel=\\"preconnect\\" href=\\"//assets.adobedtm.com\\"><link rel=\\"preconnect\\" href=\\"//sdk.privacy-center.org\\"><link rel=\\"preload\\" href=\\"https://imagenes.elpais.com/resizer/v2/PCWJZY7FPBCPLIPZCYNSEXLWEQ.jpg?auth=1e77f5bb3ddef5861b77c7a2e3eedb1f9150d06f5a69a86a9508eea5e2864148&amp;width=414&amp;height=311&amp;smart=true\\" imagesrcset=\\"https://imagenes.elpais.com/resizer/v2/PCWJZY7FPBCPLIPZCYNSEXLWEQ.jpg?auth=1e77f5bb3ddef5861b77c7a2e3eedb1f9150d06f5a69a86a9508eea5e2864148&amp;width=414&amp;height=311&amp;smart=true 414w,https://imagenes.elpais.com/resizer/v2/PCWJZY7FPBCPLIPZCYNSEXLWEQ.jpg?auth=1e77f5bb3ddef5861b77c7a2e3eedb1f9150d06f5a69a86a9508eea5e2864148&amp;width=828&amp;height=621&amp;smart=true 828w,https://imagenes.elpais.com/resizer/v2/PCWJZY7FPBCPLIPZCYNSEXLWEQ.jpg?auth=1e77f5bb3ddef5861b77c7a2e3eedb1f9150d06f5a69a86a9508eea5e2864148&amp;width=1200&amp;height=900&amp;smart=true 1200w\\" imagesizes=\\"(min-width: 1199px) 1155px, (min-width: 1001px) calc(100vw - 44px), (min-width: 768px) 715px, (min-width: 576px) calc(100vw - 40px), 100vw\\" as=\\"image\\" fetchpriority=\\"high\\"><link rel=\\"preload\\" href=\\"https://static.elpais.com/dist/resources/fonts/majrit/majrit-text/Majrit-Text-Bold.woff2\\" as=\\"font\\" type=\\"font/woff2\\" crossorigin=\\"\\"><link rel=\\"preload\\" href=\\"https://static.elpais.com/dist/resources/fonts/majrit/majrit-text/Majrit-Text-Roman.woff2\\" as=\\"font\\" type=\\"font/woff2\\" crossorigin=\\"\\"><title>EL PAÍS: el periódico global</title><meta name=\\"date\\" scheme=\\"W3CDTF\\" content=\\"2026-02-24T22:15:19+01:00\\"><meta name=\\"lang\\" content=\\"es-ES\\"><meta name=\\"author\\" content=\\"Ediciones EL PAÍS\\"><meta name=\\"robots\\" content=\\"index,follow\\"><meta name=\\"description\\" content=\\"Noticias de última hora sobre la actualidad en España y el mundo: política, economía, deportes, cultura, sociedad, tecnología, gente, opinión, viajes, moda, televisión, los blogs y las firmas de EL PAÍS. Además especiales, vídeos, fotos, audios, gráficos, entrevistas, promociones y todos los servicios de EL PAÍS.\\"><meta name=\\"organization\\" content=\\"Ediciones EL PAÍS S.L.\\"><meta property=\\"article:publisher\\" content=\\"https://www.facebook.com/elpais/\\"><meta property=\\"article:modified_time\\" content=\\"2026-02-24T22:15:19+01:00\\"><meta property=\\"og:title\\" content=\\"EL PAÍS: el periódico global\\"><meta property=\\"og:description\\" content=\\"Noticias de última hora sobre la actualidad en España y el mundo: política, economía, deportes, cultura, sociedad, tecnología, gente, opinión, viajes, moda, televisión, los blogs y las firmas de EL PAÍS. Además especiales, vídeos, fotos, audios, gráficos, entrevistas, promociones y todos los servicios de EL PAÍS.\\"><meta property=\\"og:updated_time\\" content=\\"2026-02-24T22:15:19+01:00\\"><meta property=\\"og:image\\" content=\\"https://imagenes.elpais.com/resizer/v2/https%3A%2F%2Farc-anglerfish-eu-central-1-prod-prisa.s3.amazonaws.com%2Fpublic%2FPSMME3J7ZBDOHK4S6ZIIFVDEAQ.png?auth=6297c6ea5303b046503b1d9ef9d5cf46f4eacf1583ad6d61346d8fc8d9f9c948&amp;width=300&amp;height=300&amp;smart=true\\"><meta property=\\"og:image:width\\" content=\\"300\\"><meta property=\\"og:image:height\\" content=\\"300\\"><meta property=\\"og:url\\" content=\\"https://elpais.com\\"><meta property=\\"og:type\\" content=\\"website\\"><meta property=\\"og:site_name\\" content=\\"El País\\"><meta property=\\"fb:app_id\\" content=\\"94039431626\\"><meta property=\\"twitter:card\\" content=\\"summary\\"><meta property=\\"twitter:site\\" content=\\"@el_pais\\"><link rel=\\"canonical\\" href=\\"https://elpais.com\\"><meta property=\\"article:section\\" content=\\"Portada\\"><meta property=\\"twitter:title\\" content=\\"EL PAÍS: el periódico global\\"><meta property=\\"og:article:publisher\\" content=\\"EL PAÍS\\"><meta property=\\"og:article:author\\" content=\\"Ediciones EL PAÍS\\"><meta property=\\"fb:admins\\" content=\\"851024123, 100008251487379\\"><meta property=\\"fb:pages\\" content=\\"8585811569, 212722845575439, 1397320167179189, 358442097543367, 104260153017742, 171825147183, 122239794993797\\"><link rel=\\"alternate\\" href=\\"https://feeds.elpais.com/mrss-s/pages/ep/site/elpais.com/portada\\" type=\\"application/rss+xml\\" title=\\"RSS de la portada de El País\\"><link rel=\\"manifest\\" href=\\"/pf/resources/manifests/site.webmanifest?d=2381\\"><link rel=\\"icon\\" href=\\"https://static.elpais.com/dist/resources/images/favicon.ico\\" type=\\"image/x-icon\\"><link rel=\\"icon\\" href=\\"https://static.elpais.com/dist/resources/images/favicon_96.png\\" type=\\"image/png\\" sizes=\\"96x96\\"><link rel=\\"apple-touch-icon\\" sizes=\\"180x180\\" href=\\"https://static.elpais.com/dist/resources/images/apple-touch-icon.png\\"><script type=\\"application/javascript\\">window.ENP = {\\"globalContent\\":{\\"website\\":\\"el-pais\\",\\"alertEnabled\\":true,\\"lotteryButtonEnabled\\":false,\\"chatbotDisabled\\":false,\\"subscribeLinkByIP\\":\\"https://elpais.com/suscripciones/america/#/campaign\\",\\"subscribeLink\\":\\"https://elpais.com/suscripciones/#/campaign\\",\\"subscribePremiumLink\\":{\\"default\\":\\"https://elpais.com/suscripciones/premium/upgrade/\\",\\"CA\\":\\"https://elpais.com/suscripciones/digital/premium/upgrade/eucan/\\",\\"US\\":\\"https://elpais.com/suscripciones/digital/premium/upgrade/eucan/\\"},\\"usunLoginUrl\\":\\"https://services.users.elpais.com/serviceLogin.html\\",\\"baseUrlApiGateway\\":\\"https://wdnf3ec6zb.execute-api.eu-west-1.amazonaws.com/PRO/api/\\",\\"serviceProductUrl\\":\\"https://services.users.elpais.com/serviceProduct.html\\",\\"newsGoogleScript\\":\\"https://news.google.com/swg/js/v1/swg.js\\",\\"secretPasswordServiceProduct\\":\\"&_&que_es_mi_barco$_$\\",\\"favoritesURL\\":\\"https://static.elpais.com/dist/resources/js/334f83a783d9964bffcb2080a770b0c8/ENP-favorites.js\\",\\"apiOrigin\\":\\"https://publicapi.elpais.com\\",\\"publicApi\\":\\"https://publicapi.elpais.com\\",\\"entitlements\\":{\\"basic\\":[2895115629259653],\\"premium\\":[2810938707754442]},\\"omitAds\\":false,\\"isHomepage\\":true,\\"refresh\\":true},\\"deployment\\":{\\"arcVersion\\":\\"2381\\",\\"cssVersion\\":\\"334f83a783d9964bffcb2080a770b0c8\\",\\"jsVersion\\":\\"334f83a783d9964bffcb2080a770b0c8\\",\\"resourcePath\\":\\"https://static.elpais.com/dist\\"},\\"translations\\":{\\"dateTime\\":{\\"dateTimeConnector\\":\\"a las\\",\\"ago\\":\\"Hace %s\\",\\"actualizado\\":\\"Actualizado\\",\\"act\\":\\"Act.\\",\\"published\\":\\"Publicado a las:\\",\\"modified\\":\\"y modificado a las\\"},\\"sharedBar\\":{\\"commentsMessage\\":\\"Ir a los comentarios\\",\\"copyLink\\":\\"Enlace copiado\\"},\\"subscribePremiumText\\":\\"Añade más ventajas a tu suscripción: 2 cuentas de email, PDF de EL PAÍS y todo Cinco Días.\\",\\"subscribePremiumButton\\":\\"HAZTE PREMIUM\\",\\"chatbot\\":{\\"welcomeMessage\\":\\"Hola%s, ¿puedo ayudarte?\\"},\\"cutOffMarks\\":{\\"searchBox\\":{\\"common\\":{\\"defaultOptionText\\":\\"Por %s\\"}},\\"cutOffMarksList\\":{\\"common\\":{\\"noResultsMessage\\":\\"No se encontraron resultados\\"}}},\\"games\\":{\\"registerPrimaryPlayText\\":\\"Regístrate ahora\\",\\"registerSecondaryPlayText\\":\\"Ya soy suscriptor\\"},\\"wrapped2025\\":{\\"mostReadSections\\":{\\"titleSubscribed\\":\\"Tus artículos más leídos han sido sobre\\"}}},\\"siteProperties\\":{\\"liveKickerUrl\\":\\"https://eskup.elpais.com/OuteskupSimple\\",\\"languageCode\\":\\"es-ES\\",\\"siteDomainURL\\":\\"https://elpais.com\\",\\"subscribeOther\\":{\\"default\\":{\\"MX\\":\\"https://elpais.com/suscripciones/america/mexico/digital/#/campaign#\\",\\"CO\\":\\"https://elpais.com/suscripciones/america/colombia/digital/#/campaign#\\",\\"CL\\":\\"https://elpais.com/suscripciones/america/chile/digital/#/campaign#\\",\\"CA\\":\\"https://elpais.com/suscripciones/digital/eucan/\\",\\"US\\":\\"https://elpais.com/suscripciones/digital/eucan/\\"},\\"freemium_t2\\":{\\"default\\":\\"https://elpais.com/suscripciones/premium/primer-mes-anual/#/campaign\\",\\"defaultAm\\":\\"https://elpais.com/suscripcion/latam/primermes/premium/mensual/anual/#/campaign\\",\\"MX\\":\\"https://elpais.com/suscripcion/latam/primermes/premium/mensual/anual/#/campaign\\",\\"CO\\":\\"https://elpais.com/suscripcion/colombia/premium/primermes/anual\\",\\"CL\\":\\"https://elpais.com/suscripcion/latam/primermes/premium/mensual/anual/#/campaign\\",\\"CA\\":\\"https://elpais.com/suscripciones/digital/premium/primer-mes-anual/eucan\\",\\"US\\":\\"https://elpais.com/suscripciones/digital/premium/primer-mes-anual/eucan\\"}},\\"relativeSearchURL\\":\\"/buscador/\\'... 1069879 more characters,
      level: 'DEBUG',
      test_run_uuid: '68529219-2f00-4bd6-9a24-a597a7326465'
    }
  ]
} to 28529:0
2026-02-24T21:20:01.782Z CLI info [testhub:request-queue-handler]  [vedantvankar_WD2nZN]  [srujyhua7le0kbwv6qz2yzcqpznuptkb92dxcer1]  [5be2e400-7dbb-417d-b612-44702b0f7e80]  Added the event {
  event_type: 'LogCreated',
  logs: [
    {
      testFrameworkName: 'pytest',
      testFrameworkVersion: '9.0.2',
      testFrameworkState: 'INIT_TEST',
      timestamp: '2026-02-24T21:19:11.919Z',
      uuid: '68529219-2f00-4bd6-9a24-a597a7326465',
      kind: 'TEST_LOG',
      message: 'Finished Request',
      level: 'DEBUG',
      test_run_uuid: '68529219-2f00-4bd6-9a24-a597a7326465'
    }
  ]
} to 28529:0
2026-02-24T21:20:01.782Z CLI info [testhub:request-queue-handler]  [vedantvankar_WD2nZN]  [srujyhua7le0kbwv6qz2yzcqpznuptkb92dxcer1]  [5be2e400-7dbb-417d-b612-44702b0f7e80]  Added the event {
  event_type: 'LogCreated',
  logs: [
    {
      testFrameworkName: 'pytest',
      testFrameworkVersion: '9.0.2',
      testFrameworkState: 'INIT_TEST',
      timestamp: '2026-02-24T21:19:12.036Z',
      uuid: '68529219-2f00-4bd6-9a24-a597a7326465',
      kind: 'TEST_LOG',
      message: "POST https://hub-aps.browserstack.com/wd/hub/session/cf0f4d0bba6cfc37c6282faedb84d2c74962620f/url {'url': 'https://elpais.com/opinion/2026-02-24/no-mas-secretos-del-23-f.html'}",
      level: 'DEBUG',
      test_run_uuid: '68529219-2f00-4bd6-9a24-a597a7326465'
    }
  ]
} to 28529:0
2026-02-24T21:20:01.783Z CLI info [testhub:request-queue-handler]  [vedantvankar_WD2nZN]  [srujyhua7le0kbwv6qz2yzcqpznuptkb92dxcer1]  [5be2e400-7dbb-417d-b612-44702b0f7e80]  Added the event {
  event_type: 'LogCreated',
  logs: [
    {
      testFrameworkName: 'pytest',
      testFrameworkVersion: '9.0.2',
      testFrameworkState: 'INIT_TEST',
      timestamp: '2026-02-24T21:19:15.545Z',
      uuid: '68529219-2f00-4bd6-9a24-a597a7326465',
      kind: 'TEST_LOG',
      message: 'https://hub-aps.browserstack.com:443 "POST /wd/hub/session/cf0f4d0bba6cfc37c6282faedb84d2c74962620f/url HTTP/1.1" 200 0',
      level: 'DEBUG',
      test_run_uuid: '68529219-2f00-4bd6-9a24-a597a7326465'
    }
  ]
} to 28529:0
2026-02-24T21:20:01.783Z CLI info [testhub:request-queue-handler]  [vedantvankar_WD2nZN]  [srujyhua7le0kbwv6qz2yzcqpznuptkb92dxcer1]  [5be2e400-7dbb-417d-b612-44702b0f7e80]  Added the event {
  event_type: 'LogCreated',
  logs: [
    {
      testFrameworkName: 'pytest',
      testFrameworkVersion: '9.0.2',
      testFrameworkState: 'INIT_TEST',
      timestamp: '2026-02-24T21:19:15.546Z',
      uuid: '68529219-2f00-4bd6-9a24-a597a7326465',
      kind: 'TEST_LOG',
      message: `Remote response: status=200 | data={"value":null} | headers=HTTPHeaderDict({'Server': 'nginx', 'Date': 'Tue, 24 Feb 2026 21:19:15 GMT', 'Content-Type': 'application/json;charset=utf-8', 'Content-Length': '14', 'Connection': 'keep-alive', 'Source-From': '02', 'expires': 'Thu, 01 Jan 1970 00:00:00 GMT', 'cache-control': 'no-cache, no-cache'})`,
      level: 'DEBUG',
      test_run_uuid: '68529219-2f00-4bd6-9a24-a597a7326465'
    }
  ]
} to 28529:0
2026-02-24T21:20:01.784Z CLI info [testhub:request-queue-handler]  [vedantvankar_WD2nZN]  [srujyhua7le0kbwv6qz2yzcqpznuptkb92dxcer1]  [5be2e400-7dbb-417d-b612-44702b0f7e80]  Added the event {
  event_type: 'LogCreated',
  logs: [
    {
      testFrameworkName: 'pytest',
      testFrameworkVersion: '9.0.2',
      testFrameworkState: 'INIT_TEST',
      timestamp: '2026-02-24T21:19:15.546Z',
      uuid: '68529219-2f00-4bd6-9a24-a597a7326465',
      kind: 'TEST_LOG',
      message: 'Finished Request',
      level: 'DEBUG',
      test_run_uuid: '68529219-2f00-4bd6-9a24-a597a7326465'
    }
  ]
} to 28529:0
2026-02-24T21:20:01.784Z CLI info [testhub:request-queue-handler]  [vedantvankar_WD2nZN]  [srujyhua7le0kbwv6qz2yzcqpznuptkb92dxcer1]  [5be2e400-7dbb-417d-b612-44702b0f7e80]  Added the event {
  event_type: 'LogCreated',
  logs: [
    {
      testFrameworkName: 'pytest',
      testFrameworkVersion: '9.0.2',
      testFrameworkState: 'INIT_TEST',
      timestamp: '2026-02-24T21:19:19.547Z',
      uuid: '68529219-2f00-4bd6-9a24-a597a7326465',
      kind: 'TEST_LOG',
      message: 'GET https://hub-aps.browserstack.com/wd/hub/session/cf0f4d0bba6cfc37c6282faedb84d2c74962620f/source {}',
      level: 'DEBUG',
      test_run_uuid: '68529219-2f00-4bd6-9a24-a597a7326465'
    }
  ]
} to 28529:0
2026-02-24T21:20:01.785Z CLI info [testhub:request-queue-handler]  [vedantvankar_WD2nZN]  [srujyhua7le0kbwv6qz2yzcqpznuptkb92dxcer1]  [5be2e400-7dbb-417d-b612-44702b0f7e80]  Added the event {
  event_type: 'LogCreated',
  logs: [
    {
      testFrameworkName: 'pytest',
      testFrameworkVersion: '9.0.2',
      testFrameworkState: 'INIT_TEST',
      timestamp: '2026-02-24T21:19:20.198Z',
      uuid: '68529219-2f00-4bd6-9a24-a597a7326465',
      kind: 'TEST_LOG',
      message: 'https://hub-aps.browserstack.com:443 "GET /wd/hub/session/cf0f4d0bba6cfc37c6282faedb84d2c74962620f/source HTTP/1.1" 200 0',
      level: 'DEBUG',
      test_run_uuid: '68529219-2f00-4bd6-9a24-a597a7326465'
    }
  ]
} to 28529:0
2026-02-24T21:20:01.786Z CLI info [testhub:request-queue-handler]  [vedantvankar_WD2nZN]  [srujyhua7le0kbwv6qz2yzcqpznuptkb92dxcer1]  [5be2e400-7dbb-417d-b612-44702b0f7e80]  Added the event {
  event_type: 'LogCreated',
  logs: [
    {
      testFrameworkName: 'pytest',
      testFrameworkVersion: '9.0.2',
      testFrameworkState: 'INIT_TEST',
      timestamp: '2026-02-24T21:19:20.199Z',
      uuid: '68529219-2f00-4bd6-9a24-a597a7326465',
      kind: 'TEST_LOG',
      message: 'Remote response: status=200 | data={"value":"<html lang=\\"es\\"><head><meta charset=\\"UTF-8\\"><meta name=\\"viewport\\" content=\\"width=device-width, initial-scale=1.0\\"><link rel=\\"preload\\" as=\\"image\\" imagesrcset=\\"https://imagenes.elpais.com/resizer/v2/SHDVIQXHKFLXZKBFNJ4J6ZELZM.jpg?auth=afdfa7f50415820dcc3e31575c8addc93a1f6e0fc466add03b8cf54361de7548&amp;width=414 414w,https://imagenes.elpais.com/resizer/v2/SHDVIQXHKFLXZKBFNJ4J6ZELZM.jpg?auth=afdfa7f50415820dcc3e31575c8addc93a1f6e0fc466add03b8cf54361de7548&amp;width=640 640w,https://imagenes.elpais.com/resizer/v2/SHDVIQXHKFLXZKBFNJ4J6ZELZM.jpg?auth=afdfa7f50415820dcc3e31575c8addc93a1f6e0fc466add03b8cf54361de7548&amp;width=1000 1000w,https://imagenes.elpais.com/resizer/v2/SHDVIQXHKFLXZKBFNJ4J6ZELZM.jpg?auth=afdfa7f50415820dcc3e31575c8addc93a1f6e0fc466add03b8cf54361de7548&amp;width=1200 1200w\\" imagesizes=\\"(min-width:1199px) 661px, (min-width:1001px) 54vw, (min-width:768px) 715px, 100vw\\"><script async=\\"\\" src=\\"https://sb.scorecardresearch.com/cs/8671776/beacon.js\\"></script><script src=\\"https://sdk.mrf.io/statics/marfeel-sdk.es5.js?id=2223\\" async=\\"\\" type=\\"text/javascript\\" nomodule=\\"\\"></script><script src=\\"https://sdk.mrf.io/statics/marfeel-sdk.js?id=2223\\" type=\\"module\\"></script><script id=\\"gfkS2s\\" async=\\"\\" type=\\"text/javascript\\" src=\\"https://ES-config.sensic.net/s2s-web.js\\"></script><script id=\\"spcloader\\" type=\\"text/javascript\\" async=\\"\\" src=\\"https://sdk.privacy-center.org/8ba38674-edba-484d-8053-435051d79f72/loader.js?target=epconsentwalnoneu.com\\" charset=\\"utf-8\\"></script><script async=\\"\\" src=\\"https://news.google.com/swg/js/v1/swg-gaa.js\\"></script><script async=\\"\\" subscriptions-control=\\"manual\\" src=\\"https://news.google.com/swg/js/v1/swg.js\\"></script><script id=\\"dsq-count-scr\\" src=\\"https://el-pais-1.disqus.com/count.js\\" async=\\"\\"></script><script src=\\"https://accounts.google.com/gsi/client\\" async=\\"\\" defer=\\"\\"></script><link rel=\\"preconnect\\" href=\\"//static.elpais.com\\"><link rel=\\"preconnect\\" href=\\"//assets.adobedtm.com\\"><link rel=\\"preconnect\\" href=\\"//sdk.privacy-center.org\\"><link rel=\\"preload\\" href=\\"https://imagenes.elpais.com/resizer/v2/SHDVIQXHKFLXZKBFNJ4J6ZELZM.jpg?auth=afdfa7f50415820dcc3e31575c8addc93a1f6e0fc466add03b8cf54361de7548&amp;width=414\\" imagesrcset=\\"https://imagenes.elpais.com/resizer/v2/SHDVIQXHKFLXZKBFNJ4J6ZELZM.jpg?auth=afdfa7f50415820dcc3e31575c8addc93a1f6e0fc466add03b8cf54361de7548&amp;width=414 414w,https://imagenes.elpais.com/resizer/v2/SHDVIQXHKFLXZKBFNJ4J6ZELZM.jpg?auth=afdfa7f50415820dcc3e31575c8addc93a1f6e0fc466add03b8cf54361de7548&amp;width=640 640w,https://imagenes.elpais.com/resizer/v2/SHDVIQXHKFLXZKBFNJ4J6ZELZM.jpg?auth=afdfa7f50415820dcc3e31575c8addc93a1f6e0fc466add03b8cf54361de7548&amp;width=1000 1000w,https://imagenes.elpais.com/resizer/v2/SHDVIQXHKFLXZKBFNJ4J6ZELZM.jpg?auth=afdfa7f50415820dcc3e31575c8addc93a1f6e0fc466add03b8cf54361de7548&amp;width=1200 1200w\\" imagesizes=\\"(min-width:1199px) 661px, (min-width:1001px) 54vw, (min-width:768px) 715px, 100vw\\" as=\\"image\\" fetchpriority=\\"high\\"><link rel=\\"preload\\" href=\\"https://static.elpais.com/dist/resources/fonts/majrit/majrit-text/Majrit-Text-Roman.woff2\\" as=\\"font\\" type=\\"font/woff2\\" crossorigin=\\"\\"><link rel=\\"preload\\" href=\\"https://static.elpais.com/dist/resources/fonts/majrit/majrit-text/Majrit-Text-Black-Italic.woff2\\" as=\\"font\\" type=\\"font/woff2\\" crossorigin=\\"\\"><title>No más secretos del 23-F | Opinión | EL PAÍS</title><meta name=\\"date\\" scheme=\\"W3CDTF\\" content=\\"2026-02-24T05:30:01+01:00\\"><meta name=\\"lang\\" content=\\"es\\"><meta name=\\"author\\" content=\\"El País\\"><meta name=\\"robots\\" content=\\"index,follow,max-image-preview:large\\"><meta name=\\"description\\" content=\\"Desclasificar los documentos del golpe de Estado ayudará a acabar con las conspiraciones interesadas sobre la Transición\\"><meta name=\\"organization\\" content=\\"Ediciones EL PAÍS S.L.\\"><meta property=\\"article:publisher\\" content=\\"https://www.facebook.com/elpais\\"><meta property=\\"article:published_time\\" content=\\"2026-02-24T05:30:01+01:00\\"><meta property=\\"article:modified_time\\" content=\\"2026-02-24T05:30:01+01:00\\"><meta property=\\"og:title\\" content=\\"No más secretos del 23-F\\"><meta property=\\"og:description\\" content=\\"Desclasificar los documentos del golpe de Estado ayudará a acabar con las conspiraciones interesadas sobre la Transición\\"><meta property=\\"og:updated_time\\" content=\\"2026-02-24T05:30:01+01:00\\"><meta property=\\"og:image\\" content=\\"https://imagenes.elpais.com/resizer/v2/SHDVIQXHKFLXZKBFNJ4J6ZELZM.jpg?auth=afdfa7f50415820dcc3e31575c8addc93a1f6e0fc466add03b8cf54361de7548&amp;width=1200\\"><meta property=\\"og:image:width\\" content=\\"1200\\"><meta property=\\"og:image:height\\" content=\\"792\\"><meta property=\\"og:url\\" content=\\"https://elpais.com/opinion/2026-02-24/no-mas-secretos-del-23-f.html\\"><meta property=\\"og:type\\" content=\\"article\\"><meta property=\\"og:site_name\\" content=\\"El País\\"><meta property=\\"fb:app_id\\" content=\\"94039431626\\"><meta property=\\"twitter:card\\" content=\\"summary_large_image\\"><meta property=\\"twitter:site\\" content=\\"@el_pais\\"><link rel=\\"canonical\\" href=\\"https://elpais.com/opinion/2026-02-24/no-mas-secretos-del-23-f.html\\"><link rel=\\"amphtml\\" href=\\"https://elpais.com/opinion/2026-02-24/no-mas-secretos-del-23-f.html?outputType=amp\\"><meta property=\\"article:section\\" content=\\"Opinión\\"><meta property=\\"article:tag\\" content=\\"Opinión\\"><meta property=\\"article:tag\\" content=\\"Consejo de Ministros\\"><meta property=\\"article:tag\\" content=\\"23-F\\"><meta property=\\"article:tag\\" content=\\"Pedro Sánchez\\"><meta property=\\"article:tag\\" content=\\"Redes sociales\\"><meta property=\\"article:tag\\" content=\\"España\\"><meta property=\\"article:tag\\" content=\\"Historia\\"><meta property=\\"article:tag\\" content=\\"Política\\"><meta property=\\"article:tag\\" content=\\"Golpes estado\\"><meta property=\\"article:tag\\" content=\\"Juan Carlos I\\"><meta property=\\"article:tag\\" content=\\"Transición española\\"><meta property=\\"article:tag\\" content=\\"Transición democrática\\"><meta property=\\"article:tag\\" content=\\"Operación Galaxia\\"><meta property=\\"article:tag\\" content=\\"Monarquía\\"><meta property=\\"article:tag\\" content=\\"Ley Secretos Oficiales\\"><meta property=\\"article:tag\\" content=\\"Secretos oficiales\\"><meta property=\\"article:tag\\" content=\\"Desclasificación documentos\\"><meta property=\\"article:tag\\" content=\\"Franquismo\\"><meta property=\\"article:tag\\" content=\\"Guerra sucia\\"><meta property=\\"article:tag\\" content=\\"ETA\\"><meta property=\\"article:tag\\" content=\\"Ultraderecha\\"><meta property=\\"article:tag\\" content=\\"Democracia\\"><meta property=\\"twitter:title\\" content=\\"No más secretos del 23-F | Editorial\\"><meta property=\\"og:article:publisher\\" content=\\"EL PAÍS\\"><meta property=\\"og:article:author\\" content=\\"El País\\"><meta name=\\"DC.date.issued\\" content=\\"2026-02-24T05:30:01+01:00\\"><meta property=\\"mrf:tags\\" content=\\"brandedContent:false;\\"><meta property=\\"fb:pages\\" content=\\"8585811569\\"><meta property=\\"news_keywords\\" content=\\"Opinión, Consejo de Ministros, 23-F, Pedro Sánchez, Redes sociales, España, Historia, Política, Golpes estado, Juan Carlos I, Transición española, Transición democrática, Operación Galaxia, Monarquía, Ley Secretos Oficiales, Secretos oficiales, Desclasificación documentos, Franquismo, Guerra sucia, ETA, Ultraderecha, Democracia\\"><link rel=\\"alternate\\" href=\\"https://feeds.elpais.com/mrss-s/pages/ep/site/elpais.com/section/opinion/portada\\" type=\\"application/rss+xml\\" title=\\"RSS sobre Opinión\\"><link rel=\\"manifest\\" href=\\"/pf/resources/manifests/site.webmanifest?d=2381\\"><link rel=\\"icon\\" href=\\"https://static.elpais.com/dist/resources/images/favicon.ico\\" type=\\"image/x-icon\\"><link rel=\\"icon\\" href=\\"https://static.elpais.com/dist/resources/images/favicon_96.png\\" type=\\"image/png\\" sizes=\\"96x96\\"><link rel=\\"apple-touch-icon\\" sizes=\\"180x180\\" href=\\"https://static.elpais.com/dist/resources/images/apple-touch-icon.png\\"><script type=\\"application/javascript\\">window.ENP = {\\"globalContent\\":{\\"_id\\":\\"DIWYSWN2W5G5BDCCNBYU4B6PDI\\",\\"website\\":\\"el-pais\\",\\"alertEnabled\\":true,\\"lotteryButtonEnabled\\":false,\\"chatbotDisabled\\":true,\\"subscribeLinkByIP\\":\\"https://elpais.com/suscripciones/america/#/campaign\\",\\"subscribeLink\\":\\"https://elpais.com/suscripciones/#/campaign\\",\\"subscribePremiumLink\\":{\\"default\\":\\"https://elpais.com/suscripciones/premium/upgrade/\\",\\"CA\\":\\"https://elpais.com/suscripciones/digital/premium/upgrade/eucan/\\",\\"US\\":\\"https://elpais.com/suscripciones/digital/premium/upgrade/eucan/\\"},\\"usunLoginUrl\\":\\"https://services.users.elpais.com/serviceLogin.html\\",\\"baseUrlApiGateway\\":\\"https://wdnf3ec6zb.execute-api.eu-west-1.amazonaws.com/PRO/api/\\",\\"serviceProductUrl\\":\\"https://services.users.elpais.com/serviceProduct.html\\",\\"newsGoogleScript\\":\\"https://news.google.com/swg/js/v1/swg.js\\",\\"secretPasswordServiceProduct\\":\\"&_&que_es_mi_barco$_$\\",\\"favoritesURL\\":\\"https://static.elpais.com/dist/resources/js/334f83a783d9964bffcb2080a770b0c8/ENP-favorites.js\\",\\"apiOrigin\\":\\"https://publicapi.elpais.com\\",\\"publicApi\\":\\"https://publicapi.elpais.com\\",\\"entitlements\\":{\\"basic\\":[2895115629259653],\\"premium\\":[2810938707754442]},\\"omitAds\\":false,\\"isArticle\\":true,\\"isPageWithLiveBlog\\":false,\\"isPageWithLes\\":false,\\"isScoreboardLive\\":false,\\"hasSportLive\\":false,\\"source_system\\":\\"composer\\",\\"canonicalUrl\\":\\"/opinion/2026-02-24/no-mas-secretos-del-23-f.html\\",\\"alertsOption\\":{\\"enableAlert\\":true},\\"comments\\":{\\"display_comments\\":true},\\"sites\\":{\\"el-pais\\":{\\"socialLinks\\":{\\"facebook\\":\\"https://es-es.facebook.com/elpais/\\",\\"twitter\\":\\"https://twitter.com/el_pais\\",\\"youtube\\":\\"https://www.youtube.com/channel/UCnsvJeZO4RigQ898WdDNoBw\\",\\"wikipedia\\":\\"https://es.wikipedia.org/wiki/El_Pa%C3%ADs\\",\\"instagram\\":\\"https://www.instagram.com/el_pais/\\"},\\"twitterUsername\\":\\"el_pais\\",\\'... 558302 more characters,
      level: 'DEBUG',
      test_run_uuid: '68529219-2f00-4bd6-9a24-a597a7326465'
    }
  ]
} to 28529:0
2026-02-24T21:20:01.787Z CLI info [testhub:request-queue-handler]  [vedantvankar_WD2nZN]  [srujyhua7le0kbwv6qz2yzcqpznuptkb92dxcer1]  [5be2e400-7dbb-417d-b612-44702b0f7e80]  Added the event {
  event_type: 'LogCreated',
  logs: [
    {
      testFrameworkName: 'pytest',
      testFrameworkVersion: '9.0.2',
      testFrameworkState: 'INIT_TEST',
      timestamp: '2026-02-24T21:19:20.215Z',
      uuid: '68529219-2f00-4bd6-9a24-a597a7326465',
      kind: 'TEST_LOG',
      message: 'Finished Request',
      level: 'DEBUG',
      test_run_uuid: '68529219-2f00-4bd6-9a24-a597a7326465'
    }
  ]
} to 28529:0
2026-02-24T21:20:01.788Z CLI info [testhub:request-queue-handler]  [vedantvankar_WD2nZN]  [srujyhua7le0kbwv6qz2yzcqpznuptkb92dxcer1]  [5be2e400-7dbb-417d-b612-44702b0f7e80]  Added the event {
  event_type: 'LogCreated',
  logs: [
    {
      testFrameworkName: 'pytest',
      testFrameworkVersion: '9.0.2',
      testFrameworkState: 'INIT_TEST',
      timestamp: '2026-02-24T21:19:20.315Z',
      uuid: '68529219-2f00-4bd6-9a24-a597a7326465',
      kind: 'TEST_LOG',
      message: 'Starting new HTTPS connection (1): imagenes.elpais.com:443',
      level: 'DEBUG',
      test_run_uuid: '68529219-2f00-4bd6-9a24-a597a7326465'
    }
  ]
} to 28529:0
2026-02-24T21:20:01.788Z CLI info [testhub:request-queue-handler]  [vedantvankar_WD2nZN]  [srujyhua7le0kbwv6qz2yzcqpznuptkb92dxcer1]  [5be2e400-7dbb-417d-b612-44702b0f7e80]  Added the event {
  event_type: 'LogCreated',
  logs: [
    {
      testFrameworkName: 'pytest',
      testFrameworkVersion: '9.0.2',
      testFrameworkState: 'INIT_TEST',
      timestamp: '2026-02-24T21:19:20.684Z',
      uuid: '68529219-2f00-4bd6-9a24-a597a7326465',
      kind: 'TEST_LOG',
      message: 'https://imagenes.elpais.com:443 "GET /resizer/v2/SHDVIQXHKFLXZKBFNJ4J6ZELZM.jpg?auth=afdfa7f50415820dcc3e31575c8addc93a1f6e0fc466add03b8cf54361de7548&width=1200 HTTP/1.1" 200 131447',
      level: 'DEBUG',
      test_run_uuid: '68529219-2f00-4bd6-9a24-a597a7326465'
    }
  ]
} to 28529:0
2026-02-24T21:20:01.788Z CLI info [testhub:request-queue-handler]  [vedantvankar_WD2nZN]  [srujyhua7le0kbwv6qz2yzcqpznuptkb92dxcer1]  [5be2e400-7dbb-417d-b612-44702b0f7e80]  Added the event {
  event_type: 'LogCreated',
  logs: [
    {
      testFrameworkName: 'pytest',
      testFrameworkVersion: '9.0.2',
      testFrameworkState: 'INIT_TEST',
      timestamp: '2026-02-24T21:19:20.764Z',
      uuid: '68529219-2f00-4bd6-9a24-a597a7326465',
      kind: 'TEST_LOG',
      message: "POST https://hub-aps.browserstack.com/wd/hub/session/cf0f4d0bba6cfc37c6282faedb84d2c74962620f/url {'url': 'https://elpais.com/opinion/2026-02-24/la-lenta-gestacion-de-la-extrema-derecha.html'}",
      level: 'DEBUG',
      test_run_uuid: '68529219-2f00-4bd6-9a24-a597a7326465'
    }
  ]
} to 28529:0
2026-02-24T21:20:01.789Z CLI info [testhub:request-queue-handler]  [vedantvankar_WD2nZN]  [srujyhua7le0kbwv6qz2yzcqpznuptkb92dxcer1]  [5be2e400-7dbb-417d-b612-44702b0f7e80]  Added the event {
  event_type: 'LogCreated',
  logs: [
    {
      testFrameworkName: 'pytest',
      testFrameworkVersion: '9.0.2',
      testFrameworkState: 'INIT_TEST',
      timestamp: '2026-02-24T21:19:24.232Z',
      uuid: '68529219-2f00-4bd6-9a24-a597a7326465',
      kind: 'TEST_LOG',
      message: 'https://hub-aps.browserstack.com:443 "POST /wd/hub/session/cf0f4d0bba6cfc37c6282faedb84d2c74962620f/url HTTP/1.1" 200 0',
      level: 'DEBUG',
      test_run_uuid: '68529219-2f00-4bd6-9a24-a597a7326465'
    }
  ]
} to 28529:0
2026-02-24T21:20:01.790Z CLI info [testhub:request-queue-handler]  [vedantvankar_WD2nZN]  [srujyhua7le0kbwv6qz2yzcqpznuptkb92dxcer1]  [5be2e400-7dbb-417d-b612-44702b0f7e80]  Added the event {
  event_type: 'LogCreated',
  logs: [
    {
      testFrameworkName: 'pytest',
      testFrameworkVersion: '9.0.2',
      testFrameworkState: 'INIT_TEST',
      timestamp: '2026-02-24T21:19:24.233Z',
      uuid: '68529219-2f00-4bd6-9a24-a597a7326465',
      kind: 'TEST_LOG',
      message: `Remote response: status=200 | data={"value":null} | headers=HTTPHeaderDict({'Server': 'nginx', 'Date': 'Tue, 24 Feb 2026 21:19:24 GMT', 'Content-Type': 'application/json;charset=utf-8', 'Content-Length': '14', 'Connection': 'keep-alive', 'Source-From': '02', 'expires': 'Thu, 01 Jan 1970 00:00:00 GMT', 'cache-control': 'no-cache, no-cache'})`,
      level: 'DEBUG',
      test_run_uuid: '68529219-2f00-4bd6-9a24-a597a7326465'
    }
  ]
} to 28529:0
2026-02-24T21:20:01.790Z CLI info [testhub:request-queue-handler]  [vedantvankar_WD2nZN]  [srujyhua7le0kbwv6qz2yzcqpznuptkb92dxcer1]  [5be2e400-7dbb-417d-b612-44702b0f7e80]  Added the event {
  event_type: 'LogCreated',
  logs: [
    {
      testFrameworkName: 'pytest',
      testFrameworkVersion: '9.0.2',
      testFrameworkState: 'INIT_TEST',
      timestamp: '2026-02-24T21:19:24.233Z',
      uuid: '68529219-2f00-4bd6-9a24-a597a7326465',
      kind: 'TEST_LOG',
      message: 'Finished Request',
      level: 'DEBUG',
      test_run_uuid: '68529219-2f00-4bd6-9a24-a597a7326465'
    }
  ]
} to 28529:0
2026-02-24T21:20:01.790Z CLI info [testhub:request-queue-handler]  [vedantvankar_WD2nZN]  [srujyhua7le0kbwv6qz2yzcqpznuptkb92dxcer1]  [5be2e400-7dbb-417d-b612-44702b0f7e80]  Added the event {
  event_type: 'LogCreated',
  logs: [
    {
      testFrameworkName: 'pytest',
      testFrameworkVersion: '9.0.2',
      testFrameworkState: 'INIT_TEST',
      timestamp: '2026-02-24T21:19:28.236Z',
      uuid: '68529219-2f00-4bd6-9a24-a597a7326465',
      kind: 'TEST_LOG',
      message: 'GET https://hub-aps.browserstack.com/wd/hub/session/cf0f4d0bba6cfc37c6282faedb84d2c74962620f/source {}',
      level: 'DEBUG',
      test_run_uuid: '68529219-2f00-4bd6-9a24-a597a7326465'
    }
  ]
} to 28529:0
2026-02-24T21:20:01.790Z CLI info [testhub:request-queue-handler]  [vedantvankar_WD2nZN]  [srujyhua7le0kbwv6qz2yzcqpznuptkb92dxcer1]  [5be2e400-7dbb-417d-b612-44702b0f7e80]  Added the event {
  event_type: 'LogCreated',
  logs: [
    {
      testFrameworkName: 'pytest',
      testFrameworkVersion: '9.0.2',
      testFrameworkState: 'INIT_TEST',
      timestamp: '2026-02-24T21:19:29.072Z',
      uuid: '68529219-2f00-4bd6-9a24-a597a7326465',
      kind: 'TEST_LOG',
      message: 'https://hub-aps.browserstack.com:443 "GET /wd/hub/session/cf0f4d0bba6cfc37c6282faedb84d2c74962620f/source HTTP/1.1" 200 0',
      level: 'DEBUG',
      test_run_uuid: '68529219-2f00-4bd6-9a24-a597a7326465'
    }
  ]
} to 28529:0
2026-02-24T21:20:01.791Z CLI info [testhub:request-queue-handler]  [vedantvankar_WD2nZN]  [srujyhua7le0kbwv6qz2yzcqpznuptkb92dxcer1]  [5be2e400-7dbb-417d-b612-44702b0f7e80]  Added the event {
  event_type: 'LogCreated',
  logs: [
    {
      testFrameworkName: 'pytest',
      testFrameworkVersion: '9.0.2',
      testFrameworkState: 'INIT_TEST',
      timestamp: '2026-02-24T21:19:29.075Z',
      uuid: '68529219-2f00-4bd6-9a24-a597a7326465',
      kind: 'TEST_LOG',
      message: 'Remote response: status=200 | data={"value":"<html lang=\\"es\\"><head><meta charset=\\"UTF-8\\"><meta name=\\"viewport\\" content=\\"width=device-width, initial-scale=1.0\\"><link rel=\\"preload\\" as=\\"image\\" imagesrcset=\\"https://imagenes.elpais.com/resizer/v2/RVARX53BAFGGBGXKCBT444XZPI.jpg?auth=1674ff05e33872db06a644acfa2f105bcb5bbb7daf9455dee85b36e1f63f3e7f&amp;width=414 414w,https://imagenes.elpais.com/resizer/v2/RVARX53BAFGGBGXKCBT444XZPI.jpg?auth=1674ff05e33872db06a644acfa2f105bcb5bbb7daf9455dee85b36e1f63f3e7f&amp;width=640 640w,https://imagenes.elpais.com/resizer/v2/RVARX53BAFGGBGXKCBT444XZPI.jpg?auth=1674ff05e33872db06a644acfa2f105bcb5bbb7daf9455dee85b36e1f63f3e7f&amp;width=1000 1000w,https://imagenes.elpais.com/resizer/v2/RVARX53BAFGGBGXKCBT444XZPI.jpg?auth=1674ff05e33872db06a644acfa2f105bcb5bbb7daf9455dee85b36e1f63f3e7f&amp;width=1200 1200w\\" imagesizes=\\"(min-width:1199px) 661px, (min-width:1001px) 54vw, (min-width:768px) 715px, 100vw\\"><script async=\\"\\" src=\\"https://sb.scorecardresearch.com/cs/8671776/beacon.js\\"></script><script src=\\"https://sdk.mrf.io/statics/marfeel-sdk.es5.js?id=2223\\" async=\\"\\" type=\\"text/javascript\\" nomodule=\\"\\"></script><script src=\\"https://sdk.mrf.io/statics/marfeel-sdk.js?id=2223\\" type=\\"module\\"></script><script id=\\"gfkS2s\\" async=\\"\\" type=\\"text/javascript\\" src=\\"https://ES-config.sensic.net/s2s-web.js\\"></script><script id=\\"spcloader\\" type=\\"text/javascript\\" async=\\"\\" src=\\"https://sdk.privacy-center.org/8ba38674-edba-484d-8053-435051d79f72/loader.js?target=epconsentwalnoneu.com\\" charset=\\"utf-8\\"></script><script async=\\"\\" src=\\"https://news.google.com/swg/js/v1/swg-gaa.js\\"></script><script async=\\"\\" subscriptions-control=\\"manual\\" src=\\"https://news.google.com/swg/js/v1/swg.js\\"></script><script id=\\"dsq-count-scr\\" src=\\"https://el-pais-1.disqus.com/count.js\\" async=\\"\\"></script><script src=\\"https://accounts.google.com/gsi/client\\" async=\\"\\" defer=\\"\\"></script><link rel=\\"preconnect\\" href=\\"//static.elpais.com\\"><link rel=\\"preconnect\\" href=\\"//assets.adobedtm.com\\"><link rel=\\"preconnect\\" href=\\"//sdk.privacy-center.org\\"><link rel=\\"preload\\" href=\\"https://imagenes.elpais.com/resizer/v2/RVARX53BAFGGBGXKCBT444XZPI.jpg?auth=1674ff05e33872db06a644acfa2f105bcb5bbb7daf9455dee85b36e1f63f3e7f&amp;width=414\\" imagesrcset=\\"https://imagenes.elpais.com/resizer/v2/RVARX53BAFGGBGXKCBT444XZPI.jpg?auth=1674ff05e33872db06a644acfa2f105bcb5bbb7daf9455dee85b36e1f63f3e7f&amp;width=414 414w,https://imagenes.elpais.com/resizer/v2/RVARX53BAFGGBGXKCBT444XZPI.jpg?auth=1674ff05e33872db06a644acfa2f105bcb5bbb7daf9455dee85b36e1f63f3e7f&amp;width=640 640w,https://imagenes.elpais.com/resizer/v2/RVARX53BAFGGBGXKCBT444XZPI.jpg?auth=1674ff05e33872db06a644acfa2f105bcb5bbb7daf9455dee85b36e1f63f3e7f&amp;width=1000 1000w,https://imagenes.elpais.com/resizer/v2/RVARX53BAFGGBGXKCBT444XZPI.jpg?auth=1674ff05e33872db06a644acfa2f105bcb5bbb7daf9455dee85b36e1f63f3e7f&amp;width=1200 1200w\\" imagesizes=\\"(min-width:1199px) 661px, (min-width:1001px) 54vw, (min-width:768px) 715px, 100vw\\" as=\\"image\\" fetchpriority=\\"high\\"><link rel=\\"preload\\" href=\\"https://static.elpais.com/dist/resources/fonts/majrit/majrit-text/Majrit-Text-Roman.woff2\\" as=\\"font\\" type=\\"font/woff2\\" crossorigin=\\"\\"><link rel=\\"preload\\" href=\\"https://static.elpais.com/dist/resources/fonts/majrit/majrit-text/Majrit-Text-Black-Italic.woff2\\" as=\\"font\\" type=\\"font/woff2\\" crossorigin=\\"\\"><title>La lenta gestación de la extrema derecha | Opinión | EL PAÍS</title><meta name=\\"date\\" scheme=\\"W3CDTF\\" content=\\"2026-02-24T05:30:01+01:00\\"><meta name=\\"lang\\" content=\\"es\\"><meta name=\\"author\\" content=\\"Ignacio Sánchez-Cuenca\\"><meta name=\\"robots\\" content=\\"index,follow,max-image-preview:large\\"><meta name=\\"description\\" content=\\"El ascenso de Vox se explica mejor por el resurgir del nacionalismo español más rancio que por razones económicas\\"><meta name=\\"organization\\" content=\\"Ediciones EL PAÍS S.L.\\"><meta property=\\"article:publisher\\" content=\\"https://www.facebook.com/elpais\\"><meta property=\\"article:published_time\\" content=\\"2026-02-24T05:30:01+01:00\\"><meta property=\\"article:modified_time\\" content=\\"2026-02-24T05:30:01+01:00\\"><meta property=\\"og:title\\" content=\\"La lenta gestación de la extrema derecha\\"><meta property=\\"og:description\\" content=\\"El ascenso de Vox se explica mejor por el resurgir del nacionalismo español más rancio que por razones económicas\\"><meta property=\\"og:updated_time\\" content=\\"2026-02-24T05:30:01+01:00\\"><meta property=\\"og:image\\" content=\\"https://imagenes.elpais.com/resizer/v2/P6A4ZTH4Y5BW5HQL4K5VPS6P6U.jpg?auth=58ff4afe29595ecace66833f06dc0477090261a74769039e175d89cac5f36153&amp;width=1200\\"><meta property=\\"og:image:width\\" content=\\"1200\\"><meta property=\\"og:image:height\\" content=\\"675\\"><meta property=\\"og:url\\" content=\\"https://elpais.com/opinion/2026-02-24/la-lenta-gestacion-de-la-extrema-derecha.html\\"><meta property=\\"og:type\\" content=\\"article\\"><meta property=\\"og:site_name\\" content=\\"El País\\"><meta property=\\"fb:app_id\\" content=\\"94039431626\\"><meta property=\\"twitter:card\\" content=\\"summary_large_image\\"><meta property=\\"twitter:site\\" content=\\"@el_pais\\"><link rel=\\"canonical\\" href=\\"https://elpais.com/opinion/2026-02-24/la-lenta-gestacion-de-la-extrema-derecha.html\\"><link rel=\\"amphtml\\" href=\\"https://elpais.com/opinion/2026-02-24/la-lenta-gestacion-de-la-extrema-derecha.html?outputType=amp\\"><meta property=\\"article:section\\" content=\\"Opinión\\"><meta property=\\"article:tag\\" content=\\"Opinión\\"><meta property=\\"article:tag\\" content=\\"España\\"><meta property=\\"article:tag\\" content=\\"Política\\"><meta property=\\"article:tag\\" content=\\"Partidos políticos\\"><meta property=\\"article:tag\\" content=\\"Vox\\"><meta property=\\"article:tag\\" content=\\"Extrema derecha\\"><meta property=\\"article:tag\\" content=\\"Ultraderecha\\"><meta property=\\"article:tag\\" content=\\"Partidos ultraderecha\\"><meta property=\\"article:tag\\" content=\\"Santiago Abascal\\"><meta property=\\"article:tag\\" content=\\"Democracia\\"><meta property=\\"article:tag\\" content=\\"Nacionalismo\\"><meta property=\\"article:tag\\" content=\\"Partidos conservadores\\"><meta property=\\"article:tag\\" content=\\"Independentismo\\"><meta property=\\"article:tag\\" content=\\"Franquismo\\"><meta property=\\"article:tag\\" content=\\"Dictadura\\"><meta property=\\"article:tag\\" content=\\"Revisionismo histórico\\"><meta property=\\"article:tag\\" content=\\"Revisionismo Conquista América\\"><meta property=\\"article:tag\\" content=\\"Economía\\"><meta property=\\"article:tag\\" content=\\"Jóvenes\\"><meta property=\\"article:tag\\" content=\\"Tasa paro\\"><meta property=\\"article:tag\\" content=\\"Vivienda\\"><meta property=\\"article:tag\\" content=\\"Precio vivienda\\"><meta property=\\"twitter:title\\" content=\\"La lenta gestación de la extrema derecha | Tribuna\\"><meta property=\\"og:article:publisher\\" content=\\"EL PAÍS\\"><meta property=\\"og:article:author\\" content=\\"Ignacio Sánchez-Cuenca\\"><meta name=\\"DC.date.issued\\" content=\\"2026-02-24T05:30:01+01:00\\"><meta property=\\"mrf:tags\\" content=\\"brandedContent:false;\\"><meta property=\\"fb:pages\\" content=\\"8585811569\\"><meta property=\\"news_keywords\\" content=\\"Opinión, España, Política, Partidos políticos, Vox, Extrema derecha, Ultraderecha, Partidos ultraderecha, Santiago Abascal, Democracia, Nacionalismo, Partidos conservadores, Independentismo, Franquismo, Dictadura, Revisionismo histórico, Revisionismo Conquista América, Economía, Jóvenes, Tasa paro, Vivienda, Precio vivienda\\"><link rel=\\"alternate\\" href=\\"https://feeds.elpais.com/mrss-s/pages/ep/site/elpais.com/section/opinion/portada\\" type=\\"application/rss+xml\\" title=\\"RSS sobre Opinión\\"><link rel=\\"manifest\\" href=\\"/pf/resources/manifests/site.webmanifest?d=2381\\"><link rel=\\"icon\\" href=\\"https://static.elpais.com/dist/resources/images/favicon.ico\\" type=\\"image/x-icon\\"><link rel=\\"icon\\" href=\\"https://static.elpais.com/dist/resources/images/favicon_96.png\\" type=\\"image/png\\" sizes=\\"96x96\\"><link rel=\\"apple-touch-icon\\" sizes=\\"180x180\\" href=\\"https://static.elpais.com/dist/resources/images/apple-touch-icon.png\\"><script type=\\"application/javascript\\">window.ENP = {\\"globalContent\\":{\\"_id\\":\\"3ZU22G2RHFDGPN2B4U6P63ICPY\\",\\"website\\":\\"el-pais\\",\\"alertEnabled\\":true,\\"lotteryButtonEnabled\\":false,\\"chatbotDisabled\\":true,\\"subscribeLinkByIP\\":\\"https://elpais.com/suscripciones/america/#/campaign\\",\\"subscribeLink\\":\\"https://elpais.com/suscripciones/#/campaign\\",\\"subscribePremiumLink\\":{\\"default\\":\\"https://elpais.com/suscripciones/premium/upgrade/\\",\\"CA\\":\\"https://elpais.com/suscripciones/digital/premium/upgrade/eucan/\\",\\"US\\":\\"https://elpais.com/suscripciones/digital/premium/upgrade/eucan/\\"},\\"usunLoginUrl\\":\\"https://services.users.elpais.com/serviceLogin.html\\",\\"baseUrlApiGateway\\":\\"https://wdnf3ec6zb.execute-api.eu-west-1.amazonaws.com/PRO/api/\\",\\"serviceProductUrl\\":\\"https://services.users.elpais.com/serviceProduct.html\\",\\"newsGoogleScript\\":\\"https://news.google.com/swg/js/v1/swg.js\\",\\"secretPasswordServiceProduct\\":\\"&_&que_es_mi_barco$_$\\",\\"favoritesURL\\":\\"https://static.elpais.com/dist/resources/js/334f83a783d9964bffcb2080a770b0c8/ENP-favorites.js\\",\\"apiOrigin\\":\\"https://publicapi.elpais.com\\",\\"publicApi\\":\\"https://publicapi.elpais.com\\",\\"entitlements\\":{\\"basic\\":[2895115629259653],\\"premium\\":[2810938707754442]},\\"omitAds\\":false,\\"isArticle\\":true,\\"isPageWithLiveBlog\\":false,\\"isPageWithLes\\":false,\\"isScoreboardLive\\":false,\\"hasSportLive\\":false,\\"source_system\\":\\"composer\\",\\"canonicalUrl\\":\\"/opinion/2026-02-24/la-lenta-gestacion-de-la-extrema-derecha.html\\",\\"alertsOption\\":{\\"enableAlert\\":true},\\"comments\\":{\\"display_comments\\":true},\\"sites\\":{\\"el-pais\\":{\\"socialLinks\\":{\\"facebook\\":\\"https://es-es.facebook.com/elpais/\\",\\"twitter\\":\\"https://twitter.com/el_pais\\",\\"youtube\\":\\"https://www.youtube.com/channel/UCnsvJeZO4RigQ898WdDNoBw\\",\\"wikipedia\\":\\"https://es.wik'... 578805 more characters,
      level: 'DEBUG',
      test_run_uuid: '68529219-2f00-4bd6-9a24-a597a7326465'
    }
  ]
} to 28529:0
2026-02-24T21:20:01.791Z CLI info [testhub:request-queue-handler]  [vedantvankar_WD2nZN]  [srujyhua7le0kbwv6qz2yzcqpznuptkb92dxcer1]  [5be2e400-7dbb-417d-b612-44702b0f7e80]  Added the event {
  event_type: 'LogCreated',
  logs: [
    {
      testFrameworkName: 'pytest',
      testFrameworkVersion: '9.0.2',
      testFrameworkState: 'INIT_TEST',
      timestamp: '2026-02-24T21:19:29.092Z',
      uuid: '68529219-2f00-4bd6-9a24-a597a7326465',
      kind: 'TEST_LOG',
      message: 'Finished Request',
      level: 'DEBUG',
      test_run_uuid: '68529219-2f00-4bd6-9a24-a597a7326465'
    }
  ]
} to 28529:0
2026-02-24T21:20:01.792Z CLI info [testhub:request-queue-handler]  [vedantvankar_WD2nZN]  [srujyhua7le0kbwv6qz2yzcqpznuptkb92dxcer1]  [5be2e400-7dbb-417d-b612-44702b0f7e80]  Added the event {
  event_type: 'LogCreated',
  logs: [
    {
      testFrameworkName: 'pytest',
      testFrameworkVersion: '9.0.2',
      testFrameworkState: 'INIT_TEST',
      timestamp: '2026-02-24T21:19:29.145Z',
      uuid: '68529219-2f00-4bd6-9a24-a597a7326465',
      kind: 'TEST_LOG',
      message: 'Starting new HTTPS connection (1): imagenes.elpais.com:443',
      level: 'DEBUG',
      test_run_uuid: '68529219-2f00-4bd6-9a24-a597a7326465'
    }
  ]
} to 28529:0
2026-02-24T21:20:01.792Z CLI info [testhub:request-queue-handler]  [vedantvankar_WD2nZN]  [srujyhua7le0kbwv6qz2yzcqpznuptkb92dxcer1]  [5be2e400-7dbb-417d-b612-44702b0f7e80]  Added the event {
  event_type: 'LogCreated',
  logs: [
    {
      testFrameworkName: 'pytest',
      testFrameworkVersion: '9.0.2',
      testFrameworkState: 'INIT_TEST',
      timestamp: '2026-02-24T21:19:29.453Z',
      uuid: '68529219-2f00-4bd6-9a24-a597a7326465',
      kind: 'TEST_LOG',
      message: 'https://imagenes.elpais.com:443 "GET /resizer/v2/P6A4ZTH4Y5BW5HQL4K5VPS6P6U.jpg?auth=58ff4afe29595ecace66833f06dc0477090261a74769039e175d89cac5f36153&width=1200 HTTP/1.1" 200 54483',
      level: 'DEBUG',
      test_run_uuid: '68529219-2f00-4bd6-9a24-a597a7326465'
    }
  ]
} to 28529:0
2026-02-24T21:20:01.792Z CLI info [testhub:request-queue-handler]  [vedantvankar_WD2nZN]  [srujyhua7le0kbwv6qz2yzcqpznuptkb92dxcer1]  [5be2e400-7dbb-417d-b612-44702b0f7e80]  Added the event {
  event_type: 'LogCreated',
  logs: [
    {
      testFrameworkName: 'pytest',
      testFrameworkVersion: '9.0.2',
      testFrameworkState: 'INIT_TEST',
      timestamp: '2026-02-24T21:19:29.479Z',
      uuid: '68529219-2f00-4bd6-9a24-a597a7326465',
      kind: 'TEST_LOG',
      message: "POST https://hub-aps.browserstack.com/wd/hub/session/cf0f4d0bba6cfc37c6282faedb84d2c74962620f/url {'url': 'https://elpais.com/opinion/2026-02-24/la-conga-de-los-pocholos.html'}",
      level: 'DEBUG',
      test_run_uuid: '68529219-2f00-4bd6-9a24-a597a7326465'
    }
  ]
} to 28529:0
2026-02-24T21:20:01.792Z CLI info [testhub:request-queue-handler]  [vedantvankar_WD2nZN]  [srujyhua7le0kbwv6qz2yzcqpznuptkb92dxcer1]  [5be2e400-7dbb-417d-b612-44702b0f7e80]  Added the event {
  event_type: 'LogCreated',
  logs: [
    {
      testFrameworkName: 'pytest',
      testFrameworkVersion: '9.0.2',
      testFrameworkState: 'INIT_TEST',
      timestamp: '2026-02-24T21:19:32.638Z',
      uuid: '68529219-2f00-4bd6-9a24-a597a7326465',
      kind: 'TEST_LOG',
      message: 'https://hub-aps.browserstack.com:443 "POST /wd/hub/session/cf0f4d0bba6cfc37c6282faedb84d2c74962620f/url HTTP/1.1" 200 0',
      level: 'DEBUG',
      test_run_uuid: '68529219-2f00-4bd6-9a24-a597a7326465'
    }
  ]
} to 28529:0
2026-02-24T21:20:01.792Z CLI info [testhub:request-queue-handler]  [vedantvankar_WD2nZN]  [srujyhua7le0kbwv6qz2yzcqpznuptkb92dxcer1]  [5be2e400-7dbb-417d-b612-44702b0f7e80]  Added the event {
  event_type: 'LogCreated',
  logs: [
    {
      testFrameworkName: 'pytest',
      testFrameworkVersion: '9.0.2',
      testFrameworkState: 'INIT_TEST',
      timestamp: '2026-02-24T21:19:32.639Z',
      uuid: '68529219-2f00-4bd6-9a24-a597a7326465',
      kind: 'TEST_LOG',
      message: `Remote response: status=200 | data={"value":null} | headers=HTTPHeaderDict({'Server': 'nginx', 'Date': 'Tue, 24 Feb 2026 21:19:32 GMT', 'Content-Type': 'application/json;charset=utf-8', 'Content-Length': '14', 'Connection': 'keep-alive', 'Source-From': '02', 'expires': 'Thu, 01 Jan 1970 00:00:00 GMT', 'cache-control': 'no-cache, no-cache'})`,
      level: 'DEBUG',
      test_run_uuid: '68529219-2f00-4bd6-9a24-a597a7326465'
    }
  ]
} to 28529:0
2026-02-24T21:20:01.792Z CLI info [testhub:request-queue-handler]  [vedantvankar_WD2nZN]  [srujyhua7le0kbwv6qz2yzcqpznuptkb92dxcer1]  [5be2e400-7dbb-417d-b612-44702b0f7e80]  Added the event {
  event_type: 'LogCreated',
  logs: [
    {
      testFrameworkName: 'pytest',
      testFrameworkVersion: '9.0.2',
      testFrameworkState: 'INIT_TEST',
      timestamp: '2026-02-24T21:19:32.639Z',
      uuid: '68529219-2f00-4bd6-9a24-a597a7326465',
      kind: 'TEST_LOG',
      message: 'Finished Request',
      level: 'DEBUG',
      test_run_uuid: '68529219-2f00-4bd6-9a24-a597a7326465'
    }
  ]
} to 28529:0
2026-02-24T21:20:01.792Z CLI info [testhub:request-queue-handler]  [vedantvankar_WD2nZN]  [srujyhua7le0kbwv6qz2yzcqpznuptkb92dxcer1]  [5be2e400-7dbb-417d-b612-44702b0f7e80]  Added the event {
  event_type: 'LogCreated',
  logs: [
    {
      testFrameworkName: 'pytest',
      testFrameworkVersion: '9.0.2',
      testFrameworkState: 'INIT_TEST',
      timestamp: '2026-02-24T21:19:36.641Z',
      uuid: '68529219-2f00-4bd6-9a24-a597a7326465',
      kind: 'TEST_LOG',
      message: 'GET https://hub-aps.browserstack.com/wd/hub/session/cf0f4d0bba6cfc37c6282faedb84d2c74962620f/source {}',
      level: 'DEBUG',
      test_run_uuid: '68529219-2f00-4bd6-9a24-a597a7326465'
    }
  ]
} to 28529:0
2026-02-24T21:20:01.793Z CLI info [testhub:request-queue-handler]  [vedantvankar_WD2nZN]  [srujyhua7le0kbwv6qz2yzcqpznuptkb92dxcer1]  [5be2e400-7dbb-417d-b612-44702b0f7e80]  Added the event {
  event_type: 'LogCreated',
  logs: [
    {
      testFrameworkName: 'pytest',
      testFrameworkVersion: '9.0.2',
      testFrameworkState: 'INIT_TEST',
      timestamp: '2026-02-24T21:19:37.183Z',
      uuid: '68529219-2f00-4bd6-9a24-a597a7326465',
      kind: 'TEST_LOG',
      message: 'https://hub-aps.browserstack.com:443 "GET /wd/hub/session/cf0f4d0bba6cfc37c6282faedb84d2c74962620f/source HTTP/1.1" 200 0',
      level: 'DEBUG',
      test_run_uuid: '68529219-2f00-4bd6-9a24-a597a7326465'
    }
  ]
} to 28529:0
2026-02-24T21:20:01.793Z CLI info [testhub:request-queue-handler]  [vedantvankar_WD2nZN]  [srujyhua7le0kbwv6qz2yzcqpznuptkb92dxcer1]  [5be2e400-7dbb-417d-b612-44702b0f7e80]  Added the event {
  event_type: 'LogCreated',
  logs: [
    {
      testFrameworkName: 'pytest',
      testFrameworkVersion: '9.0.2',
      testFrameworkState: 'INIT_TEST',
      timestamp: '2026-02-24T21:19:37.185Z',
      uuid: '68529219-2f00-4bd6-9a24-a597a7326465',
      kind: 'TEST_LOG',
      message: 'Remote response: status=200 | data={"value":"<html lang=\\"es\\"><head><meta charset=\\"UTF-8\\"><meta name=\\"viewport\\" content=\\"width=device-width, initial-scale=1.0\\"><link rel=\\"preload\\" as=\\"image\\" imagesrcset=\\"https://imagenes.elpais.com/resizer/v2/U2FPW5IHSY5HUAYQGX5RXUAKQA.jpg?auth=a8563a915a055768778bab7dcce2b873f771cc5d7383df49ddb5ba9162f8dcd8&amp;width=414 414w,https://imagenes.elpais.com/resizer/v2/U2FPW5IHSY5HUAYQGX5RXUAKQA.jpg?auth=a8563a915a055768778bab7dcce2b873f771cc5d7383df49ddb5ba9162f8dcd8&amp;width=640 640w,https://imagenes.elpais.com/resizer/v2/U2FPW5IHSY5HUAYQGX5RXUAKQA.jpg?auth=a8563a915a055768778bab7dcce2b873f771cc5d7383df49ddb5ba9162f8dcd8&amp;width=1000 1000w,https://imagenes.elpais.com/resizer/v2/U2FPW5IHSY5HUAYQGX5RXUAKQA.jpg?auth=a8563a915a055768778bab7dcce2b873f771cc5d7383df49ddb5ba9162f8dcd8&amp;width=1200 1200w\\" imagesizes=\\"(min-width:1199px) 661px, (min-width:1001px) 54vw, (min-width:768px) 715px, 100vw\\"><script async=\\"\\" src=\\"https://sb.scorecardresearch.com/cs/8671776/beacon.js\\"></script><script src=\\"https://sdk.mrf.io/statics/marfeel-sdk.es5.js?id=2223\\" async=\\"\\" type=\\"text/javascript\\" nomodule=\\"\\"></script><script src=\\"https://sdk.mrf.io/statics/marfeel-sdk.js?id=2223\\" type=\\"module\\"></script><script id=\\"gfkS2s\\" async=\\"\\" type=\\"text/javascript\\" src=\\"https://ES-config.sensic.net/s2s-web.js\\"></script><script id=\\"spcloader\\" type=\\"text/javascript\\" async=\\"\\" src=\\"https://sdk.privacy-center.org/8ba38674-edba-484d-8053-435051d79f72/loader.js?target=epconsentwalnoneu.com\\" charset=\\"utf-8\\"></script><script async=\\"\\" src=\\"https://news.google.com/swg/js/v1/swg-gaa.js\\"></script><script async=\\"\\" subscriptions-control=\\"manual\\" src=\\"https://news.google.com/swg/js/v1/swg.js\\"></script><script id=\\"dsq-count-scr\\" src=\\"https://el-pais-1.disqus.com/count.js\\" async=\\"\\"></script><script src=\\"https://accounts.google.com/gsi/client\\" async=\\"\\" defer=\\"\\"></script><link rel=\\"preconnect\\" href=\\"//static.elpais.com\\"><link rel=\\"preconnect\\" href=\\"//assets.adobedtm.com\\"><link rel=\\"preconnect\\" href=\\"//sdk.privacy-center.org\\"><link rel=\\"preload\\" href=\\"https://imagenes.elpais.com/resizer/v2/U2FPW5IHSY5HUAYQGX5RXUAKQA.jpg?auth=a8563a915a055768778bab7dcce2b873f771cc5d7383df49ddb5ba9162f8dcd8&amp;width=414\\" imagesrcset=\\"https://imagenes.elpais.com/resizer/v2/U2FPW5IHSY5HUAYQGX5RXUAKQA.jpg?auth=a8563a915a055768778bab7dcce2b873f771cc5d7383df49ddb5ba9162f8dcd8&amp;width=414 414w,https://imagenes.elpais.com/resizer/v2/U2FPW5IHSY5HUAYQGX5RXUAKQA.jpg?auth=a8563a915a055768778bab7dcce2b873f771cc5d7383df49ddb5ba9162f8dcd8&amp;width=640 640w,https://imagenes.elpais.com/resizer/v2/U2FPW5IHSY5HUAYQGX5RXUAKQA.jpg?auth=a8563a915a055768778bab7dcce2b873f771cc5d7383df49ddb5ba9162f8dcd8&amp;width=1000 1000w,https://imagenes.elpais.com/resizer/v2/U2FPW5IHSY5HUAYQGX5RXUAKQA.jpg?auth=a8563a915a055768778bab7dcce2b873f771cc5d7383df49ddb5ba9162f8dcd8&amp;width=1200 1200w\\" imagesizes=\\"(min-width:1199px) 661px, (min-width:1001px) 54vw, (min-width:768px) 715px, 100vw\\" as=\\"image\\" fetchpriority=\\"high\\"><link rel=\\"preload\\" href=\\"https://static.elpais.com/dist/resources/fonts/majrit/majrit-text/Majrit-Text-Roman.woff2\\" as=\\"font\\" type=\\"font/woff2\\" crossorigin=\\"\\"><link rel=\\"preload\\" href=\\"https://static.elpais.com/dist/resources/fonts/majrit/majrit-text/Majrit-Text-Black-Italic.woff2\\" as=\\"font\\" type=\\"font/woff2\\" crossorigin=\\"\\"><title>La conga de los pocholos | Opinión | EL PAÍS</title><meta name=\\"date\\" scheme=\\"W3CDTF\\" content=\\"2026-02-24T05:30:01+01:00\\"><meta name=\\"lang\\" content=\\"es\\"><meta name=\\"author\\" content=\\"Raquel Peláez\\"><meta name=\\"robots\\" content=\\"index,follow,max-image-preview:large\\"><meta name=\\"description\\" content=\\"La clave para ganar en cualquier carrera institucional es no soltarse en ningún momento\\"><meta name=\\"organization\\" content=\\"Ediciones EL PAÍS S.L.\\"><meta property=\\"article:publisher\\" content=\\"https://www.facebook.com/elpais\\"><meta property=\\"article:published_time\\" content=\\"2026-02-24T05:30:01+01:00\\"><meta property=\\"article:modified_time\\" content=\\"2026-02-24T05:30:01+01:00\\"><meta property=\\"og:title\\" content=\\"La conga de los pocholos\\"><meta property=\\"og:description\\" content=\\"La clave para ganar en cualquier carrera institucional es no soltarse en ningún momento\\"><meta property=\\"og:updated_time\\" content=\\"2026-02-24T05:30:01+01:00\\"><meta property=\\"og:image\\" content=\\"https://imagenes.elpais.com/resizer/v2/U2FPW5IHSY5HUAYQGX5RXUAKQA.jpg?auth=a8563a915a055768778bab7dcce2b873f771cc5d7383df49ddb5ba9162f8dcd8&amp;width=1200\\"><meta property=\\"og:image:width\\" content=\\"1200\\"><meta property=\\"og:image:height\\" content=\\"751\\"><meta property=\\"og:url\\" content=\\"https://elpais.com/opinion/2026-02-24/la-conga-de-los-pocholos.html\\"><meta property=\\"og:type\\" content=\\"article\\"><meta property=\\"og:site_name\\" content=\\"El País\\"><meta property=\\"fb:app_id\\" content=\\"94039431626\\"><meta property=\\"twitter:card\\" content=\\"summary_large_image\\"><meta property=\\"twitter:site\\" content=\\"@el_pais\\"><link rel=\\"canonical\\" href=\\"https://elpais.com/opinion/2026-02-24/la-conga-de-los-pocholos.html\\"><link rel=\\"amphtml\\" href=\\"https://elpais.com/opinion/2026-02-24/la-conga-de-los-pocholos.html?outputType=amp\\"><meta property=\\"article:section\\" content=\\"Opinión\\"><meta property=\\"article:tag\\" content=\\"Opinión\\"><meta property=\\"article:tag\\" content=\\"España\\"><meta property=\\"article:tag\\" content=\\"Política\\"><meta property=\\"article:tag\\" content=\\"Partidos políticos\\"><meta property=\\"article:tag\\" content=\\"Políticos\\"><meta property=\\"article:tag\\" content=\\"PP\\"><meta property=\\"article:tag\\" content=\\"PP Madrid\\"><meta property=\\"article:tag\\" content=\\"Comunidad de Madrid\\"><meta property=\\"article:tag\\" content=\\"Isabel Díaz Ayuso\\"><meta property=\\"article:tag\\" content=\\"Cristina Cifuentes\\"><meta property=\\"article:tag\\" content=\\"Esperanza Aguirre\\"><meta property=\\"article:tag\\" content=\\"Isabel Carrasco\\"><meta property=\\"article:tag\\" content=\\"Caso Carrasco\\"><meta property=\\"twitter:title\\" content=\\"La conga de los pocholos | Columna\\"><meta property=\\"og:article:publisher\\" content=\\"EL PAÍS\\"><meta property=\\"og:article:author\\" content=\\"Raquel Peláez\\"><meta name=\\"DC.date.issued\\" content=\\"2026-02-24T05:30:01+01:00\\"><meta property=\\"mrf:tags\\" content=\\"brandedContent:false;\\"><meta property=\\"fb:pages\\" content=\\"8585811569\\"><meta property=\\"news_keywords\\" content=\\"Opinión, España, Política, Partidos políticos, Políticos, PP, PP Madrid, Comunidad de Madrid, Isabel Díaz Ayuso, Cristina Cifuentes, Esperanza Aguirre, Isabel Carrasco, Caso Carrasco\\"><link rel=\\"alternate\\" href=\\"https://feeds.elpais.com/mrss-s/pages/ep/site/elpais.com/section/opinion/portada\\" type=\\"application/rss+xml\\" title=\\"RSS sobre Opinión\\"><link rel=\\"manifest\\" href=\\"/pf/resources/manifests/site.webmanifest?d=2381\\"><link rel=\\"icon\\" href=\\"https://static.elpais.com/dist/resources/images/favicon.ico\\" type=\\"image/x-icon\\"><link rel=\\"icon\\" href=\\"https://static.elpais.com/dist/resources/images/favicon_96.png\\" type=\\"image/png\\" sizes=\\"96x96\\"><link rel=\\"apple-touch-icon\\" sizes=\\"180x180\\" href=\\"https://static.elpais.com/dist/resources/images/apple-touch-icon.png\\"><script type=\\"application/javascript\\">window.ENP = {\\"globalContent\\":{\\"_id\\":\\"LEO72N5225ACDDGI3FQLOYBCPA\\",\\"website\\":\\"el-pais\\",\\"alertEnabled\\":true,\\"lotteryButtonEnabled\\":false,\\"chatbotDisabled\\":true,\\"subscribeLinkByIP\\":\\"https://elpais.com/suscripciones/america/#/campaign\\",\\"subscribeLink\\":\\"https://elpais.com/suscripciones/#/campaign\\",\\"subscribePremiumLink\\":{\\"default\\":\\"https://elpais.com/suscripciones/premium/upgrade/\\",\\"CA\\":\\"https://elpais.com/suscripciones/digital/premium/upgrade/eucan/\\",\\"US\\":\\"https://elpais.com/suscripciones/digital/premium/upgrade/eucan/\\"},\\"usunLoginUrl\\":\\"https://services.users.elpais.com/serviceLogin.html\\",\\"baseUrlApiGateway\\":\\"https://wdnf3ec6zb.execute-api.eu-west-1.amazonaws.com/PRO/api/\\",\\"serviceProductUrl\\":\\"https://services.users.elpais.com/serviceProduct.html\\",\\"newsGoogleScript\\":\\"https://news.google.com/swg/js/v1/swg.js\\",\\"secretPasswordServiceProduct\\":\\"&_&que_es_mi_barco$_$\\",\\"favoritesURL\\":\\"https://static.elpais.com/dist/resources/js/334f83a783d9964bffcb2080a770b0c8/ENP-favorites.js\\",\\"apiOrigin\\":\\"https://publicapi.elpais.com\\",\\"publicApi\\":\\"https://publicapi.elpais.com\\",\\"entitlements\\":{\\"basic\\":[2895115629259653],\\"premium\\":[2810938707754442]},\\"omitAds\\":false,\\"isArticle\\":true,\\"isPageWithLiveBlog\\":false,\\"isPageWithLes\\":false,\\"isScoreboardLive\\":false,\\"hasSportLive\\":false,\\"source_system\\":\\"composer\\",\\"canonicalUrl\\":\\"/opinion/2026-02-24/la-conga-de-los-pocholos.html\\",\\"alertsOption\\":{\\"enableAlert\\":true},\\"comments\\":{\\"display_comments\\":true},\\"sites\\":{\\"el-pais\\":{\\"socialLinks\\":{\\"facebook\\":\\"https://es-es.facebook.com/elpais/\\",\\"twitter\\":\\"https://twitter.com/el_pais\\",\\"youtube\\":\\"https://www.youtube.com/channel/UCnsvJeZO4RigQ898WdDNoBw\\",\\"wikipedia\\":\\"https://es.wikipedia.org/wiki/El_Pa%C3%ADs\\",\\"instagram\\":\\"https://www.instagram.com/el_pais/\\"},\\"twitterUsername\\":\\"el_pais\\",\\"siteLanguage\\":\\"es\\"},\\"el-pais-america\\":{\\"socialLinks\\":{\\"facebook\\":\\"https://www.facebook.com/elpaisamerica\\",\\"twitter\\":\\"https://twitter.com/elpais_america\\",\\"youtube\\":\\"https://www.youtube.com/user/elpaiscom\\",\\"wikipedia\\":\\"https://es.wikipedia.org/wiki/El_Pa%C3%ADs\\",\\"instagram\\":\\"https://www.instagram.com/elpaisamerica\\"},\\"twitterUsername\\":\\"elpais_america\\",\\"siteLanguage\\":\\"es\\"},\\"el-pais-mexico\\":{\\"socialLinks\\":{\\"facebook\\":\\"https://www.facebook.com/elpaismexico\\",\\"twitter\\":\\"https://twitter.com/elpaismexico\\",\\"youtube\\":\\"https://www.youtube.com/user/elpaiscom\\",\\"wikipedia\\":\\"https://es.wikipedia.org/wiki/El_Pa%C3%ADs\\",\\"instagram\\":\\"https://www.instagram.com/elpaismexico\\"},\\"twi'... 556136 more characters,
      level: 'DEBUG',
      test_run_uuid: '68529219-2f00-4bd6-9a24-a597a7326465'
    }
  ]
} to 28529:0
2026-02-24T21:20:01.793Z CLI info [testhub:request-queue-handler]  [vedantvankar_WD2nZN]  [srujyhua7le0kbwv6qz2yzcqpznuptkb92dxcer1]  [5be2e400-7dbb-417d-b612-44702b0f7e80]  Added the event {
  event_type: 'LogCreated',
  logs: [
    {
      testFrameworkName: 'pytest',
      testFrameworkVersion: '9.0.2',
      testFrameworkState: 'INIT_TEST',
      timestamp: '2026-02-24T21:19:37.198Z',
      uuid: '68529219-2f00-4bd6-9a24-a597a7326465',
      kind: 'TEST_LOG',
      message: 'Finished Request',
      level: 'DEBUG',
      test_run_uuid: '68529219-2f00-4bd6-9a24-a597a7326465'
    }
  ]
} to 28529:0
2026-02-24T21:20:01.793Z CLI info [testhub:request-queue-handler]  [vedantvankar_WD2nZN]  [srujyhua7le0kbwv6qz2yzcqpznuptkb92dxcer1]  [5be2e400-7dbb-417d-b612-44702b0f7e80]  Added the event {
  event_type: 'LogCreated',
  logs: [
    {
      testFrameworkName: 'pytest',
      testFrameworkVersion: '9.0.2',
      testFrameworkState: 'INIT_TEST',
      timestamp: '2026-02-24T21:19:37.258Z',
      uuid: '68529219-2f00-4bd6-9a24-a597a7326465',
      kind: 'TEST_LOG',
      message: 'Starting new HTTPS connection (1): imagenes.elpais.com:443',
      level: 'DEBUG',
      test_run_uuid: '68529219-2f00-4bd6-9a24-a597a7326465'
    }
  ]
} to 28529:0
2026-02-24T21:20:01.794Z CLI info [testhub:request-queue-handler]  [vedantvankar_WD2nZN]  [srujyhua7le0kbwv6qz2yzcqpznuptkb92dxcer1]  [5be2e400-7dbb-417d-b612-44702b0f7e80]  Added the event {
  event_type: 'LogCreated',
  logs: [
    {
      testFrameworkName: 'pytest',
      testFrameworkVersion: '9.0.2',
      testFrameworkState: 'INIT_TEST',
      timestamp: '2026-02-24T21:19:37.557Z',
      uuid: '68529219-2f00-4bd6-9a24-a597a7326465',
      kind: 'TEST_LOG',
      message: 'https://imagenes.elpais.com:443 "GET /resizer/v2/U2FPW5IHSY5HUAYQGX5RXUAKQA.jpg?auth=a8563a915a055768778bab7dcce2b873f771cc5d7383df49ddb5ba9162f8dcd8&width=1200 HTTP/1.1" 200 91233',
      level: 'DEBUG',
      test_run_uuid: '68529219-2f00-4bd6-9a24-a597a7326465'
    }
  ]
} to 28529:0
2026-02-24T21:20:01.794Z CLI info [testhub:request-queue-handler]  [vedantvankar_WD2nZN]  [srujyhua7le0kbwv6qz2yzcqpznuptkb92dxcer1]  [5be2e400-7dbb-417d-b612-44702b0f7e80]  Added the event {
  event_type: 'LogCreated',
  logs: [
    {
      testFrameworkName: 'pytest',
      testFrameworkVersion: '9.0.2',
      testFrameworkState: 'INIT_TEST',
      timestamp: '2026-02-24T21:19:37.653Z',
      uuid: '68529219-2f00-4bd6-9a24-a597a7326465',
      kind: 'TEST_LOG',
      message: "POST https://hub-aps.browserstack.com/wd/hub/session/cf0f4d0bba6cfc37c6282faedb84d2c74962620f/url {'url': 'https://elpais.com/opinion/2026-02-24/riki-blanco-prohibido.html'}",
      level: 'DEBUG',
      test_run_uuid: '68529219-2f00-4bd6-9a24-a597a7326465'
    }
  ]
} to 28529:0
2026-02-24T21:20:01.794Z CLI info [testhub:request-queue-handler]  [vedantvankar_WD2nZN]  [srujyhua7le0kbwv6qz2yzcqpznuptkb92dxcer1]  [5be2e400-7dbb-417d-b612-44702b0f7e80]  Added the event {
  event_type: 'LogCreated',
  logs: [
    {
      testFrameworkName: 'pytest',
      testFrameworkVersion: '9.0.2',
      testFrameworkState: 'INIT_TEST',
      timestamp: '2026-02-24T21:19:40.547Z',
      uuid: '68529219-2f00-4bd6-9a24-a597a7326465',
      kind: 'TEST_LOG',
      message: 'https://hub-aps.browserstack.com:443 "POST /wd/hub/session/cf0f4d0bba6cfc37c6282faedb84d2c74962620f/url HTTP/1.1" 200 0',
      level: 'DEBUG',
      test_run_uuid: '68529219-2f00-4bd6-9a24-a597a7326465'
    }
  ]
} to 28529:0
2026-02-24T21:20:01.794Z CLI info [testhub:request-queue-handler]  [vedantvankar_WD2nZN]  [srujyhua7le0kbwv6qz2yzcqpznuptkb92dxcer1]  [5be2e400-7dbb-417d-b612-44702b0f7e80]  Added the event {
  event_type: 'LogCreated',
  logs: [
    {
      testFrameworkName: 'pytest',
      testFrameworkVersion: '9.0.2',
      testFrameworkState: 'INIT_TEST',
      timestamp: '2026-02-24T21:19:40.548Z',
      uuid: '68529219-2f00-4bd6-9a24-a597a7326465',
      kind: 'TEST_LOG',
      message: `Remote response: status=200 | data={"value":null} | headers=HTTPHeaderDict({'Server': 'nginx', 'Date': 'Tue, 24 Feb 2026 21:19:40 GMT', 'Content-Type': 'application/json;charset=utf-8', 'Content-Length': '14', 'Connection': 'keep-alive', 'Source-From': '02', 'expires': 'Thu, 01 Jan 1970 00:00:00 GMT', 'cache-control': 'no-cache, no-cache'})`,
      level: 'DEBUG',
      test_run_uuid: '68529219-2f00-4bd6-9a24-a597a7326465'
    }
  ]
} to 28529:0
2026-02-24T21:20:01.794Z CLI info [testhub:request-queue-handler]  [vedantvankar_WD2nZN]  [srujyhua7le0kbwv6qz2yzcqpznuptkb92dxcer1]  [5be2e400-7dbb-417d-b612-44702b0f7e80]  Added the event {
  event_type: 'LogCreated',
  logs: [
    {
      testFrameworkName: 'pytest',
      testFrameworkVersion: '9.0.2',
      testFrameworkState: 'INIT_TEST',
      timestamp: '2026-02-24T21:19:40.548Z',
      uuid: '68529219-2f00-4bd6-9a24-a597a7326465',
      kind: 'TEST_LOG',
      message: 'Finished Request',
      level: 'DEBUG',
      test_run_uuid: '68529219-2f00-4bd6-9a24-a597a7326465'
    }
  ]
} to 28529:0
2026-02-24T21:20:01.794Z CLI info [testhub:request-queue-handler]  [vedantvankar_WD2nZN]  [srujyhua7le0kbwv6qz2yzcqpznuptkb92dxcer1]  [5be2e400-7dbb-417d-b612-44702b0f7e80]  Added the event {
  event_type: 'LogCreated',
  logs: [
    {
      testFrameworkName: 'pytest',
      testFrameworkVersion: '9.0.2',
      testFrameworkState: 'INIT_TEST',
      timestamp: '2026-02-24T21:19:44.551Z',
      uuid: '68529219-2f00-4bd6-9a24-a597a7326465',
      kind: 'TEST_LOG',
      message: 'GET https://hub-aps.browserstack.com/wd/hub/session/cf0f4d0bba6cfc37c6282faedb84d2c74962620f/source {}',
      level: 'DEBUG',
      test_run_uuid: '68529219-2f00-4bd6-9a24-a597a7326465'
    }
  ]
} to 28529:0
2026-02-24T21:20:01.795Z CLI info [testhub:request-queue-handler]  [vedantvankar_WD2nZN]  [srujyhua7le0kbwv6qz2yzcqpznuptkb92dxcer1]  [5be2e400-7dbb-417d-b612-44702b0f7e80]  Added the event {
  event_type: 'LogCreated',
  logs: [
    {
      testFrameworkName: 'pytest',
      testFrameworkVersion: '9.0.2',
      testFrameworkState: 'INIT_TEST',
      timestamp: '2026-02-24T21:19:45.680Z',
      uuid: '68529219-2f00-4bd6-9a24-a597a7326465',
      kind: 'TEST_LOG',
      message: 'https://hub-aps.browserstack.com:443 "GET /wd/hub/session/cf0f4d0bba6cfc37c6282faedb84d2c74962620f/source HTTP/1.1" 200 0',
      level: 'DEBUG',
      test_run_uuid: '68529219-2f00-4bd6-9a24-a597a7326465'
    }
  ]
} to 28529:0
2026-02-24T21:20:01.795Z CLI info [testhub:request-queue-handler]  [vedantvankar_WD2nZN]  [srujyhua7le0kbwv6qz2yzcqpznuptkb92dxcer1]  [5be2e400-7dbb-417d-b612-44702b0f7e80]  Added the event {
  event_type: 'LogCreated',
  logs: [
    {
      testFrameworkName: 'pytest',
      testFrameworkVersion: '9.0.2',
      testFrameworkState: 'INIT_TEST',
      timestamp: '2026-02-24T21:19:45.681Z',
      uuid: '68529219-2f00-4bd6-9a24-a597a7326465',
      kind: 'TEST_LOG',
      message: 'Remote response: status=200 | data={"value":"<html lang=\\"es\\"><head><meta charset=\\"UTF-8\\"><meta name=\\"viewport\\" content=\\"width=device-width, initial-scale=1.0\\"><link rel=\\"preload\\" as=\\"image\\" imagesrcset=\\"https://imagenes.elpais.com/resizer/v2/JLQ7MEGN6FCITJWOJMZG5ZVZYY.jpg?auth=5ce8d349f5435d611ee9d6d77f62bcca6d49606df71fdf6c658f46f05021020b&amp;width=414 414w,https://imagenes.elpais.com/resizer/v2/JLQ7MEGN6FCITJWOJMZG5ZVZYY.jpg?auth=5ce8d349f5435d611ee9d6d77f62bcca6d49606df71fdf6c658f46f05021020b&amp;width=640 640w,https://imagenes.elpais.com/resizer/v2/JLQ7MEGN6FCITJWOJMZG5ZVZYY.jpg?auth=5ce8d349f5435d611ee9d6d77f62bcca6d49606df71fdf6c658f46f05021020b&amp;width=1000 1000w,https://imagenes.elpais.com/resizer/v2/JLQ7MEGN6FCITJWOJMZG5ZVZYY.jpg?auth=5ce8d349f5435d611ee9d6d77f62bcca6d49606df71fdf6c658f46f05021020b&amp;width=1200 1200w\\" imagesizes=\\"(min-width:1199px) 661px, (min-width:1001px) 54vw, (min-width:768px) 715px, 100vw\\"><script async=\\"\\" src=\\"https://sb.scorecardresearch.com/cs/8671776/beacon.js\\"></script><script src=\\"https://sdk.mrf.io/statics/marfeel-sdk.es5.js?id=2223\\" async=\\"\\" type=\\"text/javascript\\" nomodule=\\"\\"></script><script src=\\"https://sdk.mrf.io/statics/marfeel-sdk.js?id=2223\\" type=\\"module\\"></script><script id=\\"gfkS2s\\" async=\\"\\" type=\\"text/javascript\\" src=\\"https://ES-config.sensic.net/s2s-web.js\\"></script><script id=\\"spcloader\\" type=\\"text/javascript\\" async=\\"\\" src=\\"https://sdk.privacy-center.org/8ba38674-edba-484d-8053-435051d79f72/loader.js?target=epconsentwalnoneu.com\\" charset=\\"utf-8\\"></script><script async=\\"\\" src=\\"https://news.google.com/swg/js/v1/swg-gaa.js\\"></script><script async=\\"\\" subscriptions-control=\\"manual\\" src=\\"https://news.google.com/swg/js/v1/swg.js\\"></script><script id=\\"dsq-count-scr\\" src=\\"https://el-pais-1.disqus.com/count.js\\" async=\\"\\"></script><script src=\\"https://accounts.google.com/gsi/client\\" async=\\"\\" defer=\\"\\"></script><link rel=\\"preconnect\\" href=\\"//static.elpais.com\\"><link rel=\\"preconnect\\" href=\\"//assets.adobedtm.com\\"><link rel=\\"preconnect\\" href=\\"//sdk.privacy-center.org\\"><link rel=\\"preload\\" href=\\"https://imagenes.elpais.com/resizer/v2/JLQ7MEGN6FCITJWOJMZG5ZVZYY.jpg?auth=5ce8d349f5435d611ee9d6d77f62bcca6d49606df71fdf6c658f46f05021020b&amp;width=414\\" imagesrcset=\\"https://imagenes.elpais.com/resizer/v2/JLQ7MEGN6FCITJWOJMZG5ZVZYY.jpg?auth=5ce8d349f5435d611ee9d6d77f62bcca6d49606df71fdf6c658f46f05021020b&amp;width=414 414w,https://imagenes.elpais.com/resizer/v2/JLQ7MEGN6FCITJWOJMZG5ZVZYY.jpg?auth=5ce8d349f5435d611ee9d6d77f62bcca6d49606df71fdf6c658f46f05021020b&amp;width=640 640w,https://imagenes.elpais.com/resizer/v2/JLQ7MEGN6FCITJWOJMZG5ZVZYY.jpg?auth=5ce8d349f5435d611ee9d6d77f62bcca6d49606df71fdf6c658f46f05021020b&amp;width=1000 1000w,https://imagenes.elpais.com/resizer/v2/JLQ7MEGN6FCITJWOJMZG5ZVZYY.jpg?auth=5ce8d349f5435d611ee9d6d77f62bcca6d49606df71fdf6c658f46f05021020b&amp;width=1200 1200w\\" imagesizes=\\"(min-width:1199px) 661px, (min-width:1001px) 54vw, (min-width:768px) 715px, 100vw\\" as=\\"image\\" fetchpriority=\\"high\\"><link rel=\\"preload\\" href=\\"https://static.elpais.com/dist/resources/fonts/majrit/majrit-text/Majrit-Text-Roman.woff2\\" as=\\"font\\" type=\\"font/woff2\\" crossorigin=\\"\\"><link rel=\\"preload\\" href=\\"https://static.elpais.com/dist/resources/fonts/majrit/majrit-text/Majrit-Text-Black-Italic.woff2\\" as=\\"font\\" type=\\"font/woff2\\" crossorigin=\\"\\"><title>Riki Blanco: prohibido | Opinión | EL PAÍS</title><meta name=\\"date\\" scheme=\\"W3CDTF\\" content=\\"2026-02-24T05:45:01+01:00\\"><meta name=\\"lang\\" content=\\"es\\"><meta name=\\"author\\" content=\\"Riki Blanco\\"><meta name=\\"robots\\" content=\\"index,follow,max-image-preview:large\\"><meta name=\\"description\\" content=\\"Viñeta del 24 de febrero de 2026\\"><meta name=\\"organization\\" content=\\"Ediciones EL PAÍS S.L.\\"><meta property=\\"article:publisher\\" content=\\"https://www.facebook.com/elpais\\"><meta property=\\"article:published_time\\" content=\\"2026-02-24T05:45:01+01:00\\"><meta property=\\"article:modified_time\\" content=\\"2026-02-24T05:45:01+01:00\\"><meta property=\\"og:title\\" content=\\"Riki Blanco: prohibido\\"><meta property=\\"og:description\\" content=\\"Viñeta del 24 de febrero de 2026\\"><meta property=\\"og:updated_time\\" content=\\"2026-02-24T05:45:01+01:00\\"><meta property=\\"og:image\\" content=\\"https://imagenes.elpais.com/resizer/v2/JLQ7MEGN6FCITJWOJMZG5ZVZYY.jpg?auth=5ce8d349f5435d611ee9d6d77f62bcca6d49606df71fdf6c658f46f05021020b&amp;width=1200\\"><meta property=\\"og:image:width\\" content=\\"1200\\"><meta property=\\"og:image:height\\" content=\\"1070\\"><meta property=\\"og:url\\" content=\\"https://elpais.com/opinion/2026-02-24/riki-blanco-prohibido.html\\"><meta property=\\"og:type\\" content=\\"article\\"><meta property=\\"og:site_name\\" content=\\"El País\\"><meta property=\\"fb:app_id\\" content=\\"94039431626\\"><meta property=\\"twitter:card\\" content=\\"summary_large_image\\"><meta property=\\"twitter:site\\" content=\\"@el_pais\\"><link rel=\\"canonical\\" href=\\"https://elpais.com/opinion/2026-02-24/riki-blanco-prohibido.html\\"><link rel=\\"amphtml\\" href=\\"https://elpais.com/opinion/2026-02-24/riki-blanco-prohibido.html?outputType=amp\\"><meta property=\\"article:section\\" content=\\"Opinión\\"><meta property=\\"article:tag\\" content=\\"Opinión\\"><meta property=\\"article:tag\\" content=\\"Viñetas\\"><meta property=\\"article:tag\\" content=\\"Humor gráfico\\"><meta property=\\"twitter:title\\" content=\\"Riki Blanco: prohibido\\"><meta property=\\"og:article:publisher\\" content=\\"EL PAÍS\\"><meta property=\\"og:article:author\\" content=\\"Riki Blanco\\"><meta name=\\"DC.date.issued\\" content=\\"2026-02-24T05:45:01+01:00\\"><meta property=\\"mrf:tags\\" content=\\"brandedContent:false;\\"><meta property=\\"fb:pages\\" content=\\"8585811569\\"><meta property=\\"news_keywords\\" content=\\"Opinión, Viñetas, Humor gráfico\\"><link rel=\\"alternate\\" href=\\"https://feeds.elpais.com/mrss-s/pages/ep/site/elpais.com/section/opinion/portada\\" type=\\"application/rss+xml\\" title=\\"RSS sobre Opinión\\"><link rel=\\"manifest\\" href=\\"/pf/resources/manifests/site.webmanifest?d=2381\\"><link rel=\\"icon\\" href=\\"https://static.elpais.com/dist/resources/images/favicon.ico\\" type=\\"image/x-icon\\"><link rel=\\"icon\\" href=\\"https://static.elpais.com/dist/resources/images/favicon_96.png\\" type=\\"image/png\\" sizes=\\"96x96\\"><link rel=\\"apple-touch-icon\\" sizes=\\"180x180\\" href=\\"https://static.elpais.com/dist/resources/images/apple-touch-icon.png\\"><script type=\\"application/javascript\\">window.ENP = {\\"globalContent\\":{\\"_id\\":\\"5NV3EFA42BEC7GMBX3UKIRB47I\\",\\"website\\":\\"el-pais\\",\\"alertEnabled\\":true,\\"lotteryButtonEnabled\\":false,\\"chatbotDisabled\\":true,\\"subscribeLinkByIP\\":\\"https://elpais.com/suscripciones/america/#/campaign\\",\\"subscribeLink\\":\\"https://elpais.com/suscripciones/#/campaign\\",\\"subscribePremiumLink\\":{\\"default\\":\\"https://elpais.com/suscripciones/premium/upgrade/\\",\\"CA\\":\\"https://elpais.com/suscripciones/digital/premium/upgrade/eucan/\\",\\"US\\":\\"https://elpais.com/suscripciones/digital/premium/upgrade/eucan/\\"},\\"usunLoginUrl\\":\\"https://services.users.elpais.com/serviceLogin.html\\",\\"baseUrlApiGateway\\":\\"https://wdnf3ec6zb.execute-api.eu-west-1.amazonaws.com/PRO/api/\\",\\"serviceProductUrl\\":\\"https://services.users.elpais.com/serviceProduct.html\\",\\"newsGoogleScript\\":\\"https://news.google.com/swg/js/v1/swg.js\\",\\"secretPasswordServiceProduct\\":\\"&_&que_es_mi_barco$_$\\",\\"favoritesURL\\":\\"https://static.elpais.com/dist/resources/js/334f83a783d9964bffcb2080a770b0c8/ENP-favorites.js\\",\\"apiOrigin\\":\\"https://publicapi.elpais.com\\",\\"publicApi\\":\\"https://publicapi.elpais.com\\",\\"entitlements\\":{\\"basic\\":[2895115629259653],\\"premium\\":[2810938707754442]},\\"omitAds\\":false,\\"isArticle\\":true,\\"isPageWithLiveBlog\\":false,\\"isPageWithLes\\":false,\\"isScoreboardLive\\":false,\\"hasSportLive\\":false,\\"source_system\\":\\"composer\\",\\"canonicalUrl\\":\\"/opinion/2026-02-24/riki-blanco-prohibido.html\\",\\"alertsOption\\":{\\"enableAlert\\":true},\\"comments\\":{\\"display_comments\\":true},\\"sites\\":{\\"el-pais\\":{\\"socialLinks\\":{\\"facebook\\":\\"https://es-es.facebook.com/elpais/\\",\\"twitter\\":\\"https://twitter.com/el_pais\\",\\"youtube\\":\\"https://www.youtube.com/channel/UCnsvJeZO4RigQ898WdDNoBw\\",\\"wikipedia\\":\\"https://es.wikipedia.org/wiki/El_Pa%C3%ADs\\",\\"instagram\\":\\"https://www.instagram.com/el_pais/\\"},\\"twitterUsername\\":\\"el_pais\\",\\"siteLanguage\\":\\"es\\"},\\"el-pais-america\\":{\\"socialLinks\\":{\\"facebook\\":\\"https://www.facebook.com/elpaisamerica\\",\\"twitter\\":\\"https://twitter.com/elpais_america\\",\\"youtube\\":\\"https://www.youtube.com/user/elpaiscom\\",\\"wikipedia\\":\\"https://es.wikipedia.org/wiki/El_Pa%C3%ADs\\",\\"instagram\\":\\"https://www.instagram.com/elpaisamerica\\"},\\"twitterUsername\\":\\"elpais_america\\",\\"siteLanguage\\":\\"es\\"},\\"el-pais-mexico\\":{\\"socialLinks\\":{\\"facebook\\":\\"https://www.facebook.com/elpaismexico\\",\\"twitter\\":\\"https://twitter.com/elpaismexico\\",\\"youtube\\":\\"https://www.youtube.com/user/elpaiscom\\",\\"wikipedia\\":\\"https://es.wikipedia.org/wiki/El_Pa%C3%ADs\\",\\"instagram\\":\\"https://www.instagram.com/elpaismexico\\"},\\"twitterUsername\\":\\"elpaismexico\\",\\"siteLanguage\\":\\"es\\"},\\"el-pais-colombia\\":{\\"socialLinks\\":{\\"facebook\\":\\"https://www.facebook.com/elpaisamericacolombia\\",\\"twitter\\":\\"https://twitter.com/ElPaisAmericaCo\\",\\"youtube\\":\\"https://www.youtube.com/user/elpaiscom\\",\\"wikipedia\\":\\"https://es.wikipedia.org/wiki/El_Pa%C3%ADs\\",\\"instagram\\":\\"https://www.instagram.com/elpaisamericacolombia\\"},\\"twitterUsername\\":\\"elpaisamericaco\\",\\"siteLanguage\\":\\"es\\"},\\"el-pais-argentina\\":{\\"socialLinks\\":{\\"facebook\\":\\"https://www.facebook.com/elpaisamerica\\",\\"twitter\\":\\"https://twitter.com/elpais_america\\",\\"youtube\\":\\"https://www.youtube.com/user/elpaiscom\\",\\"wikipedia\\":\\"https://es.wikipedia.org/wiki/El_Pa%C3%ADs\\",\\"instagram\\":\\"https://www.instagram.com/elpaisamerica/\\"},\\"twitterUsername\\":\\"el_pais\\",\\"siteLanguage\\":\\"es\\"},\\"el-pais-chile\\":{\\"so'... 454542 more characters,
      level: 'DEBUG',
      test_run_uuid: '68529219-2f00-4bd6-9a24-a597a7326465'
    }
  ]
} to 28529:0
2026-02-24T21:20:01.795Z CLI info [testhub:request-queue-handler]  [vedantvankar_WD2nZN]  [srujyhua7le0kbwv6qz2yzcqpznuptkb92dxcer1]  [5be2e400-7dbb-417d-b612-44702b0f7e80]  Added the event {
  event_type: 'LogCreated',
  logs: [
    {
      testFrameworkName: 'pytest',
      testFrameworkVersion: '9.0.2',
      testFrameworkState: 'INIT_TEST',
      timestamp: '2026-02-24T21:19:45.695Z',
      uuid: '68529219-2f00-4bd6-9a24-a597a7326465',
      kind: 'TEST_LOG',
      message: 'Finished Request',
      level: 'DEBUG',
      test_run_uuid: '68529219-2f00-4bd6-9a24-a597a7326465'
    }
  ]
} to 28529:0
2026-02-24T21:20:01.795Z CLI info [testhub:request-queue-handler]  [vedantvankar_WD2nZN]  [srujyhua7le0kbwv6qz2yzcqpznuptkb92dxcer1]  [5be2e400-7dbb-417d-b612-44702b0f7e80]  Added the event {
  event_type: 'LogCreated',
  logs: [
    {
      testFrameworkName: 'pytest',
      testFrameworkVersion: '9.0.2',
      testFrameworkState: 'INIT_TEST',
      timestamp: '2026-02-24T21:19:45.745Z',
      uuid: '68529219-2f00-4bd6-9a24-a597a7326465',
      kind: 'TEST_LOG',
      message: 'Starting new HTTPS connection (1): imagenes.elpais.com:443',
      level: 'DEBUG',
      test_run_uuid: '68529219-2f00-4bd6-9a24-a597a7326465'
    }
  ]
} to 28529:0
2026-02-24T21:20:01.795Z CLI info [testhub:request-queue-handler]  [vedantvankar_WD2nZN]  [srujyhua7le0kbwv6qz2yzcqpznuptkb92dxcer1]  [5be2e400-7dbb-417d-b612-44702b0f7e80]  Added the event {
  event_type: 'LogCreated',
  logs: [
    {
      testFrameworkName: 'pytest',
      testFrameworkVersion: '9.0.2',
      testFrameworkState: 'INIT_TEST',
      timestamp: '2026-02-24T21:19:47.222Z',
      uuid: '68529219-2f00-4bd6-9a24-a597a7326465',
      kind: 'TEST_LOG',
      message: 'https://imagenes.elpais.com:443 "GET /resizer/v2/JLQ7MEGN6FCITJWOJMZG5ZVZYY.jpg?auth=5ce8d349f5435d611ee9d6d77f62bcca6d49606df71fdf6c658f46f05021020b&width=1200 HTTP/1.1" 200 210644',
      level: 'DEBUG',
      test_run_uuid: '68529219-2f00-4bd6-9a24-a597a7326465'
    }
  ]
} to 28529:0
2026-02-24T21:20:01.795Z CLI info [testhub:request-queue-handler]  [vedantvankar_WD2nZN]  [srujyhua7le0kbwv6qz2yzcqpznuptkb92dxcer1]  [5be2e400-7dbb-417d-b612-44702b0f7e80]  Added the event {
  event_type: 'LogCreated',
  logs: [
    {
      testFrameworkName: 'pytest',
      testFrameworkVersion: '9.0.2',
      testFrameworkState: 'INIT_TEST',
      timestamp: '2026-02-24T21:19:47.352Z',
      uuid: '68529219-2f00-4bd6-9a24-a597a7326465',
      kind: 'TEST_LOG',
      message: "POST https://hub-aps.browserstack.com/wd/hub/session/cf0f4d0bba6cfc37c6282faedb84d2c74962620f/url {'url': 'https://elpais.com/opinion/2026-02-24/desconectados-del-mundo.html'}",
      level: 'DEBUG',
      test_run_uuid: '68529219-2f00-4bd6-9a24-a597a7326465'
    }
  ]
} to 28529:0
2026-02-24T21:20:01.796Z CLI info [testhub:request-queue-handler]  [vedantvankar_WD2nZN]  [srujyhua7le0kbwv6qz2yzcqpznuptkb92dxcer1]  [5be2e400-7dbb-417d-b612-44702b0f7e80]  Added the event {
  event_type: 'LogCreated',
  logs: [
    {
      testFrameworkName: 'pytest',
      testFrameworkVersion: '9.0.2',
      testFrameworkState: 'INIT_TEST',
      timestamp: '2026-02-24T21:19:50.330Z',
      uuid: '68529219-2f00-4bd6-9a24-a597a7326465',
      kind: 'TEST_LOG',
      message: 'https://hub-aps.browserstack.com:443 "POST /wd/hub/session/cf0f4d0bba6cfc37c6282faedb84d2c74962620f/url HTTP/1.1" 200 0',
      level: 'DEBUG',
      test_run_uuid: '68529219-2f00-4bd6-9a24-a597a7326465'
    }
  ]
} to 28529:0
2026-02-24T21:20:01.796Z CLI info [testhub:request-queue-handler]  [vedantvankar_WD2nZN]  [srujyhua7le0kbwv6qz2yzcqpznuptkb92dxcer1]  [5be2e400-7dbb-417d-b612-44702b0f7e80]  Added the event {
  event_type: 'LogCreated',
  logs: [
    {
      testFrameworkName: 'pytest',
      testFrameworkVersion: '9.0.2',
      testFrameworkState: 'INIT_TEST',
      timestamp: '2026-02-24T21:19:50.330Z',
      uuid: '68529219-2f00-4bd6-9a24-a597a7326465',
      kind: 'TEST_LOG',
      message: `Remote response: status=200 | data={"value":null} | headers=HTTPHeaderDict({'Server': 'nginx', 'Date': 'Tue, 24 Feb 2026 21:19:50 GMT', 'Content-Type': 'application/json;charset=utf-8', 'Content-Length': '14', 'Connection': 'keep-alive', 'Source-From': '02', 'expires': 'Thu, 01 Jan 1970 00:00:00 GMT', 'cache-control': 'no-cache, no-cache'})`,
      level: 'DEBUG',
      test_run_uuid: '68529219-2f00-4bd6-9a24-a597a7326465'
    }
  ]
} to 28529:0
2026-02-24T21:20:01.796Z CLI info [testhub:request-queue-handler]  [vedantvankar_WD2nZN]  [srujyhua7le0kbwv6qz2yzcqpznuptkb92dxcer1]  [5be2e400-7dbb-417d-b612-44702b0f7e80]  Added the event {
  event_type: 'LogCreated',
  logs: [
    {
      testFrameworkName: 'pytest',
      testFrameworkVersion: '9.0.2',
      testFrameworkState: 'INIT_TEST',
      timestamp: '2026-02-24T21:19:50.330Z',
      uuid: '68529219-2f00-4bd6-9a24-a597a7326465',
      kind: 'TEST_LOG',
      message: 'Finished Request',
      level: 'DEBUG',
      test_run_uuid: '68529219-2f00-4bd6-9a24-a597a7326465'
    }
  ]
} to 28529:0
2026-02-24T21:20:01.796Z CLI info [testhub:request-queue-handler]  [vedantvankar_WD2nZN]  [srujyhua7le0kbwv6qz2yzcqpznuptkb92dxcer1]  [5be2e400-7dbb-417d-b612-44702b0f7e80]  Added the event {
  event_type: 'LogCreated',
  logs: [
    {
      testFrameworkName: 'pytest',
      testFrameworkVersion: '9.0.2',
      testFrameworkState: 'INIT_TEST',
      timestamp: '2026-02-24T21:19:54.332Z',
      uuid: '68529219-2f00-4bd6-9a24-a597a7326465',
      kind: 'TEST_LOG',
      message: 'GET https://hub-aps.browserstack.com/wd/hub/session/cf0f4d0bba6cfc37c6282faedb84d2c74962620f/source {}',
      level: 'DEBUG',
      test_run_uuid: '68529219-2f00-4bd6-9a24-a597a7326465'
    }
  ]
} to 28529:0
2026-02-24T21:20:01.796Z CLI info [testhub:request-queue-handler]  [vedantvankar_WD2nZN]  [srujyhua7le0kbwv6qz2yzcqpznuptkb92dxcer1]  [5be2e400-7dbb-417d-b612-44702b0f7e80]  Added the event {
  event_type: 'LogCreated',
  logs: [
    {
      testFrameworkName: 'pytest',
      testFrameworkVersion: '9.0.2',
      testFrameworkState: 'INIT_TEST',
      timestamp: '2026-02-24T21:19:56.174Z',
      uuid: '68529219-2f00-4bd6-9a24-a597a7326465',
      kind: 'TEST_LOG',
      message: 'https://hub-aps.browserstack.com:443 "GET /wd/hub/session/cf0f4d0bba6cfc37c6282faedb84d2c74962620f/source HTTP/1.1" 200 0',
      level: 'DEBUG',
      test_run_uuid: '68529219-2f00-4bd6-9a24-a597a7326465'
    }
  ]
} to 28529:0
2026-02-24T21:20:01.805Z CLI info [testhub:request-queue-handler]  [vedantvankar_WD2nZN]  [srujyhua7le0kbwv6qz2yzcqpznuptkb92dxcer1]  [5be2e400-7dbb-417d-b612-44702b0f7e80]  Added the event {
  event_type: 'LogCreated',
  logs: [
    {
      testFrameworkName: 'pytest',
      testFrameworkVersion: '9.0.2',
      testFrameworkState: 'INIT_TEST',
      timestamp: '2026-02-24T21:19:56.175Z',
      uuid: '68529219-2f00-4bd6-9a24-a597a7326465',
      kind: 'TEST_LOG',
      message: 'Remote response: status=200 | data={"value":"<html lang=\\"es\\"><head><meta charset=\\"UTF-8\\"><meta name=\\"viewport\\" content=\\"width=device-width, initial-scale=1.0\\"><link rel=\\"preload\\" as=\\"image\\" imagesrcset=\\"https://imagenes.elpais.com/resizer/v2/PIFW5CNFI5E6BMYOTFTQC5ZRCA.jpg?auth=c6474bcd191b4dcb7ef010e12f20ef5908b7554264b459f45f83cca5595fe517&amp;width=414 414w,https://imagenes.elpais.com/resizer/v2/PIFW5CNFI5E6BMYOTFTQC5ZRCA.jpg?auth=c6474bcd191b4dcb7ef010e12f20ef5908b7554264b459f45f83cca5595fe517&amp;width=640 640w,https://imagenes.elpais.com/resizer/v2/PIFW5CNFI5E6BMYOTFTQC5ZRCA.jpg?auth=c6474bcd191b4dcb7ef010e12f20ef5908b7554264b459f45f83cca5595fe517&amp;width=1000 1000w,https://imagenes.elpais.com/resizer/v2/PIFW5CNFI5E6BMYOTFTQC5ZRCA.jpg?auth=c6474bcd191b4dcb7ef010e12f20ef5908b7554264b459f45f83cca5595fe517&amp;width=1200 1200w\\" imagesizes=\\"(min-width:1199px) 661px, (min-width:1001px) 54vw, (min-width:768px) 715px, 100vw\\"><script async=\\"\\" src=\\"https://sb.scorecardresearch.com/cs/8671776/beacon.js\\"></script><script src=\\"https://sdk.mrf.io/statics/marfeel-sdk.es5.js?id=2223\\" async=\\"\\" type=\\"text/javascript\\" nomodule=\\"\\"></script><script src=\\"https://sdk.mrf.io/statics/marfeel-sdk.js?id=2223\\" type=\\"module\\"></script><script id=\\"gfkS2s\\" async=\\"\\" type=\\"text/javascript\\" src=\\"https://ES-config.sensic.net/s2s-web.js\\"></script><script id=\\"spcloader\\" type=\\"text/javascript\\" async=\\"\\" src=\\"https://sdk.privacy-center.org/8ba38674-edba-484d-8053-435051d79f72/loader.js?target=epconsentwalnoneu.com\\" charset=\\"utf-8\\"></script><script async=\\"\\" src=\\"https://news.google.com/swg/js/v1/swg-gaa.js\\"></script><script async=\\"\\" subscriptions-control=\\"manual\\" src=\\"https://news.google.com/swg/js/v1/swg.js\\"></script><script id=\\"dsq-count-scr\\" src=\\"https://el-pais-1.disqus.com/count.js\\" async=\\"\\"></script><script src=\\"https://accounts.google.com/gsi/client\\" async=\\"\\" defer=\\"\\"></script><link rel=\\"preconnect\\" href=\\"//static.elpais.com\\"><link rel=\\"preconnect\\" href=\\"//assets.adobedtm.com\\"><link rel=\\"preconnect\\" href=\\"//sdk.privacy-center.org\\"><link rel=\\"preload\\" href=\\"https://imagenes.elpais.com/resizer/v2/PIFW5CNFI5E6BMYOTFTQC5ZRCA.jpg?auth=c6474bcd191b4dcb7ef010e12f20ef5908b7554264b459f45f83cca5595fe517&amp;width=414\\" imagesrcset=\\"https://imagenes.elpais.com/resizer/v2/PIFW5CNFI5E6BMYOTFTQC5ZRCA.jpg?auth=c6474bcd191b4dcb7ef010e12f20ef5908b7554264b459f45f83cca5595fe517&amp;width=414 414w,https://imagenes.elpais.com/resizer/v2/PIFW5CNFI5E6BMYOTFTQC5ZRCA.jpg?auth=c6474bcd191b4dcb7ef010e12f20ef5908b7554264b459f45f83cca5595fe517&amp;width=640 640w,https://imagenes.elpais.com/resizer/v2/PIFW5CNFI5E6BMYOTFTQC5ZRCA.jpg?auth=c6474bcd191b4dcb7ef010e12f20ef5908b7554264b459f45f83cca5595fe517&amp;width=1000 1000w,https://imagenes.elpais.com/resizer/v2/PIFW5CNFI5E6BMYOTFTQC5ZRCA.jpg?auth=c6474bcd191b4dcb7ef010e12f20ef5908b7554264b459f45f83cca5595fe517&amp;width=1200 1200w\\" imagesizes=\\"(min-width:1199px) 661px, (min-width:1001px) 54vw, (min-width:768px) 715px, 100vw\\" as=\\"image\\" fetchpriority=\\"high\\"><link rel=\\"preload\\" href=\\"https://static.elpais.com/dist/resources/fonts/majrit/majrit-text/Majrit-Text-Roman.woff2\\" as=\\"font\\" type=\\"font/woff2\\" crossorigin=\\"\\"><link rel=\\"preload\\" href=\\"https://static.elpais.com/dist/resources/fonts/majrit/majrit-text/Majrit-Text-Black-Italic.woff2\\" as=\\"font\\" type=\\"font/woff2\\" crossorigin=\\"\\"><title>Desconectados del mundo  | Opinión | EL PAÍS</title><meta name=\\"date\\" scheme=\\"W3CDTF\\" content=\\"2026-02-24T05:30:01+01:00\\"><meta name=\\"lang\\" content=\\"es\\"><meta name=\\"author\\" content=\\"Cartas al Director\\"><meta name=\\"robots\\" content=\\"index,follow,max-image-preview:large\\"><meta name=\\"description\\" content=\\"Los lectores y las lectoras escriben sobre el aislamiento social generado por la tecnología, el 23-F, Antonio Castillo Algarra, el jefe de Los Pocholos, y la mercantilización del fútbol\\"><meta name=\\"organization\\" content=\\"Ediciones EL PAÍS S.L.\\"><meta property=\\"article:publisher\\" content=\\"https://www.facebook.com/elpais\\"><meta property=\\"article:published_time\\" content=\\"2026-02-24T05:30:01+01:00\\"><meta property=\\"article:modified_time\\" content=\\"2026-02-24T05:30:01+01:00\\"><meta property=\\"og:title\\" content=\\"Desconectados del mundo \\"><meta property=\\"og:description\\" content=\\"Los lectores y las lectoras escriben sobre el aislamiento social generado por la tecnología, el 23-F, Antonio Castillo Algarra, el jefe de Los Pocholos, y la mercantilización del fútbol\\"><meta property=\\"og:updated_time\\" content=\\"2026-02-24T05:30:01+01:00\\"><meta property=\\"og:image\\" content=\\"https://imagenes.elpais.com/resizer/v2/PIFW5CNFI5E6BMYOTFTQC5ZRCA.jpg?auth=c6474bcd191b4dcb7ef010e12f20ef5908b7554264b459f45f83cca5595fe517&amp;width=1200\\"><meta property=\\"og:image:width\\" content=\\"1200\\"><meta property=\\"og:image:height\\" content=\\"800\\"><meta property=\\"og:url\\" content=\\"https://elpais.com/opinion/2026-02-24/desconectados-del-mundo.html\\"><meta property=\\"og:type\\" content=\\"article\\"><meta property=\\"og:site_name\\" content=\\"El País\\"><meta property=\\"fb:app_id\\" content=\\"94039431626\\"><meta property=\\"twitter:card\\" content=\\"summary_large_image\\"><meta property=\\"twitter:site\\" content=\\"@el_pais\\"><link rel=\\"canonical\\" href=\\"https://elpais.com/opinion/2026-02-24/desconectados-del-mundo.html\\"><link rel=\\"amphtml\\" href=\\"https://elpais.com/opinion/2026-02-24/desconectados-del-mundo.html?outputType=amp\\"><meta property=\\"article:section\\" content=\\"Opinión\\"><meta property=\\"article:tag\\" content=\\"Opinión\\"><meta property=\\"article:tag\\" content=\\"Sociedad\\"><meta property=\\"article:tag\\" content=\\"Tecnología\\"><meta property=\\"article:tag\\" content=\\"Relaciones humanas\\"><meta property=\\"article:tag\\" content=\\"Smartphone\\"><meta property=\\"article:tag\\" content=\\"Redes sociales\\"><meta property=\\"article:tag\\" content=\\"Plataformas digitales\\"><meta property=\\"article:tag\\" content=\\"Spotify\\"><meta property=\\"article:tag\\" content=\\"Auriculares\\"><meta property=\\"article:tag\\" content=\\"23-F\\"><meta property=\\"article:tag\\" content=\\"Golpes estado\\"><meta property=\\"article:tag\\" content=\\"Transición democrática\\"><meta property=\\"article:tag\\" content=\\"Transición española\\"><meta property=\\"article:tag\\" content=\\"Franquismo\\"><meta property=\\"article:tag\\" content=\\"Historia\\"><meta property=\\"article:tag\\" content=\\"Política\\"><meta property=\\"article:tag\\" content=\\"Comunidad de Madrid\\"><meta property=\\"article:tag\\" content=\\"Isabel Díaz Ayuso\\"><meta property=\\"article:tag\\" content=\\"Educación\\"><meta property=\\"article:tag\\" content=\\"Política educativa\\"><meta property=\\"article:tag\\" content=\\"Deportes\\"><meta property=\\"article:tag\\" content=\\"Fútbol\\"><meta property=\\"twitter:title\\" content=\\"Desconectados del mundo  | Cartas al director\\"><meta property=\\"og:article:publisher\\" content=\\"EL PAÍS\\"><meta property=\\"og:article:author\\" content=\\"Cartas al Director\\"><meta name=\\"DC.date.issued\\" content=\\"2026-02-24T05:30:01+01:00\\"><meta property=\\"mrf:tags\\" content=\\"brandedContent:false;\\"><meta property=\\"fb:pages\\" content=\\"8585811569\\"><meta property=\\"news_keywords\\" content=\\"Opinión, Sociedad, Tecnología, Relaciones humanas, Smartphone, Redes sociales, Plataformas digitales, Spotify, Auriculares, 23-F, Golpes estado, Transición democrática, Transición española, Franquismo, Historia, Política, Comunidad de Madrid, Isabel Díaz Ayuso, Educación, Política educativa, Deportes, Fútbol\\"><link rel=\\"alternate\\" href=\\"https://feeds.elpais.com/mrss-s/pages/ep/site/elpais.com/section/opinion/portada\\" type=\\"application/rss+xml\\" title=\\"RSS sobre Opinión\\"><link rel=\\"manifest\\" href=\\"/pf/resources/manifests/site.webmanifest?d=2381\\"><link rel=\\"icon\\" href=\\"https://static.elpais.com/dist/resources/images/favicon.ico\\" type=\\"image/x-icon\\"><link rel=\\"icon\\" href=\\"https://static.elpais.com/dist/resources/images/favicon_96.png\\" type=\\"image/png\\" sizes=\\"96x96\\"><link rel=\\"apple-touch-icon\\" sizes=\\"180x180\\" href=\\"https://static.elpais.com/dist/resources/images/apple-touch-icon.png\\"><script type=\\"application/javascript\\">window.ENP = {\\"globalContent\\":{\\"_id\\":\\"ZVBLBLQO5NHFLGEGEBDK4HAPTI\\",\\"website\\":\\"el-pais\\",\\"alertEnabled\\":true,\\"lotteryButtonEnabled\\":false,\\"chatbotDisabled\\":true,\\"subscribeLinkByIP\\":\\"https://elpais.com/suscripciones/america/#/campaign\\",\\"subscribeLink\\":\\"https://elpais.com/suscripciones/#/campaign\\",\\"subscribePremiumLink\\":{\\"default\\":\\"https://elpais.com/suscripciones/premium/upgrade/\\",\\"CA\\":\\"https://elpais.com/suscripciones/digital/premium/upgrade/eucan/\\",\\"US\\":\\"https://elpais.com/suscripciones/digital/premium/upgrade/eucan/\\"},\\"usunLoginUrl\\":\\"https://services.users.elpais.com/serviceLogin.html\\",\\"baseUrlApiGateway\\":\\"https://wdnf3ec6zb.execute-api.eu-west-1.amazonaws.com/PRO/api/\\",\\"serviceProductUrl\\":\\"https://services.users.elpais.com/serviceProduct.html\\",\\"newsGoogleScript\\":\\"https://news.google.com/swg/js/v1/swg.js\\",\\"secretPasswordServiceProduct\\":\\"&_&que_es_mi_barco$_$\\",\\"favoritesURL\\":\\"https://static.elpais.com/dist/resources/js/334f83a783d9964bffcb2080a770b0c8/ENP-favorites.js\\",\\"apiOrigin\\":\\"https://publicapi.elpais.com\\",\\"publicApi\\":\\"https://publicapi.elpais.com\\",\\"entitlements\\":{\\"basic\\":[2895115629259653],\\"premium\\":[2810938707754442]},\\"omitAds\\":false,\\"isArticle\\":true,\\"isPageWithLiveBlog\\":false,\\"isPageWithLes\\":false,\\"isScoreboardLive\\":false,\\"hasSportLive\\":false,\\"source_system\\":\\"composer\\",\\"canonicalUrl\\":\\"/opinion/2026-02-24/desconectados-del-mundo.html\\",\\"alertsOption\\":{\\"enableAlert\\":true},\\"comments\\":{\\"display_comments\\":true},\\"sites\\":{\\"el-pais\\":{\\"socialLinks\\":{\\"facebook\\":\\"https://es-es.facebook.com/elpais/\\",\\"twitter\\":\\"https://twitter.com/el_pais\\",\\"youtube\\":\\"https://www.youtube.com/channel/UCnsvJeZO4RigQ898WdDNoBw\\",\\"wikipedia\\":\\"https://es.wiki'... 558738 more characters,
      level: 'DEBUG',
      test_run_uuid: '68529219-2f00-4bd6-9a24-a597a7326465'
    }
  ]
} to 28529:0
2026-02-24T21:20:01.805Z CLI info [testhub:request-queue-handler]  [vedantvankar_WD2nZN]  [srujyhua7le0kbwv6qz2yzcqpznuptkb92dxcer1]  [5be2e400-7dbb-417d-b612-44702b0f7e80]  Added the event {
  event_type: 'LogCreated',
  logs: [
    {
      testFrameworkName: 'pytest',
      testFrameworkVersion: '9.0.2',
      testFrameworkState: 'INIT_TEST',
      timestamp: '2026-02-24T21:19:56.191Z',
      uuid: '68529219-2f00-4bd6-9a24-a597a7326465',
      kind: 'TEST_LOG',
      message: 'Finished Request',
      level: 'DEBUG',
      test_run_uuid: '68529219-2f00-4bd6-9a24-a597a7326465'
    }
  ]
} to 28529:0
2026-02-24T21:20:01.805Z CLI info [testhub:request-queue-handler]  [vedantvankar_WD2nZN]  [srujyhua7le0kbwv6qz2yzcqpznuptkb92dxcer1]  [5be2e400-7dbb-417d-b612-44702b0f7e80]  Added the event {
  event_type: 'LogCreated',
  logs: [
    {
      testFrameworkName: 'pytest',
      testFrameworkVersion: '9.0.2',
      testFrameworkState: 'INIT_TEST',
      timestamp: '2026-02-24T21:19:56.276Z',
      uuid: '68529219-2f00-4bd6-9a24-a597a7326465',
      kind: 'TEST_LOG',
      message: 'Starting new HTTPS connection (1): imagenes.elpais.com:443',
      level: 'DEBUG',
      test_run_uuid: '68529219-2f00-4bd6-9a24-a597a7326465'
    }
  ]
} to 28529:0
2026-02-24T21:20:01.805Z CLI info [testhub:request-queue-handler]  [vedantvankar_WD2nZN]  [srujyhua7le0kbwv6qz2yzcqpznuptkb92dxcer1]  [5be2e400-7dbb-417d-b612-44702b0f7e80]  Added the event {
  event_type: 'LogCreated',
  logs: [
    {
      testFrameworkName: 'pytest',
      testFrameworkVersion: '9.0.2',
      testFrameworkState: 'INIT_TEST',
      timestamp: '2026-02-24T21:19:57.199Z',
      uuid: '68529219-2f00-4bd6-9a24-a597a7326465',
      kind: 'TEST_LOG',
      message: 'https://imagenes.elpais.com:443 "GET /resizer/v2/PIFW5CNFI5E6BMYOTFTQC5ZRCA.jpg?auth=c6474bcd191b4dcb7ef010e12f20ef5908b7554264b459f45f83cca5595fe517&width=1200 HTTP/1.1" 200 97265',
      level: 'DEBUG',
      test_run_uuid: '68529219-2f00-4bd6-9a24-a597a7326465'
    }
  ]
} to 28529:0
2026-02-24T21:20:01.805Z CLI info [testhub:request-queue-handler]  [vedantvankar_WD2nZN]  [srujyhua7le0kbwv6qz2yzcqpznuptkb92dxcer1]  [5be2e400-7dbb-417d-b612-44702b0f7e80]  Added the event {
  event_type: 'LogCreated',
  logs: [
    {
      testFrameworkName: 'pytest',
      testFrameworkVersion: '9.0.2',
      testFrameworkState: 'INIT_TEST',
      timestamp: '2026-02-24T21:19:57.270Z',
      uuid: '68529219-2f00-4bd6-9a24-a597a7326465',
      kind: 'TEST_LOG',
      message: 'Starting new HTTPS connection (1): rapid-translate-multi-traduction.p.rapidapi.com:443',
      level: 'DEBUG',
      test_run_uuid: '68529219-2f00-4bd6-9a24-a597a7326465'
    }
  ]
} to 28529:0
2026-02-24T21:20:01.805Z CLI info [testhub:request-queue-handler]  [vedantvankar_WD2nZN]  [srujyhua7le0kbwv6qz2yzcqpznuptkb92dxcer1]  [5be2e400-7dbb-417d-b612-44702b0f7e80]  Added the event {
  event_type: 'LogCreated',
  logs: [
    {
      testFrameworkName: 'pytest',
      testFrameworkVersion: '9.0.2',
      testFrameworkState: 'INIT_TEST',
      timestamp: '2026-02-24T21:19:58.645Z',
      uuid: '68529219-2f00-4bd6-9a24-a597a7326465',
      kind: 'TEST_LOG',
      message: 'https://rapid-translate-multi-traduction.p.rapidapi.com:443 "POST /t HTTP/1.1" 200 None',
      level: 'DEBUG',
      test_run_uuid: '68529219-2f00-4bd6-9a24-a597a7326465'
    }
  ]
} to 28529:0
2026-02-24T21:20:02.080Z CLI info  [vedantvankar_WD2nZN]  [srujyhua7le0kbwv6qz2yzcqpznuptkb92dxcer1]  [5be2e400-7dbb-417d-b612-44702b0f7e80]  [PRODUCTION] Making GET request to https://api.browserstack.com
2026-02-24T21:20:02.200Z CLI info  [vedantvankar_WD2nZN]  [srujyhua7le0kbwv6qz2yzcqpznuptkb92dxcer1]  [5be2e400-7dbb-417d-b612-44702b0f7e80]  [PRODUCTION] Making POST request to https://collector-observability.browserstack.com
2026-02-24T21:22:02.248Z CLI info  [vedantvankar_WD2nZN]  [srujyhua7le0kbwv6qz2yzcqpznuptkb92dxcer1]  [5be2e400-7dbb-417d-b612-44702b0f7e80]  [PRODUCTION] Making PUT request to https://collector-observability.browserstack.com
2026-02-24T21:22:03.978Z CLI info [testhub:module]  [vedantvankar_WD2nZN]  [srujyhua7le0kbwv6qz2yzcqpznuptkb92dxcer1]  [5be2e400-7dbb-417d-b612-44702b0f7e80]  stopBuild: srujyhua7le0kbwv6qz2yzcqpznuptkb92dxcer1 request={"finished_at":"2026-02-24T21:20:02.084Z","finished_metadata":[],"custom_metadata":null} response={"data":""}
2026-02-24T21:22:03.982Z CLI info  [vedantvankar_WD2nZN]  [srujyhua7le0kbwv6qz2yzcqpznuptkb92dxcer1]  [5be2e400-7dbb-417d-b612-44702b0f7e80]  [PRODUCTION] Making POST request to https://api.browserstack.com
2026-02-24T21:22:04.558Z CLI info [TEST REPORTING AND ANALYTICS:module]  [vedantvankar_WD2nZN]  [srujyhua7le0kbwv6qz2yzcqpznuptkb92dxcer1]  [5be2e400-7dbb-417d-b612-44702b0f7e80]  Visit https://automation.browserstack.com/builds/srujyhua7le0kbwv6qz2yzcqpznuptkb92dxcer1 to view build report, insights, and many more debugging information all at one place!
2026-02-24T21:22:04.587Z CLI info [main]  [vedantvankar_WD2nZN]  [srujyhua7le0kbwv6qz2yzcqpznuptkb92dxcer1]  [5be2e400-7dbb-417d-b612-44702b0f7e80]  Received graceful signal termination, performing cleanup
